content,score,at,thumbsUpCount
Michelle was a very friendly and personable person. Very polite!!,5,2024-12-18 17:06:09,0
"Never using uber again in Europe, thry charged me twice for trips I didn't take, it is not safe to add your credit card, be aware",1,2024-12-18 16:56:33,0
"It's been 8 months for now & this app is getting worse day by day. 1. When I click on ""call driver"" button, it display error page. WHY? 2. The driver himself is not able to callback due to app issues. 3. Everytime I open app, it asks for phone no. & things(despite of me already being logged in) 4. App hangs multiple times (despite being updated, cache clear, full sim range)",1,2024-12-18 16:44:08,0
Your location services are horrible please fix it,1,2024-12-18 16:40:30,0
Very laye and herd settings,2,2024-12-18 16:36:48,0
"Quote you one price and charge you another (higher) price, for trips booked in advance",1,2024-12-18 16:32:42,0
"Today one horrible experience I faced ...I booked one Uber go for one operation patient drop off...but after 20mins waiting driver named Tarun sarker forced me to cancel my ride...I requested him several times telling the condition of my operation patient...he tell rudely ""apni ja paren Amar korun ami jabona"" and forced me to cancel the trip.what type of nonsense behavior is this? I never expect such type of rude behavior from Uber drivers.",1,2024-12-18 16:32:05,0
Super rides with reasonable amount,5,2024-12-18 16:26:30,0
The safest way to travel.,5,2024-12-18 16:15:40,0
"Horrible, bunch of thieves. The fare you see when booking versus the fare you pay is completely different. The drivers make unrequested stops, drive slow, and extend the trip themselves, then the fare increases. I hate using Uber. They are very skelm. The drivers stop to top up on their fuel, and you are charged for the additional time he spent doing that. When I report it with evidence, I am told the trip is not eligible for a discount, and the fare is correct. Pissed off!!!!!",1,2024-12-18 16:09:54,0
User friendly. The most important thing is Uber doesn't mess up the map.,4,2024-12-18 15:52:12,0
Waiting time is too much,1,2024-12-18 15:47:26,0
Very good. Especially when no phone number in another country. Gmail also did fine.,5,2024-12-18 15:33:19,0
Amazing Facilities ✌🏻,4,2024-12-18 15:30:24,0
Good price Easy to use application,5,2024-12-18 15:26:32,0
Good app for riding!!,5,2024-12-18 15:16:41,0
Fix your gps it's glitching. And it's annoying.,3,2024-12-18 15:10:58,0
One of the most convenient user friendly logistics app hats off to the idea,5,2024-12-18 15:01:32,0
"Met with a potentially fatal accident due to Uber bike driver while I was a pillion on the very ride. The bike driver was likely drunk or on drugs. I have been on months of bed rest with post accident conditions lasting up until now ... entering year 2025 and still grappling with th post accident mental and physical trauma. And yes, not forgetting to mention, the bike driver ran from the spot after ramming the speeding vehicle and leaving me wounded and unconscious. This was in Punjab, India.",1,2024-12-18 15:00:30,0
Efficience and seamless,5,2024-12-18 14:56:02,0
Asking extra payment for each trips .,1,2024-12-18 14:42:03,0
Best app for all ride services,5,2024-12-18 14:33:48,0
first time journey by uber and experience well with the drive and the driver too well maintained.,5,2024-12-18 14:33:38,0
Cancellation is very tough,2,2024-12-18 14:32:13,0
Drivers asking extra money always,4,2024-12-18 14:26:43,0
Indeed great service and sky high trust. As we left cab we received a call that our one bag has left in his car. He returned it after 15 minutes of traffic. Thanks.,5,2024-12-18 14:25:51,0
Very Nice and easy to book and supportive,5,2024-12-18 14:24:51,0
"I booked uber auto, nice experience",5,2024-12-18 14:20:35,0
Rapido is the best app,5,2024-12-18 14:03:50,0
Rates are actually too high 😔 sometimes I feel like being a regular customer means nothing to Uber all they want is to change high price..,3,2024-12-18 13:56:04,0
"Quick pickup from the River Rock casino back to my girl's place in a very nice Tesla by a very good driver. I would reccommend Uber to anybody. Affordable, fast, friendly and legit less than half of what a taxi would cost.",5,2024-12-18 13:51:27,0
Shocking that it goes up so high in price! Should never be as expensive as it offers. Shocking,1,2024-12-18 13:41:42,0
"Does what it promises, but when you add card payment, uber gets shady. I get deducted a random amount during a random day. Sometimes, a huge amount is deducted and credited back to my card, but they always send a few cents short. Happened numerous times already (eg: charges 20.50 and returns 20.05)",2,2024-12-18 13:20:26,0
Quick & Easy No Delay,5,2024-12-18 13:16:44,0
Affordable price and fast pickup in my locality and polite conversation with passenger,5,2024-12-18 13:01:50,0
"I have booked ride of rupees 68 and he has taken different route and told 130 but on screen it was 87rupees and my grandparents were travelling and it has not happened one time now it has happened more then 10 times same problem,so I am requesting uber to fix this faster otherwise we have to take some action.",1,2024-12-18 13:01:34,0
Auto service is very bad,2,2024-12-18 12:52:43,0
It's was okay 👍 he arrived in time,5,2024-12-18 12:46:25,0
Auto Driver accepted my request. And not moving towards me. I have waited for auto around 20 minutes after than i have called auto driver and he said he will come to me but he never moved the vehicle at all towards me and then I canceled the booking. After then I booked bike and auto cancellation charges included in bike ride. I'm very disappointed by Uber and Uber Autorikshaw Drivers. Now I'm using private travels vehicles and I'm happy now.,1,2024-12-18 12:42:57,0
"100 cancellation before someone accepts, only to then cancel on you when they're like 2min away. This company became a joke, extremely unreliable. Also some serious creeps using this, it's becoming unsafe especially for female riders. And if you report it..guess what, someone copy and pastes the same response to you and there's no consequences. it's hard to report anything, and there's no way at all to contact a human. I hope they go bust. Use Didi it's better. They also buy 5 star reviews.",1,2024-12-18 12:35:44,0
I love that the fairs are so cheap and the drivers are nice,5,2024-12-18 12:34:40,0
The driver was on time. Very courteous and well behaved.,5,2024-12-18 12:29:37,0
"I would have given even lesser rating if there was an option. When I booked a cab on my last ride, the final amount shown was 70 percent more than what was initially shown and there is no way to contact the customer support to sort it out. Initially it has shown 300 and I had to pay 524. I hope u respond uber",1,2024-12-18 12:22:22,0
"Awesome app, rides come quick and drivers are very efficient and polite, and puts the customers safety 1st.",5,2024-12-18 12:19:19,0
Satisfied with the service 👍,5,2024-12-18 12:12:12,0
Most of the uber drivers in Guwahati are charging more than the prescribed rate shown by the app.,5,2024-12-18 12:07:35,0
"Hannah was great. She went above and beyond to assist my aunt from the hospital. I am in Rochester, Michigan, and needed help for her. Kudos Hannah!!!!",5,2024-12-18 12:05:23,0
Nice app fastest pickup..,5,2024-12-18 11:56:59,0
Far Better than rapido and indrive,5,2024-12-18 11:42:04,0
The driver was very skill full.,4,2024-12-18 11:30:44,0
It's very good & useful app,5,2024-12-18 11:22:05,0
Charges me $9.99 a month with nowhere to cancel.,1,2024-12-18 11:14:03,0
very good and I am very happy,5,2024-12-18 10:58:51,0
Lacks too many things,1,2024-12-18 10:58:26,0
"Very bad experience, driver charge extra money. I contact custumar care, he says that we can not do anything",1,2024-12-18 10:48:52,0
Nice app. Easy to book. But when a ride got canceled because Driver requested and trying again is picked by same Driver that can be avoided. Otherwise good,5,2024-12-18 10:46:57,0
Fast sarvice and comfortable,4,2024-12-18 10:40:13,0
"Wrost apps before booking it's showing a price but after you arrive at the site, the price automatically doubles showing.... Bloody idiot uber .. Rapido and Ola are superior to Uber.",1,2024-12-18 10:32:11,0
My Best experience with auto uber. Thank you so much for this trip,5,2024-12-18 10:21:15,0
"In Bhubaneswar,Odisha area, the call option doesn't work.It does not connect at all.",4,2024-12-18 10:04:50,0
worst app and drivers are cancelling the rides as they like and i am requesting the drivers to don't cancel the ride,1,2024-12-18 10:04:29,0
"Very clear and simple to use, it's the best",5,2024-12-18 09:53:36,0
Two words: [cheap] grocery delivery! Glad I checked Uber on a whim one day while I was in a Lyft and found it's really expanded what it is. Definitely not what it was 10 years ago. (An expensive ride request app.) They roll out offers all the time. My grocery pick up from my local store costs about $6 which is awesome when I need my items asap and can't get immediate delivery from store. I plan to try more of what they offer. A big help since losing my car,5,2024-12-18 09:41:11,0
Convenient and easy to assess.,5,2024-12-18 09:30:15,0
Good drive experience,5,2024-12-18 09:29:23,0
"Charged more than what was shown, no customer support for regular customers. Highly unprofessional.",1,2024-12-18 09:19:52,0
They charge for traffic jam but it's not our hand. I wouldn't recommend,1,2024-12-18 09:19:12,0
Very dependable. Kind of pricey but that comes with the inflation I guess. Big help for those that don't have a vehicle.,4,2024-12-18 08:53:02,0
Please do not provide any coupons to the customers as i have booked car now and amount money gets discounted and the worst experience i had first driver said i m coming wait for 5 mins and then he was gone unrechable i have to rush to the hospital its an emergency the only detail i had about that person is guddu..,1,2024-12-18 08:31:29,0
Great drivers I really appreciate that thanks,5,2024-12-18 08:27:45,0
Vare bad apo reid attendance right law and definition die right justy extra money,2,2024-12-18 08:09:56,0
My first experience is well and good,5,2024-12-18 08:07:10,0
Very good experience and travelling cast compared to other platforms. it's very low,5,2024-12-18 08:02:54,0
Good response and chief rate,5,2024-12-18 07:59:22,0
"Really wonderful service, driver went out of his was to help me. I had a crutch and a box of groceries and he went above and beyond to help me get in and out (I hadn't ordered an Assist ride). Great interesting conversation Thank you",5,2024-12-18 07:43:02,0
"Don't order in advance, you can't order for someone else, can't set an advanced pick up time , all that is poorly programmed. Want support? uber doesn't offer support for riders .",2,2024-12-18 07:42:14,0
"Wait times are a nonsense, incredibly frustrating",2,2024-12-18 07:08:38,0
"It's very disappointing that you have suddenly raised the price for the rides, How can middle class people can afford high payments daily. I hope this app mainly made for those people, I hope you would consider this and make changes 🙏",3,2024-12-18 06:36:54,0
"Can't get away from forced ads. I've turned off ad notifications and confirmed it's off but continue to get ads pushed to me. I can uninstall the app between uses, but what a pain.",3,2024-12-18 06:14:34,0
easiest and quickest way to get from Orlando Airport to Disneyworld,5,2024-12-18 06:13:27,0
Awful service...You guys should not give any access or an account to an Uber driver who doesn't wants to accept a ride if it's a low cost ride. If your service only works for for long rides and more money then it doesn't seem to have an exact purpose of your service... Work on it .. I have been noticing this same problem since few weeks. It's awful,1,2024-12-18 06:09:28,0
"In Domincan Republic the drivers are asking you for money and they don't care what the apps say, before they go they ask you where you go and how much the apps say and then they tell you that they will make the trips for more money, and if you acept and take the car they cancel the trips on the app like this almost all the money its for them, @uber you have to do something with this.",1,2024-12-18 06:03:45,0
Very efficient and fast service,5,2024-12-18 05:47:58,0
"Horrible little extortionate app that tries to rob you of everything that it can. Average wait time for getting cancelled on by drivers is about 15+mins. Total scam, drivers cancel on you continuously as the fees go up and up to extortionate amounts, went from £20 to £55 for no reason. Absolutely zero customer service, unreal that this poor level of service is permitted, total cash grab and mockery. For the worst service choose UBER. Disgusting",1,2024-12-18 05:41:18,0
"The worst app ever..they don't even deserve 1 star rating. Their drivers fooled people and take more than double amount as compared to the actual fare shown in the app and when we try to ask for help from customer service they just say ""Thank you for understanding and providing the feedback of the driver. We can't refund the amount as it was done outside the service "" ... ridiculous",1,2024-12-18 05:37:42,0
"I use Lyft because they partner with Hilton and United airlines, but Uber is virtually everywhere.",5,2024-12-18 05:33:43,0
Berry efficient ☆☆☆☆☆,5,2024-12-18 05:29:55,0
Excellent ride came within 2 minutes better than taxi fares,5,2024-12-18 05:28:51,0
Good service 👍 thanks 😊 🙏,5,2024-12-18 05:28:26,0
Its easy for trip and Osam ..its my first trip in uber.,5,2024-12-18 05:26:32,0
"Today I received a mail that if I am not used this app, my account will be deleted. Now it's your app so you can delete. But I faced some horrible incident , if I choose uber go option then it showed that ' finding driver '; some time your driver reject the drive. So what I can do? The other app also find helpful at that time. And lastly your price is so high than other app..",1,2024-12-18 05:09:42,0
The driver did fantastic !!,5,2024-12-18 05:08:33,0
"I don't like the cancelation fee to be honest. The fact I paid extra for priority pick up it said 6 minutes I waited 8,I know it's only 2 minutes but that's false advertising and no it wasn't the drivers fault yall just took extra change from me for nothing 😒. The price hikes are ridiculous some days which causes me to deny the service all together if I can't afford it but other then that it's a really nice app most people (drivers) are nice and personable most importantly reliable 💯",4,2024-12-18 05:07:51,0
I m using this app for long time. best app to Book a ride in easy way.,5,2024-12-18 05:07:07,0
Just the fact of the stress from driving is worth it. Every time I use Uber I have a wonderful experience. Thank you!,5,2024-12-18 05:06:00,0
"I thought that the service was wonderful, and I'm getting to where you need to be, you're pretty much on time. I would definitely recommend.",5,2024-12-18 05:04:11,0
Always awesome. Out of 60 rides had only one bad driver. The rest either awesome. Amazing or fine!!!,5,2024-12-18 04:23:01,0
"Nothing like that in this planet, Uber gives a family feeling with safety, securing comfort, Thank you Uber",5,2024-12-18 04:12:08,0
"I'm using this app for three years.it was good that time,now full of scam .",1,2024-12-18 04:11:04,0
Reliable am using uber for night shift and always feels safe,5,2024-12-18 03:26:38,0
"Uber used to be good, but now they are just ripping you off. Please don't do it. Update they just keep getting higher. They want me to pay 25 dollars for a 5 min ride",1,2024-12-18 03:17:15,2
That was the best uber ride I ever had. Such a nice guy!!,5,2024-12-18 03:16:43,0
Could always have more coupons... Still good easy to navigate much better addresses etc,5,2024-12-18 02:49:16,0
"App interface, menu, display, trip tracking is poor. Cab service is good and fare is not unacceptable in most cases except few instances.",3,2024-12-18 02:38:45,0
"He such nice driver ,full of jokes,makes u feel comfortable,I wont hesitate to book him again",5,2024-12-18 02:36:43,0
Andrew was my driver and he was absolutely great,5,2024-12-18 02:24:54,0
world top mahachor company and fraud company for high fare,1,2024-12-18 02:01:27,0
Easy Available for ride in mid night,5,2024-12-18 01:51:17,0
customer service isn't very helpful,1,2024-12-18 01:36:57,0
I've been charged an unauthorized charge from UBER .. and won't give me back my money been dealing with BOTS And no customer service phone number???,1,2024-12-18 01:27:08,0
Driver turned up promptly and was friendly and helpful,5,2024-12-18 01:18:20,0
Great driver just love him. Help me get this ride right,5,2024-12-18 01:16:29,0
Best .. App... For any ride,5,2024-12-18 01:13:29,0
"So if the drivers tend to switch off the App after getting into the Vehicle there by overcharging you.. But there are those who are genuine, steady on the road and also respectful",4,2024-12-18 01:12:42,0
"Very reliable app overall. Its customer service is not great: If you have a non typical issue, you have to request the same thing multiple times until they finally do it.",4,2024-12-18 01:08:58,0
Uber has great customer care .I had experienced an issue with the charges and the response was very fast and I had a great support experience.,5,2024-12-18 01:08:26,0
very long time waiting no vehicles available,1,2024-12-18 01:00:17,0
A website had deducted R50 from my account for no reason... I had not even used the app yet or requested any rides so far,2,2024-12-18 00:59:56,0
Should show details about the rider ratings.,1,2024-12-18 00:58:26,0
"My driver listened to my suggestions, and also got me to my destination on time",5,2024-12-18 00:56:56,0
"Tipped €5 cash as app sent us to weiner konzerthaus instead of AM konzerthaus. Gratefully obliged and good smoothe ride, thank you.",5,2024-12-18 00:55:47,0
The app is very useful. I find it very useful.,5,2024-12-18 00:43:43,0
"I had my first Uber ride today. Not only was the driver prompt and polite but very honest. I inadvertently left my cell phone on the back seat when I exited his vehicle. He returned my phone to me in a very reasonable amount of time and I truly appreciate his kindness and consideration. Needless to say, I tipped him accordingly.",5,2024-12-18 00:38:14,0
I'm very disappointed ☹️ Not Available at Manali (Himachal Pradesh),1,2024-12-18 00:35:36,0
App works however there are many problems with redeeming Uber eats promos,2,2024-12-18 00:14:43,0
"I have a very bad experience with Uber Eats ,i have an order cake for my boyfriend birthday , and i am just crying like hell. it's just having the best moment to celebrate his birthday for me ,but Uber eats haven't delivered, but it's showing delivered ,and these people haven't show any concern about what people order.they just cancel order and show its delivered.i have tried through mail ,but i am not received any help and uber help also not even responding, i am trying my heartbreaking😢 😕",1,2024-12-18 00:14:38,0
"16 drivers in a row cancel, then the one that shows up drives off as I'm walking up to the car. If you look at Reddit, all you see is Uber drivers congratulating each other for screwing over customers like this. Horrible, undependable service.",1,2024-12-18 00:10:24,0
Very good service. Quite easy to find cars. Just one thing price should be more less.,4,2024-12-18 00:05:45,0
Bad experience.....very difficult to use application,1,2024-12-17 23:52:57,0
"WHEN PAYING WITH A CARD, I GET CHARGED TWICE! ONCE WHEN ORDERING A RIDE, AND AGAIN FULL PRICE THE NEXT DAY WHEN THERE'S AN ADJUSTMENT. IF THE RIDE HAS AN ADJUSTMENT, WHY AM I GETTING CHARGED FULL PRICE INSTEAD OF JUST THE EXTRA CHARGES LIKE TOLL OR WAITING FEE? UBER WHEN PAYING WITH A CARD IS TERRIBLE. TOO MANY COMPLICATIONS. MOST DAYS I WAKE UP IN THE MORNING, BEING CHARGED AGAIN FOR A RIDE I ALREAFY PAID FOR YESTERDAY. WITH NO REFUNDS. IT IS ALSO IMPOSSIBLE TO SEND A NORMAL MESSAGE ON THE APP.",1,2024-12-17 23:47:40,0
"Night time after 6 no service, worest service in rajahmundry location",1,2024-12-17 23:36:48,0
Not friendly nor intuitive,3,2024-12-17 23:34:11,0
Nice personality and helpful,5,2024-12-17 23:34:09,0
Comfort ride for Office,5,2024-12-17 23:27:04,0
It's so easy to book drive,5,2024-12-17 23:23:18,0
"My Uber drivers, with few exceptions, are amazing people trying to make a living. My Uber experience, on the other hand, absolutely sucks. Been standard jg in the cold for 15 min now. One driver accepted my ride, held me for 11 min, and then simply cancelled. Twelve people have come and gone from the Uber stand, while I wait.",1,2024-12-17 23:16:42,0
Ricardo is great and his car is roomy and clean! Thank you!,5,2024-12-17 23:16:28,0
"I didn't get my food, but I was charged $29. I don't like uber anymore.",1,2024-12-17 23:02:51,0
it was great thank you,5,2024-12-17 22:56:42,0
No air conditioning in many cars Real problem,4,2024-12-17 22:55:08,0
Reliable and efficient ✅,5,2024-12-17 22:44:04,0
Will you ever send me a pickup that arrives on time? Will you ever send me a pickup on the first try?! Will you ever be reliable?!!!! Should I never ever trust you with pickups again?!!!!,1,2024-12-17 22:43:51,0
My Uber ride for the first experience was awesome.,5,2024-12-17 22:41:47,0
Not a single car or auto is available on time,1,2024-12-17 22:41:07,0
"Requesting for the ride was easy, and the driver arrived in a short time. I had a fantastic experience using Uber for the very first time.",5,2024-12-17 22:33:22,0
Really good the driver is always so kind,5,2024-12-17 22:15:37,0
Very good driver . Enjoyable ride considering road conditions,5,2024-12-17 22:14:30,0
"Worst experience, availed a moto paid by cash, but the app is asking the fair again, this happened twice",1,2024-12-17 22:05:10,0
When your passenger wait for minutes and then your driver cancel ride how much Uber pay to passenger?,1,2024-12-17 21:44:23,0
So far has been seamless use.,5,2024-12-17 21:43:39,0
Ok but price promotions are needed also,5,2024-12-17 21:37:54,0
My first time using Uber but the experience has been great. I will definitely be using it from now onwards.,5,2024-12-17 21:34:30,0
"During rush hours we couldn't find rides, and car in Kolkata are very bad, when I book for sedan car are very very bad, drivers are refusing to start AC.",3,2024-12-17 21:33:27,0
"Price manipulation (checked Uber prices at ~00:45: ~36 EUR; checked taxi prices on the Internet; returned to Uber at ~00:50: price raised to 73.24 EUR). Charges you for rides you don't take because driver cancelled or never showed up. Often stops updating. Unreliable waiting time (often increases instead of decreasing). Rides arrive and leave without you, forcing you to wait 1+ hour for another driver. Doesn't let you review drivers who never show up. Now charges extra to get the closest driver.",1,2024-12-17 21:31:52,1
"The driver was calm and not over speed, i really enjoy my ride",5,2024-12-17 21:28:50,0
never ever had any problems I promise and I been using Uber for 4 years mabey longer,5,2024-12-17 21:28:33,0
Exlent service thanks for Mr jainesh m suthar he is very good person...,5,2024-12-17 21:21:28,0
Excellent service and friendly drivers. The app is very efficient. Thank you Uber.,5,2024-12-17 21:20:15,0
"Like I don't understand why drivers will be cancelling rides,and Uber will automatically book it's an endless cycle",2,2024-12-17 21:02:14,0
Great company that has great drivers,5,2024-12-17 20:47:13,0
Excellent I love it alot it's a drop of at my doorstep,5,2024-12-17 20:38:54,0
This is a useful app.,5,2024-12-17 20:23:52,0
Uber is the best by prices,5,2024-12-17 20:22:56,0
Uber sucks I'll leave it at that,1,2024-12-17 20:19:26,0
"Multiple times this app will change my location for no reason whatsoever and refuse to let me update it to the correct location. The result ends up being aim out the money I spent on the order. If I'm trying to have food delivered to my home why does this app suddenly change its location, and if this is a known issue why would you not allow an address change within a time frame or at least do a full refund. I'm Uninstaller because every time I use this app it's a gamble",2,2024-12-17 20:18:24,0
Send confirmation through massage,5,2024-12-17 19:54:40,0
So easy and convenient,5,2024-12-17 19:47:37,0
Excellent experience with driver,5,2024-12-17 19:42:09,0
"I lost my phone in cab after my trip & it was switched off. I kept complaining from other person's app using uber,sent mails to customer support,tried calling representative but no one recieved the call. finally the cab driver kept my phn on charging & I got connected to him & he came to return my phone & charged me good amount for getting it back. I can't understand y can't uber got me connected to the driver if I know the cab's no.my ride details etc customer support is pathetic 😡",1,2024-12-17 19:41:53,0
It always changed price same location no fix price and not chat with customer option this app change price of cab like crypto currency trading app money go up and down same way this app change price there should be price in per kilometre ride but in this app price go up and down,1,2024-12-17 19:32:54,0
"In West bengal, this app is of no use, because nobody understands map or stoppage matter, and demands extra money! If not given, behaves rude!",2,2024-12-17 19:31:36,0
"Absolutely would not recommend and would go as far as to say theyre thieves, like 50$ gone according to my banks app for the 3 failed rides, but uber app says i wasnt charged",1,2024-12-17 19:30:49,0
Having to register to see rough estimate is an invasion of privacy,1,2024-12-17 19:25:19,0
Been using Uber for a long time now and I am mostly very happy with service and support 👍🏻,5,2024-12-17 19:23:29,0
"Many time ride is not coming, showing coming in 80- 90 min after the scheduled time. It actually means, it will never come. There is no call centre to handle the call. Driver never pick call at this situation. Why uber confirm booking,if there is no such ride. It happens with me 4 time in 40 days. No any option to write correct reason. Just have to cancel the ride after waiting 1 hour.",1,2024-12-17 19:17:16,0
Sometimes I Have A Few Issues But It's Dependable For The Most Part,4,2024-12-17 19:11:46,0
Affordable however need to wait for the ride too much,5,2024-12-17 19:10:36,0
"Unfair demand of full rental amount as cancellation charges even thou it is due to car mechanical issue. I booked Uber rentals in Jaipur, Rs851/ was shown as rental. After vehicle arrived, I observed name plate no. difference and it is white board. As I was in hurry I boarded. Immediately the vehicle started making loud sounds when asked him why, he searched for mechanic, but didn't get one. Then he started scoldingme & told if you don't want to travel cancel ride and Get out. GOODBYE Uber",1,2024-12-17 19:09:55,0
Is so good but one day no driver came for pick up,5,2024-12-17 19:09:49,0
It's just a trash app having an overall 2 drivers I don't even no why is this app is still available in Romania. Just wasting your time with searching for a inexistent driver that will never accept the request because there isn't any.,1,2024-12-17 19:08:26,0
Service has been on point . Can't really complain.,5,2024-12-17 19:03:53,0
"All the rides don't deserve a five star rating, anything less than five stars, you can't give an rating. Only options are what y'all give to command five star ratings.",4,2024-12-17 19:01:05,0
1 star minus because not accurate price show in system. Value in decimal always round above then whats the point giving offer in decimal?,4,2024-12-17 18:54:12,0
"I Love Uber Ride, It's safe 100%",5,2024-12-17 18:50:06,0
Just got in a 5 car accident on the highway with my family on our way to the airport. We had to pull the the break down lane. Called Uber and I was told I was going to get reimbursed the ride to the airport. She said to order another Uber and see if I can get picked up on the breakdown lane in a highway. That was the best they could do she said.,1,2024-12-17 18:43:36,0
I had book a trip on uber which shows me charges of 65 rupees but after my destination arrived auto driver charge 98 rupees from me. Due to this mistake uber is not app which I had expected,1,2024-12-17 18:41:56,0
Best way to getaround town with less fuss than friends and family lol,5,2024-12-17 18:38:36,0
"Always sends me drivers 20-25 minutes away. I'll order an Uber at 6 30 and get to my job that's 15 minutes away after 7, usually 20 minutes late. I think this is to get you to pay more and order uber priority. Recently switched to lyft. Always quicker pick up times.",1,2024-12-17 18:36:26,0
Hello Uber is ride price some joke to you while i am booking it's showing one price and once ride completed in driver Uber app it's showing more price again I need to initiate a refund request from your app which is not correct way and how the app should work please fix it or else I will uninstall your app.,1,2024-12-17 18:33:41,0
"Uber sucks nowadays. Wrong map, wrong routes, overcharge, wait time always longer than estimate. I wonder why people still use this app. I will change to other taxi apps.",1,2024-12-17 18:22:54,0
Not helpful customer service at all.,1,2024-12-17 18:20:49,0
This app so stupid waste app they don't they cancelled themselves 😡,1,2024-12-17 18:17:58,0
first the experience was very nice and prices were budget friendly but suddenly the price of the cabs specially the auto prices skyrocketed the auto cab which we used to book for ₹110 to ₹125 now for the same distance its charging ₹170 to ₹220. Huge disappointment. Very very rarely going to use uber in near future.,3,2024-12-17 18:14:56,0
Worst app. I was having 400 rs coupon but they were still showing the non coupon price. I alived the metro where I was having a seat. But because of there coupon i leaved metro and tried to book metro but then that denied to accept coupon and no response from uber team. The biggest problem was that I was having a trolley and a soldier bag with me and I wasted my 1 hour at out of sukhdev vihar metro station at 11:00 pm night. And we all know that how much delhi is unsafe at night.,1,2024-12-17 18:10:09,0
"The Uber app is an excellent app and transportation service. As a loyal customer of 6 years and a daily user of the service, I can say it is top notch and improving with each update. I would 100% recommend the app to anyone.",5,2024-12-17 17:59:16,0
"I booked a cab and cancelled after waiting was high. After cancellation one driver phoned after an hour time and I replied I have cancelled ride long back. Inspire, now Iam unable to book any auto because Iam asked to pay 83 rupees to the driver which is not acceptable to me because of no fault from my side.",1,2024-12-17 17:56:31,0
"Not working, i cant get any loggin otp",1,2024-12-17 17:52:20,0
"Booked a ride for 20km for the price of 358 rupees with payment mode Amazon pay, driver picked up and after 500 meters he asked is the payment mode is cash or online, he like to accept only cash, he cancelled trip from his side, UBER charged 145 rupees to me? For driver or uber platform issue - customer need to pay their hard earned money???",1,2024-12-17 17:49:39,0
Good application and the driver's drive carefully and the cars very good,5,2024-12-17 17:41:26,0
Some times it take more time to get the cab.,4,2024-12-17 17:32:15,0
Guys.... I'm unable to login to my account because I lost my passkey. No reply from your support Centre,1,2024-12-17 17:25:32,0
Pathetic app and service. Drivers not completing ride after reaching destination and charging more . Also if driver cancel ride you need to pay. No good option in app to reach customer care,1,2024-12-17 17:06:05,0
Nice and comfortable to use,5,2024-12-17 16:53:44,0
"Inflated pricing and taxis in HK frequently cancels orders, seemingly without penalty.",1,2024-12-17 16:53:42,0
Good company and good driver,5,2024-12-17 16:43:35,0
The uber drive are always there so fast,5,2024-12-17 16:40:24,0
Sometimes the price just sky rockets,4,2024-12-17 16:32:29,0
"Racist app? I think it assumes my preferred language and nationality based on my browser settings and not allowing me to change them. Especially I cannot change receipt's language, and it is affecting my business tremendously.",1,2024-12-17 16:27:14,0
Uber always shows me +100 rs price more as compare to other user. I am just tired of these app. I do have screenshot as well incase you guys don't belive. This is pure extortion of money who is long time customer of uber .,1,2024-12-17 16:21:02,0
worst app. scam. fraud,1,2024-12-17 16:20:33,0
Driver very friendly best taxi journey I've had in a long time 1st time I've used Uber will carry on using,5,2024-12-17 16:16:47,0
Great application for youngsters for travelling around the desired places especially,5,2024-12-17 16:12:04,0
Easy rides to the desired location with price,5,2024-12-17 16:09:24,0
Really driver is too nice and I reached too early. I like driver drive......,5,2024-12-17 15:54:39,0
"Beautiful experience in using Uber so far. I pray they continue to progress. Their drivers are well mannered, courteous and helpful.",5,2024-12-17 15:52:15,0
Very good driver correct time low price 🙏🙏,5,2024-12-17 15:38:14,0
Seems to work better now. However placed an order for breakfast. An hour overdue now. What a useless service 😒 starving to death. Oh and they have the check to want me to pay to cancel – I need to go out. Ridiculous.,1,2024-12-17 15:27:15,8
"Prices are so high, literally not worth paying 80% of price in fees. Id rather risk a DUI. Hope they go under.",1,2024-12-17 15:16:53,0
Incredibly convenient and easy to use. Let me know who my driver was and exactly he was arriving. Very good experience.,5,2024-12-17 15:07:55,0
Driver not happy to use the uber,1,2024-12-17 15:01:09,0
"The Uber charge me for 5 AED for ITC Fee. I request for ride and it shows 19 -21 AED, but Uber show I need to pay 30AED the driver. Too much, will not use uber again",1,2024-12-17 14:59:39,0
Why charge me for unfulfilled order.,2,2024-12-17 14:35:03,0
Nice and safe for journey,5,2024-12-17 14:26:04,0
It shows unexpected error occured while booking uber. And they don't show any remediation for this in website also,1,2024-12-17 14:18:34,0
"Seamless ride. Thank you, Uber",5,2024-12-17 14:07:46,0
payment method too complicated,1,2024-12-17 13:57:03,0
Quite happy with your service,5,2024-12-17 13:44:44,0
Uber's customer service is extremely poor. I've submitted several complaints about drivers misbehaving and have never received a single resolution. Not worth it given so many great alternatives are available.,1,2024-12-17 13:41:30,0
"Uber used to be reliable and reasonably priced. unfortunately this has changed, not the apps fault, but the drivers. trying to get anywhere now is a pain, had 4 drivers cancel on me after accepting the ride. one cancelling when they were just at the pick up point. seems the drivers accept and cancel to push up prices as each time I tried to get a new taxi the price had gone up. 3 times the price before I had to use a city taxi costing less!",1,2024-12-17 13:41:00,0
Scammers yesterday I was in cradock but got notified that I made a purchase in JHB of R500 so my advice to you all is to remove your banking details on their Uber app they stealing and scamming their customers,1,2024-12-17 13:40:59,0
Very bad app.. Very expensive paying,1,2024-12-17 13:17:30,0
Nice...Needs more offers.,5,2024-12-17 12:52:16,0
Always satisfied with drivers and service,5,2024-12-17 12:33:26,0
I absolutely love Uber very convenient not to mention the Uber one promo they have is amazing!!! Lots of perks and discounts and the extra Uber cash they give you is very very convenient!!!,5,2024-12-17 12:31:36,0
good cost vise good middle class people use very low cost,5,2024-12-17 12:14:04,0
It is good. Everything is transparent and you can track where you are going. You get the updates through mail and message.,5,2024-12-17 11:52:00,0
This app is not working properly and the drive is not working properly,1,2024-12-17 11:49:19,0
"Today my friend praveen kumar did his 1st time trip in uber but they shows 50% offer but not reflected in uber auto drivers fare he asked the fare withount discount only because in his auto shows 82 ruppes show in the spare, but in my friend mobile its shows 41, what a big problem this issue also cant able to sort out by uber techinicial team ?",1,2024-12-17 11:48:29,1
Showing first time 50% offer but driver asked full amount 82 rupees showing in auto fare without discount uber fails to sort out this issue. Today I faced this bad experience.,1,2024-12-17 11:24:20,0
Nice but some driver speak very much,5,2024-12-17 11:22:27,0
I ordered food tonight and my delivery person decided that they were going to deliver it to the wrong location take a picture at the wrong location and then take the food with them and instead of receiving at least a refund for my order I was told that my order was ineligible for refund because there was a picture attached to the order,1,2024-12-17 11:15:37,0
Good experience ride with Uber,4,2024-12-17 10:41:13,0
Driver great. Very polite first time have taken Uber highly recommend.,5,2024-12-17 10:40:33,0
"It's my first time to join uber taxi uganda . It was a nice journey, and the driver was respectfully and so organising person",5,2024-12-17 10:36:10,0
Intuitive and Seamless,5,2024-12-17 10:31:26,0
Osm app good service thanks,5,2024-12-17 10:27:58,0
I love that I can schedule a ridefor later! Always early too! Thanks Uber!,5,2024-12-17 10:13:43,0
"UBER BD ATTENTION!!! Hello, we customers don’t get enough safety while using uber. Drivers (specially bike driver)doing everything whatever they want... Plssss do something. I got 51 bdt fine ticket without doinf anything.....",1,2024-12-17 10:02:42,0
Awesome service better than Co op taxi guarantee on time and pickup,5,2024-12-17 09:51:50,0
Amazing experience. It's better in countries were Uber is legal. Those countries that consider Uber illegal must assess why people keep using it while being consider illegal (the local taxi services probably are bad).,5,2024-12-17 09:47:02,0
Just excellent the drivers attitude and cleanliness of the vehicle 3351 from behala 14no to Wipro more is really a classic service they give,5,2024-12-17 09:24:00,0
Awesome! Always a good experience!,5,2024-12-17 09:16:05,0
Takes tooo damn long to get a ride on this,2,2024-12-17 08:53:08,0
Unable to connect to the drivers since months so can't use it anymore,1,2024-12-17 08:52:35,0
Pathetic service now.,1,2024-12-17 08:49:58,0
"The app itself is fine. But I think it's high time to kick the non compliant drivers out, especially in Bangalore. This would reduce the traffic and make the service better. The streets are filled with cabs who choose which place they want to go to and not where the customers want. Why do we need uber for this? We had ricks in the past and they also did the same thing. Same Problem, only worse now.",3,2024-12-17 08:49:44,0
"Just found out from the driver that out of $13 fare they only pay the driver $6, no wonder he was mad and driving like a mad man. Uber you need to treat your drivers A LOT better so they can treat us better. Don't tip either uber steals the driver's tips by reducing the tipped amount from their next fare.",1,2024-12-17 08:39:09,4
Good driving Tamily reached,5,2024-12-17 08:34:20,0
"Driver time is misleading. Uber eats took 4 h to deliver an order. Also, there is no help chat.",1,2024-12-17 08:31:34,0
First time user! It is fantastic: The App and our driver.,5,2024-12-17 07:48:49,0
Great journey with uber,5,2024-12-17 07:23:18,0
"Extremely quick, nice drivers. Very convenient as my vehicle is out of service.",5,2024-12-17 07:21:53,0
"The most untrusted apps are now a days rude booking apps. Accepting the rides, drivers don't respond, even don't move from their location for long periods, then cancels the rides.",1,2024-12-17 07:21:06,0
Best app with affordable prices,5,2024-12-17 07:08:16,0
Professional good ride,5,2024-12-17 06:53:12,0
Awesome experience and better service for cab driver,5,2024-12-17 06:51:15,0
Cant use at home but still works on other countries. It is nicer to use.,5,2024-12-17 06:49:53,0
Excellent service and faster.,5,2024-12-17 06:44:30,0
I got an uber to the grocery store in the early evening. The store is 2 miles away. Traffic was light and i was by the road waiting for the driver when he pulled up. When i ordered the ride the app quoted the fee at $6 and some change. I use uber often on quick little trips such as this and that was the common price. I paid with an uber gift card and went about my shopping when i arrived i noticed they had charged me $15!! I had no choice but to order uber home. The trip home was $6. What gives,1,2024-12-17 06:44:23,1
it's great for emergency,5,2024-12-17 06:36:33,0
"The drivers are mostly profeasional.However, I have gorten the occasional crazy driver. Who will steal from you by cancelling the ride or charging you for rides u did not take.",1,2024-12-17 06:26:57,0
"I keep getting connected to drivers who arrive at the correct pickup spot, but wrong SIDE of the pickup spot . I try messaging & calling them to explain my exact location, but they don't understand due to language barriers. Then they cancel. One example: Middle of the night in the RAIN, I had THREE drivers in a row cancel after they arrived. It should not have taken me almost an hour to travel FIVE minutes away. Uber is trash, I'm uninstalling & sticking with Lyft from now on.",1,2024-12-17 06:09:52,3
Very pleasant and prompt. Kept me up to date on pickup time. Made the experience enjoyable.,5,2024-12-17 06:05:33,0
Can't find the app to install for my AMEX Business Prime card. Frustrating!,4,2024-12-17 05:55:51,0
Andrea was FANTASTIC!!!,5,2024-12-17 05:38:22,0
horrible service especially ripping off the poor drivers.,1,2024-12-17 05:35:14,0
One of the best time transport!,5,2024-12-17 05:22:21,0
Rates are different from ios,4,2024-12-17 05:07:14,0
Pay your drivers more and stop ripping your customers off!!!,1,2024-12-17 04:53:27,0
Very nice fare and driver super,5,2024-12-17 04:17:37,0
The driver is amazing,5,2024-12-17 04:16:24,0
Wastes ur time showing 'finding driver' and fails finally. Very irritating and time wasting,2,2024-12-17 04:15:36,0
"Edit: Still 1 star, would give 0 if I could, same issues persist. Drivers make you wait, arrive to the pickup point and then cancel, even when you message them where you're headed to the moment they take the trip. Uber One is actually a waste, as it makes drivers cancel more often. Terrible customer service by the way.",1,2024-12-17 04:03:08,73
The app does not work well I tried to add a 2$ tip it didn't go through so I added to again and now it's a 4$ tip .. I'll leave it be so the driver gets it but I'm not happy.,1,2024-12-17 04:00:27,0
There are bugs on the Uber app and there is absolutely no way yo report them! Trying to provide feesldvack on driver that refuses the right address and the app just blows up saying there is no content to display. There is no way to report bugs in the app. Guess they don't really care to improve anything.,1,2024-12-17 03:36:38,0
Ronnie was excellent. Such a sincerely nice guy!!,5,2024-12-17 03:23:27,0
"Great app, works as it should.",5,2024-12-17 03:11:56,0
A very good service app. There isn't a perfect app so you take the good and the bad.,4,2024-12-17 03:10:50,0
"Worst service. , i booked car for an emergency but car not mooved from current place from 20 min. , i called him but didnt pick my call & it happen for twice time for same ride & i am facing this issue every time . driver called you & ask where you want to go then after he cancle or he request for cancle this ride. Drivers are completly shameless. Poor service . I request to uber please close this app",1,2024-12-17 03:08:50,0
"Prices continue to climb and are extremely High for no reason. Very disappointed. No customer service to directly rate/complaint/ or talk to anyone about pricing. Uber as a company, terrible. The Drivers are great. Poor company management.",1,2024-12-17 03:03:47,0
"If I could give negative rating, I would rather give it. If the driver takes ride from wrong path, and then uber inflates the rates, and there are no refunds for the same. I would rather switch to Ola",1,2024-12-17 03:01:43,0
"It works, magic, love it.",5,2024-12-17 02:55:46,0
Very convenient when you done have a car.,5,2024-12-17 02:52:34,0
Love this Uber app. Easy to use.,5,2024-12-17 02:51:07,0
Always in time and good driver's customer service and care.,5,2024-12-17 02:50:26,0
Drivers should not accept a ride if the rider is 20+ minutes away!! I don't want to wait that long when my ride is only a 7 minute trip.,1,2024-12-17 02:48:11,0
I will never use Uber again,1,2024-12-17 02:36:44,0
"Very unreliable when you have to go to work because drivers constantly cancel on you, I've had 3 drivers cancel my ride when I had to be to work and it resulted in me being extremely late.",1,2024-12-17 02:27:08,0
Wao him so much to you and all your member,5,2024-12-17 02:23:03,0
Very Bad Servises in Driver's,1,2024-12-17 02:06:40,0
So dependable. Always on time and courteous drivers. Decent prices with extremely clean and comfortable vehicles.,5,2024-12-17 01:56:13,0
All cars have been clean. And drivers have been pleasant,5,2024-12-17 01:55:19,0
"Don't bother reserving a ride ahead of time unless you like sitting around waiting for 90+ minutes with no explanation and then a threat of a cancellation fee when you give up and make other arrangements, with virtually no chance at contacting their customer service.",1,2024-12-17 01:36:22,0
"It is a good service, but the app needs some updates. It never shows real time, infact sometimes it doesn't even run time. It doesn't show that the driver is vacant or has a customer. More you will open the app It will increase more charges.😔",4,2024-12-17 01:28:35,0
NO ME DEVUELVE LA PLATA DE LAS CANCELACIÓNES,1,2024-12-17 01:20:41,0
Use Lyft or another app of you can.,1,2024-12-17 01:07:51,0
Time management and good nature,5,2024-12-17 01:02:38,0
"UBER BLOWS LYFT OUT THE WATER! A lyft ride that was costing me $23 cost me ONLY $14.65 on Uber. Uber is cheaper and smoother, and overall BETTER. LOVE IT",5,2024-12-17 00:57:22,0
Very good and low rate,5,2024-12-17 00:54:18,0
"The driver didn't arrive at pick up , didnot pick up call and cancelled the ride . And now I have been asked to pay for the rider. What type of behaviour is this ??",1,2024-12-17 00:36:03,0
It's always good to know someone is out to give you a ride for the lowest cost.,5,2024-12-17 00:33:51,0
Arrived very fast compared to some other competitors in the market,5,2024-12-17 00:29:22,0
Convenient and affordable,5,2024-12-17 00:26:18,0
My driver James was fantastic. I have a leg injury & he let me sit up front for easier vehicle access. He's was great!! And a safe driver,5,2024-12-17 00:11:06,0
I don't know what happen with the uber tonight first they drop me in a wrong location after returning the driver ask more money than uber show me after contacting customer helpline he shouted at me and leave lastly when I book another uber driver came and ask me the location and how much money show in my uber after seeing the amount he said compare to the location the amount is less if you gonna pay me more money I will come or else cancel he said he left me and cancel himself and uber charge me,2,2024-12-17 00:08:11,0
Nice ride with but I need some offer or coupon fare is lit expensive,4,2024-12-16 23:50:45,0
"The teen account is useless. Neither I nor my parents could turn it off. Above all of that, it keeps telling me that teen trips are not available in your current location. If there were 0 stars, surely I would have chosen it",1,2024-12-16 23:46:54,0
"driver took cash in place of digital payment, drivers cheating customers, uber is a careless company not replay ng my chat.",1,2024-12-16 23:44:38,0
Comfortable and offers the best ride in the shortest possible time,4,2024-12-16 23:41:32,0
Pathetic.....App doesn't accept credit cards! Need to fix your apps!!!!!,1,2024-12-16 23:37:33,0
"This company thrives on ripping off customers, I cancel rides instantly and still get charged as well as being more expensive than local cab services",1,2024-12-16 23:30:07,0
Unfair Business Practices By UBER,1,2024-12-16 23:29:35,0
"I had Uber cash to use but the app wouldn't let me book/reserve. Their support ghosted me for 5 days. Was able to use half the Uber cash later in my trip and now my balance is zero. So Uber not only doesn't care that their service isn't working properly, they took my funds away. I'll never use this service again. Corporate thieves.",1,2024-12-16 23:27:15,1
"The best ride in my life !!!! The driver is an amazing professional and very helpful guy , the car is just fantastic 👏 . Unforgettable experience . Thank you",5,2024-12-16 23:20:06,0
I checked two three time that the price is increased when I check the ride and closing app for few time and again price of ride getting 10-15 rupees more .,1,2024-12-16 23:17:31,0
"I'll start off by saying I have used them for about three weeks and every time I go 5 miles into town it is 22$ to $30. I got on Lyft today and both rides I needed today were $10-13 cheaper. Also you should know that Uber has taken down their customer support phone number, so you will have to deal with a live chat and that's hit or miss ( mostly misses). Hopefully that will help you decide if this app is suitable for you.",1,2024-12-16 23:15:54,0
"Prices have become absolutely ridiculous. Charging almost 50 bucks for a 15 minute ride when it's not even snowing or raining? Beyond robbery, i only use when there's some type of deal now.",2,2024-12-16 23:09:02,0
Over monetised taxi app and food delivery app with alot of fees.,3,2024-12-16 23:05:38,0
it's always quick waiting for a ride sometimes it can be more expensive than Lyft not much to say about the app to be honest since the drivers do all the work . I guess the only thing you can rate Uber for is how quickly they match you with a driver the rest is on the drivers service but overall I like it.,5,2024-12-16 22:59:51,0
"Absolutely tired of ghost charges, they take every opportunity to charge your card without you knowing it, it has happened multiple times and it's just not worth it with the current fares",1,2024-12-16 22:54:03,0
Drivers often cancel rides after accepting them. I was stranded at Howrah Station for 45 minutes for this reason. I will not use Uber again.,1,2024-12-16 22:46:06,0
"I have a complaint regarding an incident, you kept closing the complaint yet you havent solve anything yet, reply on my uber thread, dont close the case",1,2024-12-16 22:37:17,0
Good day question how can goods be pick up from a company and deliver to a shipping company where I.D. is required to enter to give the package to the receiving company.please advise.,5,2024-12-16 22:35:20,0
Horrendous business model They price gouge you constantly They cancel your trip many times and ask you to pay more to not have your trips cancelled before a driver comes pick you up Completely horrible greedy behaviour,1,2024-12-16 22:33:15,0
app shows blank screen when i open it. so annoying and damn near unusable. i can use other booking apps except this one. some uber one perk i guess.,1,2024-12-16 22:32:42,0
This ener man as soon as I got in his car at my house on the last ride I said did the payment go through and he said yes so I locked my card I've had hackers trying to use my Uber and Lyft my bank cards I can't get in my credit karma I have no emails now . So the line was a tiny bit long not much and I get home check my Uber and was a charge for wainting which I new nothing off I just wanted to make my sure I locked my card and he said nothing about another ride home cost at all and when I Uber,1,2024-12-16 22:30:39,0
im tired at this point and it would take me forever to describe every single terrible experience ive had. most cars smell like cigs and most dont like cracking the window open if suffocating,1,2024-12-16 22:29:06,0
"Terribly disappointing to use the app. The fee upon request versus the fee at the end of the trip is so escalated. Further more, if you have the card option payment is taken long before the trip starts or you're even picked up. I will always choose other apps over Uber, extremely unfair on how they choose to treat loyal customers!",1,2024-12-16 22:28:20,10
Good continue like this,5,2024-12-16 22:24:59,0
"Fast, pleasant, outstanding service.",5,2024-12-16 22:09:43,0
Just use Lyft. uber is consistently 25-40% more for rides,2,2024-12-16 22:08:18,0
"Well.... It's like this... I'm a handicap person with a mobility scooter. When trying to choose a ride, when one that could/ or would accommodate the scooter just ain't happening. Other than that it's okay with me.",5,2024-12-16 21:51:55,0
Interesting service. Thanks,4,2024-12-16 21:51:54,0
They not refund my money. The driver bike is breakdown n he cancelled so I charged,1,2024-12-16 21:45:20,0
"Great App, very user friendly interface and very easy navigation menus. Also I love the concept of matching rider rating with driver rating which is absent in other Cab hailing Apps. Kudos to the maker of the app for creating such a terrific app. Really love it.",5,2024-12-16 21:43:03,1
First time with user. Very quick service,5,2024-12-16 21:38:32,0
Customer support doesn't work. They ignore any attempt of make claim.,2,2024-12-16 21:35:47,0
Convenient and Cheaper alternative,5,2024-12-16 21:34:49,0
Very good. Help me riding in different places.,5,2024-12-16 21:31:32,0
Absolutely brilliant couldn't fault them,5,2024-12-16 21:31:00,0
Great knowing which driver and car are coming and the price is decent,5,2024-12-16 21:28:31,0
Easy to use and keeps you informed on the status of your ride.,5,2024-12-16 21:22:05,0
Pay Uber to go around labor laws to get you a ride.,1,2024-12-16 21:22:00,0
Scooter ride nice journey.,5,2024-12-16 21:20:03,0
"Very good, always on time and with no hidden costs. Plus you be getting them discounts left, right and center ❤️😍😍",5,2024-12-16 21:11:04,0
There is no button to reverse the route. Should focus more on location accuracy.,3,2024-12-16 21:06:03,0
It's decent but lately rides takes too long and rides are getting more expensive even with the promos available..sort that issue out and you can expect a 5 star rating.,3,2024-12-16 21:05:56,0
"I booked a ride at ₹363. The driver took some different route than the one showing in the the app. When I reached my destination, the fare was ₹477. While we were unloading the luggage (which took 1 min), the fare raised to ₹482 and kept on increasing. Why are we getting charged when the driver took the wrong route or even when the cab was idle at the destination. The driver was also very rude. He was not accepting that he took the wrong route and was blaming us.",1,2024-12-16 20:56:05,70
I am lost my item i want find driver connect no but he is not provide connect no,1,2024-12-16 20:55:20,0
very comfortable&safe,5,2024-12-16 20:43:24,0
At first uber was the best app to use for traveling but nowadays rider charge more money from the real charge. Rider behaviour towards traveller is very bad.,1,2024-12-16 20:38:59,0
"Every time I get a list of cars to choose from with some soecufic puckup time (eg 3 minutes). Every time after selecting the car I get different car with a completely different time. No explanation, nothing. Sometime the pickup time significantly changes several times. That sucks. Getting a local Taxi is way more reliable.",2,2024-12-16 20:33:47,2
It keeps on showing u the error message if you have the free ride. The worst experience ever.,5,2024-12-16 20:16:48,0
I only have two problem with Uber and that's is how far away the drivers are and the route they take because that I'm always late to work.,2,2024-12-16 20:14:28,0
"I don't have to use Uber that often but when I have it's been hassle free, easy to use with no issues. Driver are nice. Some are more talkative than others but that's fine with me. Sometimes I have to take my dog with me and the drivers are cool with it as long as you order a ride that says it's for pets, or you send message to driver ahead of time to allow them to choose the ride or not. I bring a blanket so he doesn't mess up their seats. so far it's not been issue.Uber is cheaper than lyft.",5,2024-12-16 20:14:22,0
Rate is high but rides are ok,4,2024-12-16 20:08:54,0
Navigation is worst..,1,2024-12-16 20:04:20,0
"Wait times are too long, and drivers drop you unexpectedly. They give you a shorter wait time and then deceptively give you a longer wait time.",2,2024-12-16 20:02:05,0
"worst experience with uber, very slow app Cab driver are fraud",1,2024-12-16 20:00:07,0
"Evertime if someone is booking please tell them that, if there are late than expected time of arrival to destination then cab fair rates will increase.",3,2024-12-16 19:51:24,0
worst app ever I am waiting approax half an hour but no rickshaw i got really a worst app 😠😡😠😡,1,2024-12-16 19:47:56,0
The best cab aggregator in India. No doubt. I have always had a great experience with Uber compared to other services. Yes there are annoying drivers and random cancellations which is out of Uber's capability but the service is top notch.,5,2024-12-16 19:30:08,0
Nice service And easy to book a ride Thank you Uber,5,2024-12-16 19:29:04,0
Very helpful and thanks so much,4,2024-12-16 19:23:15,0
It is a good service. The app is also pretty good thought it is not always super intuitive when using it. I will still give it props tho. Keep up the good work!,4,2024-12-16 19:19:57,0
Pathetic app not reliable at all. It does not get you the ride when you need the most. On all prime locations it doesnt work. Worst experience.,1,2024-12-16 18:47:40,0
This is the best app......... It's a idiom,5,2024-12-16 18:41:14,0
"Driver booking time is more, little bit take a short time",4,2024-12-16 18:35:27,0
The company does not pay their drivers well enough to live. Avoid this company at all costs. Their support for customers and drivers is absolutely horrendous. Worst company around.,1,2024-12-16 18:33:10,0
"Gives immediate and fast service, especially in case of emergency",5,2024-12-16 18:29:41,0
Don't leave home without it!,5,2024-12-16 18:29:01,0
"Disabled account with no explanation. Cannot log in since 10 June with no replies to my emails or help requests. Missed a call on the 10th of June because I was in class and tried to follow up with no reply since then. No customer service line I can access - only the one in-app according to the voicemail. Disappointed and this is the last resort for me to get help. Otherwise, I unfortunately have to look for alternatives.",1,2024-12-16 18:28:21,0
"Worstu app... I completed my ride 5 hours back, still the ride is showing active.... Tried contacting the driver and customer service.. All went vain... Uninstalling the app",1,2024-12-16 18:26:44,0
Use it everyday to get to work. Very dependable,5,2024-12-16 18:18:24,0
"Worst experience. For cancellation you need to be pro. First cancel button is hidden in dots. And after efforts when you open the menu to cancel, just once click will not cancel it. There is one more click. After 1st click, i thought it is cancelled but it was not and i was charged Rs 76. No place to raise the greaviouns on the app. If there still cannot find.",1,2024-12-16 17:55:31,0
love uber so much cheaper Nd better than lyft,5,2024-12-16 17:43:34,0
"Review for eats part of app: Some parts of the app are good. Other parts are not. For example, my order arrived no problem, it was easy to order, could see the driver on GPS, all good. I was given the option to rate my order but I hadn't had a chance to check it yet. I sat down to eat, found problems with my order, went back on the app after I finished and the option to rate was gone. I also couldn't get a receipt. Not good.",3,2024-12-16 17:40:51,7
"A good app neh,but the prices on my phone always differ from the drivers one",1,2024-12-16 17:12:40,0
love it easy and quick,5,2024-12-16 17:03:43,0
Is very reliable and affordable,5,2024-12-16 16:57:31,0
Uber is Better than ola in everything even fare also,5,2024-12-16 16:56:24,0
"My money was taken for scheduling a ride, which wasn't delivered. I requested for a refund. It's more than 3 weeks now, no refund, no money on my Uber cash, the customer support on the app keeps archiving my messages when it has not resolved. Three different chats have been archived concerning this matter and they are so nonchalant about it.",1,2024-12-16 16:53:36,0
Good timings and service,5,2024-12-16 16:50:59,0
"Very unprofessional drivers, will ask to cancel and travel outside application.",1,2024-12-16 16:49:43,0
Good driving by Mr Satish,4,2024-12-16 16:38:59,0
1 click ride in budget,5,2024-12-16 16:35:31,0
"UberEat, you pay for express delivery but the driver works for other companies and your food still arrives cold. Whatever I say, they reply: ""We’ve taken a look into your order and the concerns you’ve raised and unfortunately, we will be unable to provide a refund on this occasion.""",1,2024-12-16 16:27:13,0
Zero star I want give them,1,2024-12-16 16:02:21,0
"After all these years and experience and monopoly acquisitions, you'd expect uber to be much better.",3,2024-12-16 15:55:12,0
Sometimes the waiting time is too long that makes one wonder on why to use this app👎👎,1,2024-12-16 15:43:52,0
"In Dec 2024, Uber/driver overcharged us with extra $35 fee for ""Rerouting Fee"" on top of the original $45 fare, AFTER 1 or 2 days after the ride was taken. This is very shady & dishonest & theiving practices from Uber! And no way to dispute this extra late charge inside the uber app. We sent a message to uber customer support and no responses at all. We are considering chargeback dispute with credit card company, and NEVER use Uber again for our taxi/rideshares in future.",1,2024-12-16 15:40:50,0
Your map is showing wrong locations please edit it,3,2024-12-16 15:35:25,0
"Booking trains with amex is miserable, the tickets are not downloaded to your phone so if you end up with no signal you can't get through the gates. There used to be a Google wallet option but it was removed, why? Also amex takes 2 authentications everytime, why?",1,2024-12-16 15:05:19,0
Very bed and chip experience,1,2024-12-16 15:00:37,0
Good service but very slow not for long route,3,2024-12-16 14:57:30,0
"Never available in emergency, very poor service",1,2024-12-16 14:39:01,0
Easy to use and reliable,5,2024-12-16 14:38:50,0
"Uber app was fine earlier in the year now the experience sucks on Android. At first I was under the impression that my phone model is too old and maybe didn't support the latest updates but now I have a later model and the interface is still not like before, and compared to my partner's iphone it still looks like the old interface, why did you downgrade the experience on Android?",3,2024-12-16 14:32:41,0
Very nice Driver and ride.,5,2024-12-16 14:25:04,0
Almost every ride has a different price than the given price at the beginning of the ride.,1,2024-12-16 14:08:14,0
Best and quality ride,5,2024-12-16 14:05:04,0
Worst service. Customer care is not available when required. Have to wait hours and hours to hear back from them,1,2024-12-16 14:01:41,0
Uber services are Improved a lot. Still some cabs are taking some more time. But better than earlier.,4,2024-12-16 13:35:21,1
This app is very very good but I can't sherch for driver quiqley,5,2024-12-16 13:16:40,0
"This is the biggest scam I ever seen and how is this legal is extremely concerning. You book a ride, choose a pick up point and pay for it. Then Uber or the driver picks out the pick out point instead the one you choose and because you are unaware and confused and you are checking the app to see where the driver is, if the driver has to wait for more than a minute the driver will cancel your ride. So you pay and Uber gets your money and you don't get a ride. This people should be in jail.",1,2024-12-16 12:43:48,0
Rajesh was an excellent Driver safe Drive clean car with good perfumes,5,2024-12-16 12:36:19,0
"Better than all apps and prices are reasonable, dont use any other app use uber it will be a great experience with uber",5,2024-12-16 12:33:34,0
"I liked it very much, people come a little earlier than before",5,2024-12-16 12:28:26,0
Very nice app for daily use,5,2024-12-16 12:27:48,0
My ride canceled my trip and i pay extra 10 QR because driver canceled my trip .,1,2024-12-16 12:21:56,0
The best app for rides,5,2024-12-16 12:20:46,0
Changed my life for the better in ways I'm still finding out about,5,2024-12-16 12:19:18,0
"0 star... On one ride, uber charged me multiple times but they say its just an authorised hold. Its been over a month... Nothing is resolved. Another of my ride failed because no uber available but it still charged money from my account and the ride is not even on order history so I cant even get help TT. Uber scammed me of ~$60 (incl uber eats failed order). So I'm going to be petty and rate 0 star + delete app even if there is $5 credit 🙃",1,2024-12-16 12:09:46,0
When we booked it the price shows us 81 ruppees and when we reached our destination it is showing 135 ruppees then driver told us that the amount is 135. But in our mobile ti is still showing 81 ruppees. We trust uber . But they always betray us and take more money. And they delay too much.,1,2024-12-16 12:05:03,0
Worst App alway uber diver first confirm it and say I will not go...and they cancel it ...uber diver charging 3xtra money and saying cancel it give me cash then I will start u'r trip 😤,1,2024-12-16 11:51:55,1
"Never again! I was in a rush and booked a taxi through this app. When the driver arrived and saw my luggage, he canceled the ride on the spot. To make matters worse, I was charged an 8-euro fee for a trip that never happened. This app is not just unreliable but also unfair, wasting both your money and your valuable time. Do yourself a favor and avoid it completely. Truly the worst experience I've ever had!",1,2024-12-16 11:50:54,0
Charged me $5 for app bug,1,2024-12-16 11:47:31,0
Is quite good .any offer is there now.,5,2024-12-16 11:41:03,0
"Very bad service on banglore. And a very bad facility of too much let accepting driver and after complete journey they are charged extra fees . So, I'm suggest it avoid uber strictly",1,2024-12-16 11:37:43,0
Rates are more than rapido,1,2024-12-16 11:36:01,0
Fraudulent claim being made and the support is not helpful. What a scam.,1,2024-12-16 11:32:18,0
Maximum drivers are cancelling the scheduled trips without informing the customer.... It is creating huge mess while going for boarding a train or a meeting.... Moreover Uber is charging cancellation fee while drivers are cancelling the trips from their ends.,1,2024-12-16 11:31:49,0
Deepak have great focuss on customer need,4,2024-12-16 11:28:41,0
Charges Double the Fare fixed by Govt,1,2024-12-16 11:24:51,0
I got Best experience in from uber drivers👍,5,2024-12-16 11:23:04,0
Takes too long for cab to get accepted,1,2024-12-16 11:11:43,0
It can be a great way to get around,5,2024-12-16 11:09:57,0
"Always reliable rides. Problem following Uber web site instructions. I want to add a family member to the Family Profile, but under SETTINGS there is no FAMILY option. And I do have the latest version of the app.",2,2024-12-16 11:05:49,0
"Cannot provides support when required. Furthermore, cut unnecessary charges if the drivers do too much delay and cancel is not made by the user.",2,2024-12-16 10:49:48,0
Best pramofance uber And best ride,5,2024-12-16 10:47:16,0
It was good and comfortable,5,2024-12-16 10:44:54,0
"Overall experience 8s very good , kindly check car condition also .",5,2024-12-16 10:27:11,0
Compare to other this app is good,5,2024-12-16 10:21:51,0
It works for us are newborn,5,2024-12-16 10:15:57,0
"Great drivers,great vehicles,great behavior",5,2024-12-16 10:09:57,0
"Wait time is too long, nonsense app",1,2024-12-16 09:57:41,0
"Uber shuttle was booked in advance but after waiting for tracking almost when the expected time for arrival is over. I got a message that we had to cancel the trip from uber shuttle. What the hell , can't you guys handle a simple booking. I had to get an ola ride after this paid 1000rs yeah right I had to bookola ride. Because your uber ride is not anywhere near me available. So much time just to book it. I'm so annoyed with your app uber.",2,2024-12-16 09:54:23,35
What's wrong with Uber???? Highly disappointed with the service. Their rides keep cancelling and they take so much time to give a ride. After using Uber for so long this is not expected. Need to move to other options as well.,2,2024-12-16 09:51:39,0
After getting PiN and drivers confirmation..driver cancells the ride...pathetic,1,2024-12-16 09:47:19,0
Great experience with Uber. It save time and money,5,2024-12-16 09:35:16,0
Pleasant drivers - they never fail to have a good conversation.,5,2024-12-16 09:33:50,0
"Great driver. Love her to death. I've ridden with her multiple times. Made great conversation and music was amazing. There are only 2 issues. 1, she has incredibly bad rode rage, and 2, She one time dropped me off and then called me the next day, saying she doesn't remember taking me home and getting home herself. For these reasons, I'm giving her 4 stars. (Would have been 3, but the road rage is actually quite comical to me, so I gave her 4.)",4,2024-12-16 09:32:48,0
"Waited for 1 hrs to connect a driver but all I vein, worst service, just drivers are disconnecting the ride",1,2024-12-16 09:25:50,0
Good but sometimes the amount shows too high.,5,2024-12-16 09:12:08,0
"Long delay in booking, additon of tips is really disappointing",4,2024-12-16 09:08:06,0
"I have to use Uber to get to and from work. It's stupidly difficult to budget in enough rides for the week when every single time I use it, the app authorizes my card twice. You sank my bank account into the red and now I have to walk in the below freezing temperatures to get home. Screw you.",1,2024-12-16 09:05:30,0
"The pick up time offered always doubles or more after you commit to a ride. If you cancel because of this you are charged a cancelation fee. Fraudulent. When the time doubles, the price should drop. Just tried to book another ride that said 3 min pickup. When I selected it, it immediately became 14 minutes. Thank God for Lyft!!!",1,2024-12-16 09:05:01,2
Worst app ever. Fake numbers of drivers are provides which never gets picked. And when you try reaching out for a long time they start charging you fine.,1,2024-12-16 08:55:48,0
This app is very inconsiderate. Sometimes it ups my Uber price $20 and they do not care whether you have it or not,1,2024-12-16 08:52:35,0
"Good Experience by Ride, thanks For uber.",5,2024-12-16 08:50:44,0
Sometimes I am unable to find any driver's for,1,2024-12-16 08:47:21,0
Had a little trouble using this app,4,2024-12-16 08:25:52,0
It's my first ride was very good,5,2024-12-16 08:23:37,0
My experience was so good. Rider's nature was so good and friendly 😊,5,2024-12-16 08:12:07,0
The drivers are cancelling the drive and we need to pay cancellation.I was waiting for 20 mins then the driver cancelled without reaching the venue This is not done.,1,2024-12-16 08:11:09,0
They make it hard if not impossible to cancel your ride as I have made other arrangements. Still don't know how to cancel my ride.,1,2024-12-16 08:04:56,0
"Uber employs drivers who SCAM passengers by claiming to pick them up and dropping them off at weird destinations. I recently bought this to Ubers attention but they were quite dismissive. As this is the 2nd time it has happened to me and I have been a long time user of this app, I feel that I need to warn the public.",1,2024-12-16 07:55:13,0
I have been. Using uber for cabs and most of the times I get the cab on time. It's very easy to use and helpful.,4,2024-12-16 07:55:05,0
"This is praveen, yesterday 15 dec, I booked uber car to go indira park from vanasthalipuran, while booking they showed 147 rs, but at end they charged 220rs, and again return in evng the cab driver used bad traffic route, he took 1 and half hr time to reach my destination, and charged 470 instead of 220 he took more than 2 rounds unnecessary at zindatilismath road, while I am saying this is not correct route, any have very bad experience with uber yesterday",1,2024-12-16 07:51:21,0
So I got charged $18.49 for a trip I didn't even take. I canceled it due to UBER taking too long to find a driver. I disputed the charge and was refunded a $1 and some change which left a charge of $17.07. From my understanding I thought it was a charge of $5 for a cancelation fee.,1,2024-12-16 07:28:36,0
The app is not showing uber shuttle package for me though I have searched all the options,1,2024-12-16 07:11:19,0
Your chiting driver's,1,2024-12-16 07:00:39,0
"This keeps sending notifications that have nothing to do with a currently requested ride, like ads for Uber Eats. I've disabled options for unnecessary notifications and it still sends them. The only way I could find to stop it was to uninstall the app.",2,2024-12-16 06:59:32,0
Way more extra fees than doordash and if order is wrong they will do nothing to resolve or compensate,1,2024-12-16 06:38:59,0
Use this app if you want to get hacked,1,2024-12-16 06:34:03,0
Be carefully a driver falsely added a lost item fee 20 bucks and I didn't leave nothing in the car I've not heard back from uber yet terrible service switching to Lyft,1,2024-12-16 06:24:35,0
"Good experience,Thank you so much parth for trip",5,2024-12-16 06:06:18,0
It was very good and safe. Thank you,5,2024-12-16 05:56:04,0
"Nice, safe and secure",5,2024-12-16 05:52:17,0
"rename this app to ""cold food"". They route delivery guys for a quest through the whole city. Their delivery time twice slower than any other app and it's with uber one enabled.",1,2024-12-16 05:49:18,2
"Worst experience, we'll book for some location and if they don't want to go, they'll intentionally make us wait and cancel the ride.",1,2024-12-16 05:43:58,0
Very rude behaviour of drivers. They continually force customer to cancel the ride so that customers and don't even help the customer also.,1,2024-12-16 05:30:36,0
Excellent driver and good to talk to,5,2024-12-16 05:19:48,0
Uber my favourite transport,5,2024-12-16 05:04:01,0
This app is really helpful for emergency propose,5,2024-12-16 04:53:14,0
"Uber eats charge me when I canceled my order, canceled because my order showing me 1 hour late and driver keep getting changes. I already waited 1 hour for this order, and Uber showed me an order late for another hour. After I canceled my order, Uber charged me the full amount of orders and split it with the store and driver. Shame Uber eats, steeling money. Do not order with Uber eats. Order DoorDash or something else.",1,2024-12-16 04:48:28,0
App crashed often... Predominantly using LYFT now,1,2024-12-16 04:42:07,0
Driver was on time very courteous and friendly. Had good coversation and very helpful and bit pricy for a 3 mile ride though,5,2024-12-16 04:31:24,0
"Uber Car Seat will cause you and your child to be straneded if you need round trip! Why would you offer this one way especially to an airport?! Request Uber Car Seat to get around New York, Los Angeles, Orlando, San Francisco, Miami, ***Washington D.C***., or Atlanta with your child safely buckled up. For children 5 - 65 lbs. Child eligibility Nuna RAVA seats are not currently available in Uber Car Seat rides in*** Washington, DC.****",1,2024-12-16 04:26:00,0
"App will allow you to reserve a ride from home to airport with a (child) car seat. Then you go to reserve the ride from the airport to home and (child) car seat is not an option. So... we're going to be stranded? Uber's going to keep our money? Fortunately, I was just researching but it took HOURS to realize it is not possible to take an Uber with car seat BOTH to and from our airport. This is in the DC area. Note on same Uber website says they do and do not offer car seats in DC. Which is it?",1,2024-12-16 04:22:19,0
"I will not tolerate video ads in this app. Specifically on the screen when waiting for your Uber to arrive. I am already paying for the uber ride, AND I pay for Uber One. Video ads on top of ride fees and a monthly subscription screams of wanton greed for we are not talking about a free website that needs to be monetized, we are talking about ads that don't need to be there and only serve to justicely enrich Uber.",1,2024-12-16 03:43:19,0
Comfortable and good prices,5,2024-12-16 03:34:09,0
GPS is constantly off.,1,2024-12-16 03:18:13,0
It's the gold standard.,5,2024-12-16 03:15:20,0
"Seems to be much cheaper than some competitors away from the city. A ride cost $8.xx with Uber, but would have been nearly $30 with a competitor with the expectation of a 45-60 minute wait.",5,2024-12-16 03:11:27,0
Very helpful app for traveling,5,2024-12-16 03:04:50,0
Very comfortable cab and good behaviour of driver,5,2024-12-16 03:00:16,0
"I'm looking for the update my card account into Uber Ride but, too bad the systems didn't go through it.",1,2024-12-16 02:58:26,0
"You're a good driver, clean car nice personality",5,2024-12-16 02:38:14,0
Charged me for immediately cancelling a ride because the trip began and I wasn't in the car! Pickup times vary wildy (even in a popular metro area) and drop off times are inaccurate. How can you charge me for immediately cancelling a ride when the ride has been started without me? Reporting problems is also a total nightmare. Made me late over and over again. Fuming.,1,2024-12-16 02:22:46,0
It's a very good trips in night,5,2024-12-16 02:13:07,0
Great app if only it would pick up rides quickly all the time,4,2024-12-16 02:11:59,0
Wow yaar awesome rides and rates so impressed thanks uber 😍😍,5,2024-12-16 02:07:03,0
My first ride with Maria Fernanda was amazing,5,2024-12-16 02:06:07,0
Him is very cool guy very respectful truck is very clean,5,2024-12-16 02:02:56,0
"Lost my 5 star rating for being threatened by an uber driver, constantly waiting long times due to manipulation of fares by uber drivers as well",1,2024-12-16 01:51:14,0
Always good experience,5,2024-12-16 01:45:52,0
Excellent service and very friendly i would recommended him to everyone,5,2024-12-16 01:40:50,0
Very satisfied with the service.,4,2024-12-16 01:40:26,0
Good service in the night,5,2024-12-16 01:13:18,0
Very nice quality Ride,5,2024-12-16 01:01:27,0
Excellent and Faster service then ola,5,2024-12-16 01:01:10,0
J don't think I've ever had a bad ride so 5 stars,5,2024-12-16 00:58:16,0
Too many spam notifications.,2,2024-12-16 00:46:10,0
Super easy. And history helped. Great suggestions,5,2024-12-16 00:42:39,0
"Enjoy using Uber. Always timely , drivers' are pleasant . great experience",5,2024-12-16 00:25:06,0
No ride does it better than uber❤️❤️❤️,5,2024-12-16 00:19:59,0
Terrible service and once was the best now the worst most driver don't accept and drive off once the app says it has arrived. Not even 1 star o star,1,2024-12-16 00:19:11,1
"Very bad 😞 now I don't like this and don't recommend any one to install this app and your valuable time Their drivers cheat you by cancelling the ride last time and Uber is also taking too much money, Uber charges extra for cash on delivery, anyone should do a very wrong favor, this stupid app don't download this rubbish app .....",1,2024-12-16 00:16:08,0
"Very Bad experience the driver will cancel the ride,he himself but sometimes we should wait very much that my son school timings will be over. He should get beating sometimes because of Uber riders. If they accept the ride they will come only little way,and then the driver himself cancel the ride.So I request you to improve the settings of the driver or what is suitable for you to do. Please concentrate on this many people are suffering from this problem.",1,2024-12-16 00:14:28,0
Very unreliable service,1,2024-12-16 00:05:50,0
You took money from me and nobody never showed up.,1,2024-12-16 00:05:05,0
Grate service with reasonable price,5,2024-12-15 23:59:49,0
Uber is kak why Uber slik my money and don't refund?,1,2024-12-15 23:48:57,0
Thank you for your support,5,2024-12-15 23:47:39,0
Pathetic experience with Uber.,1,2024-12-15 23:45:28,0
I've been using this app from today but It's perfect and you can pay whit the bank account and get nice price I love this app this is forever mine I love it,5,2024-12-15 23:40:07,0
Nice App for cab booking,5,2024-12-15 23:33:55,0
Great and efficient service,5,2024-12-15 23:32:12,0
haven't had any issues yet,5,2024-12-15 23:13:36,0
The app is ok. Some features could be improved though. Option for WhatsApp or email verification would be nice for example.,4,2024-12-15 23:05:37,0
They always mess up billing or charge me when the driver cancels or fails to show up. I feel like it's not worth using due to the amount of dsputes youll have to resolve.,1,2024-12-15 22:54:41,0
I've been using uber for a few years never had a problem until recently where a driver forgot to end my trip my trip of R41 went up to R202. Tried customer service they didn't even review my situation they still billed me for the trip I didn't take. Highly disappointed.,1,2024-12-15 22:45:30,0
"Yesterday night, a ride for a 2 mile straight line, driver took a turn at 300 feet and I asked why, he said a different destination, he stopped and told me to edit the new destination, but then the charge will duplicate, I disagreed, he said cancel then, not posible and the the app charged me the full amount for the 2 blocks ride, the driver and I disagreed but not posible through the app, to cancel, dispute or anything, ended up walking alone at almost midnight with a wrongful charge 4 a noride",1,2024-12-15 22:44:16,3
"Can improve delete history as well, sometimes it's needed cause we are booking rodes for our unknown persons as well it's stored under history, sometimes it's unwanted. 🤷🏻‍♀️",4,2024-12-15 22:33:55,0
"Uber is degrading day by day. I'm using uber since a very long time. The bike riders they hire are very rude, abusive and has no ethics. They ask double and triple of the shown fare. I've another account too. Even there I've reported multiple times yet no action has been taken. Do take action against these unsafe drivers who has no manners.",1,2024-12-15 22:33:19,0
Can't see shuttle packages,1,2024-12-15 22:33:10,0
"Inconsistant product, orders canceled without any notice, and support refuses to compensate for lost time. I'll be using doordash instead from now on.",1,2024-12-15 22:32:37,0
It was easy to use the app and the driver arrived early. His car was immaculate and he couldn't have been more courteous. Very pleased,5,2024-12-15 22:20:28,0
Once they went to reservation only! Worst idea I've ever seen a large company make.,1,2024-12-15 22:15:25,0
"Using uber has been a game changing experience, especially when traveling between Johannesburg and Cape Town, any time of the day",5,2024-12-15 22:11:12,0
App is easy to use and dependable.,5,2024-12-15 22:10:41,0
Pls provide all locations tempo service many locations are not available I am staying dahisar mori near taloja pls allow service to this location be cose many orders. Make porter and uncle delivery,5,2024-12-15 22:04:50,0
Does not allow VOIP so unable to use now. I may reinstall once they re-add support,1,2024-12-15 22:04:19,0
good service with reasonable fare,5,2024-12-15 21:59:02,0
My first time but better time,5,2024-12-15 21:48:51,0
Very nice service by uber....,2,2024-12-15 21:44:05,0
"""It's clear now to book services from someone else, but not from Uber. Uber's customer care is so pathetic",1,2024-12-15 21:36:16,0
"No cash option and problems with deleting account, useless...",1,2024-12-15 21:34:38,0
Cancels my order after an hour and a half of waiting. What a disgraceful and rude thing this app facilitates.,1,2024-12-15 21:34:22,0
"This was my first trip ever with a rideshare app service. It was great- easy to set up, easy to request a ride, easy to pay. Driver was friendly, prompt, & safe. Car was clean. Will definitely use again!",5,2024-12-15 21:28:21,0
Very bad design and poor booking experience,1,2024-12-15 21:24:43,0
Wast of time.... better ola,1,2024-12-15 21:18:40,0
Prices are competitive and rides are available.,4,2024-12-15 21:15:17,0
Very convenient and a very pleasant experience thus far,5,2024-12-15 21:12:52,0
Drivers sometimes are not willing to go come to your exact location at malls and other places and Uber still deducts the money,3,2024-12-15 21:06:44,0
Borderline harassment with notifications.,1,2024-12-15 20:51:54,0
Worst app Never work at time Not accepted my car,1,2024-12-15 20:46:24,0
They take your money without any authorization then you can't get your money back,1,2024-12-15 20:44:41,0
"Please initiate the refund amount as promised of ₹404 via sending the link to my mail address, everything has been discussed.",1,2024-12-15 20:37:53,0
Very happy with app. Thank you.,5,2024-12-15 20:27:18,0
Price surging is a scam. App uses algorithms to charge you more.,1,2024-12-15 20:25:35,0
"Always deducting money out of my account , even though I didn't request a trip",1,2024-12-15 20:24:27,0
Very secure and awesome!,5,2024-12-15 20:22:53,0
"Efficient service, eases transport logistics.",5,2024-12-15 19:52:17,0
Too expensive and cars not available. Totally useless,1,2024-12-15 19:51:01,0
I love this App. As compared to other Apps ride price low.,5,2024-12-15 19:39:20,0
"I recently faced an issue with fare discrepancies during two Uber Auto rides—while the fare displayed in my app was Rs.103 and Rs.111 respectively, the driver’s app showed higher amounts of Rs.111 and Rs.123, which I ended up paying to avoid conflict. This inconsistency between the rider and driver apps needs to be addressed urgently for a smoother experience.",3,2024-12-15 19:36:57,0
Too easy for drivers to cancel with no consequence at all. More often than not waiting for 10+ minutes just for drivers to cancel in the end.,1,2024-12-15 19:33:58,0
"Takes too long to locate drivers or the driver cancels the ride, happening way too frequently, almost all of my last few rides I had to deal with this nonsense",1,2024-12-15 19:29:39,0
"I am not able to add upi for uber shuttle, no option available there",1,2024-12-15 19:29:28,0
Best application for booking....🥳I recommend everyone should use Uber..,5,2024-12-15 19:25:23,0
"Enrique was a great person, enjoyed the ride",5,2024-12-15 19:24:33,0
Forcefully asked to give ratings.,1,2024-12-15 19:24:28,0
Worst app ever. Every time when I try to book cab initially it shows less amount and when I book it never books the cab and take too long to book. Second time when I try they increase the fares way too much. This app is pathetic. 1 star is the least I can give otherwise they don't deserve 1 star also.,1,2024-12-15 19:18:34,0
"solid app, good user interface, but customer support doesn't exist in the app 💀",4,2024-12-15 19:15:51,0
Clean car. Quick pickup polite driver.,5,2024-12-15 18:58:42,0
Best app to travel thanks uber 🙏,5,2024-12-15 18:54:55,0
"Useless service, I was booking the ride from 1 hour but this app is so slow it's just showing no driver nearby. Very bad experience",1,2024-12-15 18:35:54,0
Uber service is good😄 I hope the waiting time during rush and night time become short.,5,2024-12-15 18:22:26,0
There is no way to contact customer care. And I am unable to request a trip from more than 1 month,1,2024-12-15 18:01:29,0
Achi and safe chalata h Good man,5,2024-12-15 17:56:23,0
It's the fact that my money was deducted by Uber from my account without my knowledge.,1,2024-12-15 17:50:57,0
Love the location tracking.,5,2024-12-15 17:50:54,0
Experience with uber is getting worst with every trip.from past three to four trips they are adding extra money to the initial payment which I have to pay.Sometimes I pay the visible amount after ride end in cash to the driver but still they add extra money for last cash payed trip to the next one and it is getting repeated with every now and then.This isn't the acceptable behaviour for a platform such as uber.,1,2024-12-15 17:45:38,0
Driver stole my bag and uber did less than nothing. They'll be of 0 help,1,2024-12-15 17:42:50,0
Never select payment method as wallet as I found Uber hikes the fare after completing ride. As long as I was using cash payment the initial estimate and final fare were same. The moment I switched to wallet based payment the final fare deducted from wallet was much higher than initial estimate. What AI Uber app is applying to deceive riders?,2,2024-12-15 17:37:24,0
Dude made my date uncomfortable asking for her number and asking if she's free for a date. She reackons she couldn't wait to get out of the car. I'm never requesting a ride for a date for again. Next time I'll stay sober and driver her myself,2,2024-12-15 17:33:53,0
Wow nice good experience,5,2024-12-15 17:17:56,0
Very good compare with OLA cabs,5,2024-12-15 17:13:16,0
Uber isiser friendly. Always care for riders,5,2024-12-15 17:10:05,0
"Hi good day please can you tell me why is it that I only have the option of paying by card, if I request cash it tells me I can't pay cash on the trip and how many times do I need to confirm my identity",1,2024-12-15 17:09:17,0
Unable to call driver from user end.,4,2024-12-15 17:05:57,0
If you search some taxi fares so Uber cut money from your account. I book only one ride and Uber cut two time money from my account 14 pound. I book one trip and cancel within one second then Uber cut my money from my account 7 pound,1,2024-12-15 17:02:58,0
"This app has few trip fare glitches.One side trip fare from lucknow to kanpur shows 1.2k for 100kms , which increases drastically to 6-7k if I convert it to a round trip 200kms. Moreover the trip map is faulty as it shows the path covering Bareilly.",1,2024-12-15 16:57:20,0
Very convenient and easy to use. Very polite drivers.,5,2024-12-15 16:42:05,0
Steve was excellent. His advice saved us a lot of time.,4,2024-12-15 16:38:25,0
"Great. When no one helps, count on UBER",5,2024-12-15 16:37:43,0
100% Reservation confirmed.,5,2024-12-15 16:37:16,0
"Perfect except it connected me with someone too far away once and I was a few minutes late rebooking, but rebooking was fast the driver informed me and I like how much more product offering there is. Competitive with Lyft and doordash combined might just get the premium sub",4,2024-12-15 16:35:25,0
"It's usually a good experience, but there are times I order an Uber to go to work the driver except my ride then cancells. Today, my driver was 20 minutes out and headed my way. She was 4 minutes away and canceled my ride. Then, I had to wait another 20 minutes for a new driver, which made me late to work. This has happened a few times. If I cancel myself, I get a fee, but if the driver does it, it's no big deal.",4,2024-12-15 16:27:20,0
"First time riding share, I was the last pick-up and I thought all passengers will go to the one main address which is the airport. We dropped a passenger to an apartment complex in route. I finally made it to the airport.",5,2024-12-15 16:24:01,0
There was nowhere to change my pickup. Why is there no button to change the pickup destination?,3,2024-12-15 16:20:10,0
Its better now with intercity ride,5,2024-12-15 16:13:26,0
Nice and helpful service,5,2024-12-15 16:07:14,0
"Reliable, at all time, although it's difficult sometimes to get drivers",3,2024-12-15 16:00:10,0
Abusive and intrusive advertising!,1,2024-12-15 15:58:21,0
Drivers are very friendly on my last 2 rides in Miami. Thank you,5,2024-12-15 15:58:18,0
45 minutes of waiting time,1,2024-12-15 15:48:27,0
Reasonable & Affordable,5,2024-12-15 15:42:43,0
I use like uber but now evertime I use it it takes more then it should be from my bank account just not my uber was $21.85 an right before that it took another $11 dollars like what's up with that? I paid $32.85 for a ride home? Wow rip off I say.,3,2024-12-15 15:40:23,0
First class service provider in Bangladesh,5,2024-12-15 15:37:21,0
Good service but can be cheaper,4,2024-12-15 15:35:16,0
"I was a big fan of Uber until tonight. I booked an Uber home from an event, a price and pickup time were quoted, then no driver was found. Several times, with ever increasing prices. After 45 minutes I got a ride on Lyft (for less than the original price that was never honoured). Uber, if you quote a price, honour it. If that means you have to pay drivers extra, then that's what you should do.",2,2024-12-15 15:27:03,0
Provide good service at crowded place also,5,2024-12-15 15:19:51,0
Absolutely unreliable service of uber autos. They do demand cash. They do not go short distances or very long distances. Cash options selected but app goes for payment to uber.,1,2024-12-15 15:19:37,0
Easy to use and very convenient,5,2024-12-15 15:13:43,0
Sometimes it Doesn't even book the ride and majorly it takes long time to confirm rides,1,2024-12-15 15:11:46,0
Uber is a life saver. I use uber mostly for sending packages. Previously a lot of drivers used to cancel trips but nowadays that has decreased a bit. The only thing annoys me when drivers cancel after arriving at the pickup spot finding out it's a package delivery. I always tip drivers who are well behaved and well mannered.,4,2024-12-15 15:09:42,32
He is a nice gay. He derives very good.Iam pleased to him.,5,2024-12-15 14:41:44,0
Love the safety features 👌,4,2024-12-15 14:30:03,0
Very bed service by uber I have book a cab but driver has cancelled trip 2 time and 3rd time driver tak extra charges from me but due to emergency I have paid,1,2024-12-15 14:29:22,1
The driver came very late,1,2024-12-15 14:26:51,0
"I was charged twice for one trip. Once for the ride, and again for the ride and the tip. This isn't the first time it's happened, too. It's not the driver or the vehicle, it's the app. When will I get my money back?",1,2024-12-15 14:15:43,1
Excellent app. Easy to navigate 👍🏻,5,2024-12-15 14:14:51,0
App says 2 min wait. Once confirmed it's over a half hour wait. Very inconsistent. Not reliable. Prefer Lyft instead.,1,2024-12-15 14:12:26,0
AlMost always a great ride..,5,2024-12-15 14:01:13,0
Not getting any response and not available from long time don't have pistol oyher i shoot who made uber app stupid service.,1,2024-12-15 13:56:54,0
"Not recommended, try other apps to book cab",1,2024-12-15 13:47:26,2
Excellent service from Tyron,5,2024-12-15 13:46:01,0
It's purely bad application,1,2024-12-15 13:38:44,0
Very Helpful application,4,2024-12-15 13:34:21,0
The app isn't even loading,1,2024-12-15 13:33:34,0
"Good Experience over All, very Supportable Driver, piced from the door And Drop as require Location, we enjoyed Music in Between the travelling He haven't issue , Service is Also Good,",5,2024-12-15 13:29:25,0
This app was too much helpful for emergency journey,5,2024-12-15 13:27:04,0
Customer support isn't upto the mark. Can't complain using mail or call,3,2024-12-15 13:26:09,0
"They don't have any customer servic number or email and the chat they have for help didn't reapond for 13 hours. They don't give a damn for their customers, they just want money and thats it. Go to the other similar apps for your own safety.",1,2024-12-15 13:24:23,0
Good service uber thank you,5,2024-12-15 13:22:27,0
Locked my handbag in car by mistake x Uber helped me so much to get my bag and catch my flight x well done Naveen 👏,5,2024-12-15 13:12:40,0
Waiting time more 20 min still it's looking for driver worst app!!!,1,2024-12-15 13:08:16,1
Pathetic service... Taking too long to book the cab... It was urgent.... Worst aap ever... Very bad service doesn't deserve even 1 star... Poor and very bad service,1,2024-12-15 13:02:20,1
"Pathetic experience with cab drivers in kolkata. First none of the accept the bookings. Even if they do, after keeping you waiting for sometime they will cancel your trip leaving you with no other option than to look for other public transport. I have been using uber since 2015 and have never seen such poor service and driver in any other app.",1,2024-12-15 12:55:39,1
"Takes such a long time to find me a driver, which usually ends for me being late. Also very expensive and laggy",1,2024-12-15 12:55:18,0
Mr. Andrei is very respectful He teach me how to check the price since this is my first time. The car is clean. Thank you for the safety. Have a great day always,5,2024-12-15 12:55:09,0
Very bad facilities. Don't come in time no driver is found every time.,1,2024-12-15 12:42:20,0
"Uber auto drivers are one of the worst people ever. They dgaf about anybody but themselves. I have to pay extra every time I ride. Paying 20s or 30s is fine but in had to pay 1 70 more to one auto driver. Also you get convenience fee from us when there is wait charge or cancellation but you don't do the same for us when the reverse happens. If you can't use the damn uber cash, then what's the point in having it.",1,2024-12-15 12:42:14,1
Very worst app i ever seen very bad... I was booked the cab from here but when I call the driver than he says that payment will be charged double because this is our services so we will decide the rent not app...am not understand I think that rent and all decided by the cab driver than why this app has been started very third class app,1,2024-12-15 12:30:35,0
Absolutely unreliable. You might find a ride in a few minutes or wait an hour Drivers cancel for no reason as has happened to me many a time. The last time I tired to use uber there were none and I was struck away from home at 11pm. Havented used it once since then as cannot be trusted. Useful in an emergency but don't rely on it in any way.,1,2024-12-15 12:26:56,4
This is my first ever trip. enjoying the easiness.,5,2024-12-15 12:22:59,0
"It says the driver is 5 minutes away, then assigns me one that is 23 minutes away",3,2024-12-15 12:17:13,1
"My ride is nice, and correct time punchuallitty",5,2024-12-15 12:14:05,0
"Surge Pricing based ride shares, and also ads when you're waiting for a ride you paid for. Not kidding: got a full spread Coke ad AFTER PAYING for a ride no less. The ad remained present until the app cancelled my ride suddenly because prices ""went up"" due to demand. Silicon Valley is a pestilence on society.",1,2024-12-15 12:11:45,1
It was awesome and good app for reaching destination in time,5,2024-12-15 12:00:32,0
There is no option to skip driver rating. You can not force customer to give rating.,4,2024-12-15 11:59:19,0
You guys seriously need to fix this. So I transferred $15 out of my savings to get a ride. There were no cars available after waiting for about 5-10 minutes. So I cancel and low and behold there's a driver available. So I go to try again only to find that I can't because $10 has been taken out of my account due to pressing confirm. No money should be taken out until the driver has arrived or in the case of late fees. I shouldn't have to wait for it to be refunded and take more out of my savings,3,2024-12-15 11:58:07,0
Better then any other ola or rapido prices are reasonable,5,2024-12-15 11:50:16,0
I've been doing uber for about five months and I love it,5,2024-12-15 11:49:22,0
"Cancellation fee for what??? The driver not showing up???? f##k your trash, abusive services.",1,2024-12-15 11:42:52,0
Uber is very bad he contain extra cost,1,2024-12-15 11:28:25,0
"For some reason I have to login every time o open the app, totally inconvenient.",1,2024-12-15 11:28:16,0
Low cost and best ride,5,2024-12-15 11:24:09,0
"Too bad experience with this app , even when there drivers don't go we have to cancel and then they charge 15rs or more because we cancelled",1,2024-12-15 11:15:44,1
Takes advantage of customers with fair hikes. to dam high,1,2024-12-15 11:05:28,1
It's long time to wait,1,2024-12-15 11:04:22,1
Good app. Helpful. Easy to navigate.,5,2024-12-15 10:59:14,0
Good to have a great drive with shakil good best for the longest route,5,2024-12-15 10:47:22,0
Very friendly and efficient,5,2024-12-15 10:42:51,0
HORRIBLE!!!! This app would just take your money when I've requested a trip only for it to tell me no drivers available. With multiple occurrences of this issue but still there was no change at all.,1,2024-12-15 10:39:32,1
Always timely drivers and friendly and polite,5,2024-12-15 10:38:48,0
Driver was friendly and provided a very safe and comfortable ride !,5,2024-12-15 10:34:36,0
"I love the improvement and the care for the customers,,, I love it",5,2024-12-15 10:30:22,0
"** BEWARE ** Uber application put my location in the wrong place.. the app doesn't let you edit pickup location.. even though I messaged the driver in advance, he canceled and the uber app charged me $6.50 penalty.. when asked to rebook the app charged $15 more for the same ride... uber needs to hire better programmers/ management... what's the sense of paying programmers / management so much for this kind of quality...",1,2024-12-15 10:02:57,1
Good Experience in Colombo,5,2024-12-15 09:57:20,0
Good experience & reasonable prices but as usual location shows different like always,5,2024-12-15 09:34:34,0
Uber has helped a lot and very dependable and the drivers are awesome.. Uber gets me to where I'm going 😃,5,2024-12-15 09:32:13,0
Easy and convenient 😺,5,2024-12-15 09:30:06,0
Uber does not keep its promises. They gave me an offer to rent a car and get CAD 30 cashback. I followed all the steps and Terms & Conditions as per the available options but never got the promised cashback. When I raised the support ticket they just kept on wasting time and moved my ticket to Archive folder. This is just one incident. There have been many such incidents. I will now shift from Uber and try some other taxi service company which is honest and keeps its promises!,1,2024-12-15 09:25:57,2
"Uber used to be fantastic, but unfortunately these days it can take you an age just to find a driver. It's made worse by the app pretending that a driver is nearby, when actually no one has accepted you.",2,2024-12-15 09:19:58,1
Takes too long time to book cabs. Sometimes don't accept.. Drivers prefer cash as Uber doesn't settle amount to drivers on time.,2,2024-12-15 09:01:22,0
Affordable cost for ride.. Thank you,4,2024-12-15 08:57:21,0
Amazing ride with low money!,4,2024-12-15 08:57:03,0
"1. Maps always have issues.its difficult to track the cab. 2. Voucher won't work. App will stop while getting payment from vouchers. 3. Maps will go only via short , unsafe , pathetic roads. 4. Last minute cancellation. 5. Only getting cash payment mode rest is PayPal which support is pathetic.",1,2024-12-15 08:49:36,0
"Definitely need to make it easier to cancel orders, additionally youll need another membership to get deals worth it for Eats. Convenient is all that's going for this app.",1,2024-12-15 08:32:11,0
They charge your card before even getting you a driver so if you try the share option and it doesn't work so you cancel and get another. You end up having multiple charges that you have to go through their refund process to get back which is a nightmare. And they say they'll get you a driver within 3 min try more like 30 if your lucky especially with the share option.,2,2024-12-15 08:30:47,0
High level of glitch everytime I use this app,1,2024-12-15 08:27:26,0
I need this app to have notifications turned on for ordinary use when I request a ride. It is extremely annoying that you use the notifications to push general purpose advertising for your app. Stop trying to upsell me and just be glad I'm using your app at all.,3,2024-12-15 08:24:28,0
With uber I have very good experience,5,2024-12-15 08:14:26,0
Worst app and maps not accurate very disapointing,1,2024-12-15 07:49:48,0
Excellent driver. Very polite and easy to understand.,5,2024-12-15 07:05:34,0
The ride was clean the driver was cool I made it to the crib and was happy about it thanks Uber tron !,5,2024-12-15 06:54:53,0
I love the ability to get a ride from exactly where you are located. I have never been disappointed with the courtesy and friendliness of the drivers.,5,2024-12-15 06:47:02,0
Great app and drivers,5,2024-12-15 06:42:16,0
"Works fine, just take care using the pick up option, it's tricky",5,2024-12-15 06:41:53,0
Great app. Works as should. Not sure about busy times,5,2024-12-15 06:40:52,0
Cannot even change the default payment option. UI is extremely poor.,1,2024-12-15 06:28:39,0
"she was great, I left my phone in car, was really professional and polite about bringing my phone back, so can't say how much I appreciate her honesty & integrity, our phones have so much on them! thanks again!",5,2024-12-15 06:12:33,0
Fare Heavy Increase System,1,2024-12-15 06:03:49,0
You will never find cab in time,1,2024-12-15 06:02:02,0
"Great service provider, quick & easy to use.",5,2024-12-15 05:51:12,0
I've been an Uber driver now for 4 years and that 4 years I've had nothing but good things to say about Uber but this last year I have been treated horrible through them. They would not believe me because I was accuse of drinking while driving. I don't drink. They took my account and blocked me from it until they figured out if I was telling the truth or not. So after this year's up I will be driving away from Uber :/,5,2024-12-15 05:50:24,0
"Unreliable. App consistently and significantly underestimates times drivers will take to arrive as well as travel time during heavier traffic hours, often making me regret taking transit options that would have been faster. Cannot cancel Uber without significant $ penalty even when driver has cancelled and new driver is far away, driver is going in the wrong direction or driver is clearly parked and sitting in a random spot with no improvement in time. - should have just walked",2,2024-12-15 05:49:55,2
Needs a better GPS system other than that it's fantastic,4,2024-12-15 05:49:35,0
Affadabal price compare to other apps,5,2024-12-15 05:45:36,0
I used to think this app was a solid 4-5 but over the last two years it has got progressively more expensive and progressively worse and now they are choking driver response to encourage people to pay for priority is just disgusting and literally ringing customers dry when all they want to do is get home.,2,2024-12-15 05:41:57,0
"Today i got to know that driver can drop me anywhere even in middle of jungle. So be aware guys with Uber drivers. They charged me full amount. Means he dropped me in half journey. Update: Uber has refunded my amount, good thing but make a feature to report such instances from the app itself at passanger end. This is the first time I have seen that after subscribing Uber one I'm getting higher price quote for same place and same time. 3x the previous original price. Do not subscribe to Uber one.",5,2024-12-15 05:36:26,1
Great if you want to experience rejection,1,2024-12-15 05:35:54,0
The cleanest ride with a wonderful driver driver!!!,5,2024-12-15 05:35:45,0
"Easy to download, easy to use, app works very well.",5,2024-12-15 05:12:42,0
"Uber support is beyond dismal. They will not remove payment restrictions on my account that should not exist. They charged my card for Uber One for several months, yet declined that same card, claiming it as an invalid form of payment for Rides or Uber Eats. It is the same card they send payments to me for being an Uber driver. Beyond dismal quality of service from Uber and their support team in trying to fix the problem. I will never use Uber for rides or for food delivery ever again.",1,2024-12-15 05:05:29,0
They charge your card before they even find you a driver then it takes a couple days to get your money back.,2,2024-12-15 05:04:53,0
She was amazing. Couldn't of asked for a better experience!,4,2024-12-15 04:55:24,0
Nagged me for a rating,1,2024-12-15 04:51:12,0
"It's ok when it works. Not when you've done a good amounts worth of groceries and are stuck outside the supermarket in the cold for over an hour, With silly drivers (all 3) that are more than 2 miles away, then cancel when they get close. I ended up calling a local taxi that got to me in under 10 minutes and cost cheaper than Uber. I also notice how each time the price went further up after each one cancelled.",2,2024-12-15 04:44:34,12
Very prompt got us there on time,5,2024-12-15 04:41:53,0
Renigunta Railway station is very famous at Tirupati Andhra Pradesh but Uber doesn't show SUV,3,2024-12-15 04:38:59,0
"Worked well. Driver on time, drove safely, picked up in the right spot, helped with luggage.",4,2024-12-15 04:36:55,0
1st time using Uber. I was pleasantly surprised when our driver pulled up in 5 min.,5,2024-12-15 04:08:46,0
Better then any other Ride app in Bengaluru i been using it from 1 year.,5,2024-12-15 04:05:15,0
Very friendly and professional,5,2024-12-15 04:04:42,0
TERRIBLE DON'T DOWNLOAD!!!! I verified my identity and it said verified complete went to place a order and it asks me for a Facebook to see if I'm a real person and it won't let me go forward with my order.,1,2024-12-15 04:00:16,0
First time I got good driver in Uber. trust me..he is very calm and hardworking and understand customer situation. I give 10 star. Good Matloob.,5,2024-12-15 03:56:26,0
Very nice and professional,5,2024-12-15 03:55:34,0
Very useful! Very convenient having a ride nearly everywhere in the world!,5,2024-12-15 03:46:59,0
Safety and excellent 👌,5,2024-12-15 03:09:12,0
Uber is great. Sometimes I give a cash tip.,5,2024-12-15 02:49:34,0
Always on time and at your disposal I love it!!!,5,2024-12-15 02:47:16,0
Gets me a ride when I need it. Had no issues with any drivers so far. That's all I really want and Uber delivers.,5,2024-12-15 02:44:37,0
"I only use this app because I can't drive, this app has given me some of the most stressful moments of my life and is responsible for well over $100 vanishing from my account :) I don't recommend using it unless you have to",1,2024-12-15 02:32:02,0
"Uber eats canceled order 30 min later with no details. No way to contact support through app. Garbage customer service, will use other services going forward",1,2024-12-15 02:24:46,0
"Edit: if I get charged if I accept an order and cancel then why don't the drivers. I've had turds more helpful than this app. Literally impossible to get an Uber in London know if you're travelling outside zone 1. Such a joke. Edit: year on and I think it is actually getting worse, now so many drivers cancel after confirming the trip. If I did that I pay a cancellation fee yet if they do it nothing happens.",1,2024-12-15 02:03:10,5
Very good experience 💗🥰We got impressed☺️,5,2024-12-15 01:40:10,0
No respect for privacy. There's no reason this app needs a copy of my ID for me to use it. Hugely invasive.,1,2024-12-15 01:36:03,0
The driver is so detailed and very responsive to time and customer friendly,5,2024-12-15 01:32:11,0
Low Cost Good Service,5,2024-12-15 01:26:13,0
Big rip off use Lyft it's always almost half and good customer service,1,2024-12-15 01:22:42,0
Because the drive got to me then cancel I still had to pay.,1,2024-12-15 01:21:35,0
Since the latest update the app requires verification everytime I launch it.,1,2024-12-15 01:10:36,1
Very reliable. Made my USA visit enjoyable. Will surely use Uber on my next stay.I unreservedly recommend UBER to anyone.,5,2024-12-15 00:53:40,0
Nice rates and very safe trips 👌,4,2024-12-15 00:50:20,0
"The app is ok, easy to use except there is no option to enter a round trip.",4,2024-12-15 00:47:00,0
Good and safe trip and service,5,2024-12-15 00:45:14,0
"Tipping nightmare rip-off!!!! This company doesn't pay its drivers enough & expects us to subsidize their wages with tips!!!! Then if you dont tip, they let the drivers see & give you a bad rating!!! Negative self feeding spiral. TIPPING IS FOR EXTRA SERVICE!!!! TIPPING IS NOT FOR THE BASIC SERVICE OF ARRIVING SAFELY & ON TIME!!!!!!!",1,2024-12-15 00:22:04,0
"Mike was very kind,and listened to my stories,shared a few of his...We had ""a moment"" could've been brothers in another life?",5,2024-12-15 00:13:56,0
"Good clean cars, Polite drivers, Decent price. 1 star less coz sometime its way too difficult to get it booked and sometime if its a terminus drops drivers are greedy and demand extra amt. which ofcource we tend to pay coz we are short of time.",4,2024-12-15 00:12:10,0
"I am extremely disappointed with the customer support I received regarding a recent trip. The driver never showed up to pick me up, leaving me stranded and inconvenienced. I promptly reported the issue, expecting a fair resolution. However, despite reviewing the trip, Uber still charged me for a service I never received. This is unacceptable. A company of Uber's scale should prioritize customer satisfaction and fairness. Charging customers for incomplete trips is not only unfair but also erodes",1,2024-12-15 00:12:02,1
Always Take Good Care of Us!,5,2024-12-15 00:09:26,0
"A1 driving service, food delivery is great, the Wal-Mart delivery service is abysmal though I tried it and only got half the items I requested.",4,2024-12-14 23:59:20,0
Love the interactions with various drivers. ALL have been courteous and accommodating. Very professional,5,2024-12-14 23:58:07,0
"BS fees, AND the prices are more expensive. Fk Uber and their greedy fees...",1,2024-12-14 23:57:39,0
"They are not not addressing issues. And I get a response of ""we are unable to assist you with your concern this time."" I spoke to the merchant and they are happy to refund. I have let Uber know this and they have not dealt with the issue",1,2024-12-14 23:42:11,0
This app not use because profermence are very bad,1,2024-12-14 23:36:13,0
Ghatiya app h Uber traffic ho to charge customer ko dena hoga bahut hi bakwas h Uber,1,2024-12-14 23:32:22,0
With great disappointment i am writing this that i booked an uber auto number MH03 CT8803 (Rakesh Yadav)for which the driver demanded extra pay also he didn't follow my instructions and took a wrong lane and was very much harsh towards me. This driver was talking on phone with his wife then with his uncle continuoulsy till the trip. Uber drivers weren't like this before and day by day Uber drivers are becoming rude and impolite. Genuine request to uber please look into this matter.,1,2024-12-14 23:25:14,0
nice 👍🙂 thanks 🙏 Uber ❣️💞,5,2024-12-14 23:22:17,0
Unfortunately I have to delete Uber and use Lyft because I cannot contact customer service to address SIMPLE issues like their maps system failing and having me late to work I don't write reviews but since they don't want their customers contacting them I have to leave a review to express my concerns. It's ridiculous and shows what type of company Uber is. But it's not surprising at all considering how they pay their drivers compared to other services like Lyft. Just use Lyft or another app!,1,2024-12-14 23:16:25,1
"Be careful with those drivers, you never know.",1,2024-12-14 23:15:12,0
Drivers will make you wait for them but they'll charge you once they cancel the ride,1,2024-12-14 23:13:09,0
Used for the first time to transfer from airport in Paris. Totally excellent service. Love it!,5,2024-12-14 22:58:19,0
This was my first time using Uber and I enjoyed it,5,2024-12-14 22:53:34,0
Every taxi drive is asking for extra amount 😑,1,2024-12-14 22:39:26,0
"Uber Moto drivers are really bad. Y'all should have better criteria for choosing Uber Moto drivers. They give absolutely no heed to safety ( one even almost toppled over the bike when I was behind when turning ) and traffic rules or the traffic police. Rapido is far better for bikes. But for cab it's fine, I guess. Tad pricier, but acceptable.",1,2024-12-14 22:22:26,133
SCAM!! They gave me Uber Cash and still charged my card. The promotions are a scam. Says 0.00 then 3 days later my card was charged. Only bots are available with limited info! Not to mention they change the amounts so its hard to dispute. Uber is only good for one time airport runs. The bank stated they are flooded with Uber disputes.,1,2024-12-14 22:19:14,0
Waiting charge is extra bad experience,1,2024-12-14 22:12:51,0
Its a great way to get round,5,2024-12-14 22:11:21,0
"I'm a new user and not sure how to ask for specific route nr my home, the map takes a long way round how can you change it.",3,2024-12-14 22:06:06,0
Driver was very professional and made sure that the drive went safely and smoothly after an ice storm.,5,2024-12-14 22:05:24,0
Very easy and best travel,5,2024-12-14 21:56:33,0
Good driving skills with polite behaviour of driver,5,2024-12-14 21:55:05,0
"John was on time, pleasant, interesting and knows the roads !",5,2024-12-14 21:50:05,0
Kindly make easy for customer to reach out to you or to describe the issue he or she faced sometime it's really get difficult to explain exact problem to you due to predefined issue as there's no room to explain the exact problem,3,2024-12-14 21:43:39,0
"Worst app......I book a ride for 300 rupee and after reaching destination, charges extended to 500+ ....... what's this nonsense... I have to pay 200 rupees more and why I don't know? They don't even respond by raising issue on their app. #negative rating",1,2024-12-14 21:21:55,0
Good and polite driver.,4,2024-12-14 21:20:55,0
We had a good ride. Driver was very friendly.,5,2024-12-14 21:13:24,0
Charged me over 180 dollars in payments and fee despite having vouchers. My tripped showed free while booking only to charge me after the fact,1,2024-12-14 21:07:51,0
"Uber drivers are nice and courteous, friendly drive Clean cars I get to my destiny On time and safely",5,2024-12-14 21:04:15,0
"Worst app ever i have never seen in my life first the take long time to find a driver and it depends upon driver that he want go or not , what is this yaar we are paying you what you are offering to us and after all what we get nothing you have to fix that thing",1,2024-12-14 20:59:12,0
"I use Uber for when my rides fail me. As long as I have Wi-Fi or Mobile Connection, the App works well. The Graphics are great. There are choices for Rental, Ride, Package Delivery, or Uber Eats.",4,2024-12-14 20:56:50,0
Sometime driver is not understand location and after drive call and talk please cancel the ride ...to much problem face.,1,2024-12-14 20:54:19,0
Superb person. Very nice.,5,2024-12-14 20:38:20,0
Fast & dependable service experienced first hand in many cities around the world.,5,2024-12-14 20:38:17,0
"Scam app change money every time, increase amount after reaching destination all the time",1,2024-12-14 20:35:48,0
"This used to be the smart, cheap alternative to cabs. The prices have now doubled or sometimes tripled since 2021, and they add a new predatory price gouging tactic, like surge pricing and increased fees for cabs to arrive a few minutes quicker, every few months. They've become a prime example of en****tification in the tech industry.",2,2024-12-14 20:33:01,7
"No customer support system . Uber driver charged me extra amount my network was not working at that time , he showed me 155/- where as after some time trip amount showed only 102/-. But I could not connect directly with customer care as there is no contact number , very bad service .",1,2024-12-14 20:27:00,1
"Good service, low price",4,2024-12-14 20:26:31,0
My fast trip bast experience...,5,2024-12-14 20:26:16,0
"Very bad service. Today I booked uber and then the driver call me and said the amount it is showing is not good for as in return I have to wait for another ride, and than he cancelled the ride. After that I booked again and the nexxt driver pick the ride when already having customer in his taxi, and keep increasing the waiting time. When I called him he yelled that I have customer with me , I cancelled the ride. Because of this incident I got late 30 min for airport. Uninstalling the app now.",1,2024-12-14 20:17:14,1
Good app and best for booking cabs autos bike 👌,5,2024-12-14 20:10:27,0
Last time I rated this app in 2020 it was 5*. Unfortunately 4 years later the service is far from ideal. Big issues with getting a ride accepted so drivers can ramp up the cost. Plenty of occasions where drivers accept and then cancel. I've even had a drivier cancel on me whilst on the street I was on! Uber need to do something to address reliability issues.,2,2024-12-14 20:04:55,9
Fraud Drivers are mostly frauds Uber ask for a specific payment Drivers earn on laugage,1,2024-12-14 20:02:13,0
"Worst app to book a cab. There was a glitch in their app. I had paid the drive via cash but that same extra amount got added to my ride. Hence, I had to pay extra money for my ride. There's no resolution from their side yet. It's been days reaching out to them. Please use Rapido in india, their customer support service is superb unlike uber where they don't even bother to understand the issue.",1,2024-12-14 19:58:21,10
Removed wait and save,1,2024-12-14 19:56:06,0
I received very good service and will in future make use of your services,5,2024-12-14 19:55:45,0
Very good service by your driver,5,2024-12-14 19:53:28,0
Payment mode is not available many time,1,2024-12-14 19:50:45,0
Uber not available in my city kindly removr first banner book can from anywhee .. else I will file a legal for misleading people Don't type script message to share further details I have made myself clear,1,2024-12-14 19:32:53,0
Easy to set up and even easier to find quick rides,5,2024-12-14 19:32:22,0
Good and safe to rides,5,2024-12-14 19:24:11,0
Driver was friendly and drove safely. I would definitely ride with him again.,5,2024-12-14 19:23:34,0
"Horrible service in Warsaw. Suggesting to wait for 10 min for a driver, who is driving miles away and still yuu wait for 15 minutes. Improve you app - at least write a question The Driver is 10 min away, would like to accept the ride or something. Bad service of Uber not drivera.",1,2024-12-14 19:22:47,0
3rd class and the most disgusting services,1,2024-12-14 19:21:18,0
It's busy so fares are a lot higher then usual that's what they say way too much a 15 dollar ride is 45 no way I work to hard for that I will stick to the bus,1,2024-12-14 19:20:24,0
Very good person nice behaviour,5,2024-12-14 19:18:09,0
Best and reasonable prices,5,2024-12-14 19:08:57,0
Some times show different rate to constumer and driver,3,2024-12-14 19:05:27,0
Pathetic user experience,1,2024-12-14 19:03:48,0
No ride available everytime I tried to find ride 😞,1,2024-12-14 19:00:02,0
Good experience and delivery on time trust worthy,5,2024-12-14 18:56:07,0
"High prices , in some areas there are more than 2x compare to other",2,2024-12-14 18:54:22,0
Scammed out of $35. What a sad application.,1,2024-12-14 18:47:22,0
"This company says one fare but charges another to your credit card. If possible use Lyft, much more trustworthy.",1,2024-12-14 18:40:16,0
Very pleasant young lady I recommend her....,5,2024-12-14 18:21:32,0
Quick service on a busy Friday evening.,5,2024-12-14 18:16:18,0
There really needs to be a class action lawsuit against this company. Asked for supervisor they just end the chat. Haven't refunded the money for my missing items. Seems to be the order of business for this company,1,2024-12-14 18:09:52,0
Your driver just drop in wrong location within 2mints of pick up as I told him to not to drive so fast.,1,2024-12-14 18:09:15,0
Trash. Don't take update.,1,2024-12-14 18:08:51,0
"Great... Very polite drivers, quick service, value to money",4,2024-12-14 18:01:57,0
"Takes to long to get a driver, just had to cancel and force myself to use bolt.. drivers just sit there and don't move changed it to one star.. worst to use especially when you're late",1,2024-12-14 17:58:48,0
Rides are not available when needed. Most of the times it gets cancelled. Better switch to other.,1,2024-12-14 17:54:01,0
Nice and smooth drive,5,2024-12-14 17:48:26,0
Very bad of late pushing Uber X on you to charge more,1,2024-12-14 17:48:01,0
"Long time a go uber was something good. Now,is just a money hunters, said wait 18 minutes for driver,but this 18 min was 40 min...no no no Update,give me a new driver details,wait 18 min more. Funny",1,2024-12-14 17:27:48,0
I have great experience with uber . The driver is so nice and helpful.,5,2024-12-14 17:23:10,0
Verry good topvhjjjhh,5,2024-12-14 17:19:44,0
Pathetic management.. third class service. Every drivers wants to go offline .. Everyone need cash because of your mismanagement.. 0 star,1,2024-12-14 17:18:09,0
TOO EXPENSIVE FOR A SATURDAY NOT HAPPY AT ALL,1,2024-12-14 17:08:10,0
Keep it up with the good service👏👏👌😊,5,2024-12-14 17:04:07,0
"Uber is easy as. You get the one in twenty jerk, but most uber drivers are great and easy to talk to. Uber has been a life saver. I can't say I've ever had major problems with the app or service",5,2024-12-14 16:49:41,0
"Great, driver was very friendly",5,2024-12-14 16:48:34,0
One of the best innovations of the 21st Century!,5,2024-12-14 16:36:54,0
Drivers are professional and cabs are available where other cabs doesn't come.,5,2024-12-14 16:17:46,0
"18$ to get home, app said update so i did, turned into 63$ to get home for an 9min trip. What a joke.",1,2024-12-14 16:14:07,0
"Wonderful, on time, safe trip (very professional",5,2024-12-14 16:12:46,0
Very good Service and good driver,5,2024-12-14 16:01:30,0
Best app I have used.,5,2024-12-14 15:54:21,0
Very helpful app and very good service,5,2024-12-14 15:50:01,0
What happened to this service? I'm constantly paired with drivers who don't come to pick us up...,1,2024-12-14 15:49:56,0
"Uber was my favourite and have used it extensively for short and long distances but for the past some months it has become like one of the other apps in its category. The rates are on the higher side, the new promotional emails and notifications are fake, they don't actually provide discounts as claimed in this promos. The drivers are somewhat weird, one such driver stood at an incorrect location & waiting charges was billed.",3,2024-12-14 15:43:56,56
Unable to confirm ride. I have tried several times to book cab. In the map the vehicles are shown nearby my location. When I choose the type of ride it shoes a message that something went wrong. And ask to reload. I have reloaded several times and even updated the app. Then also the issue exists . FIX THIS ISSUE URGENTLY,1,2024-12-14 15:42:34,0
So here's some insight for people i am up about 4 am looking for a ride to the airport it's funny how Uber wanted to charge me 100 dollars for a ride to the airport then I downloaded Lyft oh would you look there same place same time same everything 30 dollars it's funny how that works right Uber,1,2024-12-14 15:24:06,0
This is the best ride,5,2024-12-14 15:08:50,0
"Almost missed an important flight, yet again due to lack of adequate modes of transport if these bros were too unavailable",5,2024-12-14 15:02:55,0
Very trustworthy and safe. Sent a parcel and reached safely and in time,5,2024-12-14 14:58:48,0
Driver was discussing very rude behaviour and not on the Ac,1,2024-12-14 14:58:23,0
Good drive and good behaviour...,5,2024-12-14 14:53:15,0
most trip cancelled by drivers without reason,1,2024-12-14 14:53:07,0
"Waste of MONEY The Uber eats in this app is just disappointing. They will not refund you when you do not get your order. They have a pin on delivery system, but when I asked for a refund they say the driver left it there. With what pin?? I never entered the pin to get my order yet I paid for it. I'll not be using any services from Uber or Uber eats going forward. Sies 🤮🤮🤮🤮You guys are disgusting. If I could give a 0 I would have.",1,2024-12-14 14:52:29,1
The best thing is that they have an highly active customer support unlike Rapido. The prices are also well reasonable with good drivers.,5,2024-12-14 14:42:32,0
Qaulity cars and very professional drivers. Uber offers very good safety for passengers. The prices for rides are very reasonable.,5,2024-12-14 14:36:45,0
Unprofessional at all..I paid for a trip I Didn't even take and this is the second time because I used my card..I use my card to be safe not so that they can take advantage of Me.their driver didn't end trip and they took money from my card..I complained and still they did nothing Totally unacceptable I'm pissed off with uber,1,2024-12-14 14:34:53,0
Not use the app worst app,1,2024-12-14 14:24:41,0
"today it will be the worst servise from uber - auto, my family is comming to hudrabad i book uber auto & it doesn't come, first it will stand at the same location for like 15min, then he didnt pick up his call i call him 5 times. Lastely i uave to take find another swrvice, The worst experience ever in ur app.",1,2024-12-14 14:23:08,0
Quick and easy-to-use app. Rides are on time all the time,5,2024-12-14 14:22:45,0
This app is very convenient.,5,2024-12-14 14:06:50,0
Uber has done a fantastic job in giving rides and answering support,5,2024-12-14 13:57:53,0
"Shocking - long waits, driver cancelling after waiting for their arrival all the time. I'm close to CBD. People can't drive",1,2024-12-14 13:54:56,0
Exhorbitantly expensive. The uber fees charged are just insane. Sad these stuffs are not regulated by a regulatory body.,1,2024-12-14 13:51:39,0
Todd was an Excellent driver and I would recommend him to anyone would would like a chill and understanding ride while enjoying a calm easy going atmosphere,5,2024-12-14 13:51:38,0
"The driver accepted the trip and marked me as onboard even though I didn’t ride. I waited in the street for 10 minutes until he canceled, and I was charged 29.43 EGP by mistake and since the uber removed the section that I can make report note to the driver I couldn't retake the 29.43 egp that he take from me",1,2024-12-14 13:47:10,0
Why can't I see distances in km ???? How to remove these bloody miles without messing up with my phone settings ???,3,2024-12-14 13:41:33,0
"It's an amazing journey, I am getting good offers. I thank uber .",5,2024-12-14 13:40:54,0
I waited for more than 45 min for one of the drivers who accepted my booking only to be called up at the end and told that he will not be taking me . Worst part is that I saw him driving the car in front of me .. He looked at me and drove off fast and cancelled the ride,1,2024-12-14 13:31:41,0
Hassle-free ride to BER!,5,2024-12-14 13:29:43,0
"Now 10 dollars 💵 , after 2 min 12 dollars. Shiittt... sometimes it is cheaper than transit. Logic ??",1,2024-12-14 13:26:49,0
Cheaper compared with others,5,2024-12-14 13:25:42,0
Great service and experience,5,2024-12-14 13:19:13,0
"Tell me to pay 20 not 25 rupees per kilometer for auto, 40 rupees not 60 for the driver, driver charge?",1,2024-12-14 13:16:09,0
Easy to use and excellent customer service from drivers.,5,2024-12-14 13:08:37,0
Unfulfilled trips are not refunded,1,2024-12-14 13:07:09,0
Very good app and good service,5,2024-12-14 13:04:18,0
Nice driver and patient one,5,2024-12-14 12:57:04,0
Delivers and fullfils exceptionally well. Impressive!,5,2024-12-14 12:56:16,0
Can't live without it,5,2024-12-14 12:51:20,0
"I had an experience just this week where I had my ride pre booked to reach my workplace with uber for 11.15am. The driver called me at around 10.50am and confirmed that he was on his way and that I should wait. Since he was hardly 20min away, I agreed to wait. I waited for driver till 11.40am just to realise he was not going to arrive. He didn't answer the call, neither did he reply to my texts, neither did he start moving towards pick location. I missed my meeting coz of this.",1,2024-12-14 12:37:34,0
Prompt service at cheaper rate,5,2024-12-14 12:24:59,0
I had a very bad experience with Uber today.My uber account showed 170 inr but the auto driver charged double the amount. When I report the issue to event they told they cannot do anything. Worst solution I suggest everyone to opt for online payment and avoid such a scam.,1,2024-12-14 12:20:51,0
Too much time taken to book ride,1,2024-12-14 12:20:08,0
Great experience riding an auto to destination...,5,2024-12-14 12:12:16,0
A safe ride home and the driver even got out to open the trunk on this last ride. I can totally do it again,5,2024-12-14 12:01:22,0
Very good trip on time and very cooperative driver,5,2024-12-14 12:00:00,0
"Sometimes we wait for a driver and at the end they cancel our trip. Today, after accepting my request, a driver cancelled my trip after 25 minutes of waiting. A driver should not have any cancellation option after accepting any request. Uber should change its rules to avoid such time waste of customer",2,2024-12-14 11:56:15,0
"The worst. Waited for over an hour at Hobby airport. First assigned driver immediately flaked. Next circled the airport 3 times before he flaked. And I waited. While at least 50 drivers picked up passengers & left with passengers. The messages I received from Uber went from don't worry, there are plenty of drivers in the area to please be patient we'll update you when we can. Seriously? My driver also circled 3 times but was smart enough to call me to find out how to find me! 1 HOUR @ 10pm",1,2024-12-14 11:55:15,0
Humans with phones driving humans with phones,5,2024-12-14 11:48:17,0
Bhuut bekaar app hai cab book kro to aati nhi h bss cancel kr dete hai driver ager aisa hi krna hota to band krdo apne is app ko that's a very very useless app,1,2024-12-14 11:38:27,0
Not coming to the correct place,1,2024-12-14 11:35:15,0
"app is good, but you have to wait for a long hours to book the cab. even if all shows in the list. service is very poor. note - we can catch the tuk tuk directly than the app's.",2,2024-12-14 11:34:17,1
"Reasonable price and good service, quick confirmation cab booking.",5,2024-12-14 11:26:18,0
"Wonderful experience, but grow more for some locations. Otherwise excellent work.",5,2024-12-14 11:09:44,0
"Fare price me fraud karte hai yeh log , Drive long Route se leke jata hai or 500 ka price show kar ke 1000 rs le lete hai. please don't use uber, Uber se acha OLA HAI",1,2024-12-14 11:03:44,0
Good app when you are not local person and need fair fare. Overall Good experience.,5,2024-12-14 11:03:21,0
"Uber asking unnecessary money for driver, Uber doesn't know customer is god. Uber is always favoring for driver. Faltu app 0 star 🌟.",1,2024-12-14 10:54:02,0
Uber is great and reliable,5,2024-12-14 10:46:46,0
"Easy going 😄, became my lifeline",5,2024-12-14 10:34:01,0
Professional driver 💯,5,2024-12-14 10:13:18,0
I was quoted one price and charged more. Going back to Lyft,1,2024-12-14 10:12:42,0
It's quick and safe traveling,5,2024-12-14 10:08:25,0
i use the app frequently but of late the map is just off. even when i move thr pin to the right place drivers end up in the wrong place. please fix this glitch as its problematic esp when im travrlling with my son,3,2024-12-14 10:08:14,0
"Very good trip, Driver's behaviour very soft and humble!",5,2024-12-14 10:06:22,0
Took money from account with out permission this is a fact,1,2024-12-14 10:04:11,0
Very accurate information,5,2024-12-14 10:01:37,0
"This app makes no sense what so ever. As per usual I take mass transit because Uber does noes not deliver any reliable alternative. Absolute garbage ""service """,1,2024-12-14 10:00:50,0
Extremely heavy interface compared to Ola and Rapido...,3,2024-12-14 09:58:55,0
Only app is really good not service,5,2024-12-14 09:53:33,0
"The app is good, but I don't know why I'm not able to use the pay later option and I've contacted the customer care many times for this but got no response whatsoever",3,2024-12-14 09:52:26,0
uber needs to pay their drivers better stop being so greedy,1,2024-12-14 09:48:18,0
I am totally exhasuted today...previous some bookings drivers not available but today i am in urgency i booked the moto 1st one attend and cancel immediately 2nd one accept and on the way after waiting for 5 mins he also cancel the ride without any information 3rd one also attend and cancel immediately...i can't expect this...i waiting the location for past half an hour to book a moto...you guys thinking your price will get more customers. It not it only depend on how you give the service.,1,2024-12-14 09:46:03,1
I am not able to book another trip when one trip is on..!!,4,2024-12-14 09:43:29,0
"Clear, concise directions and easy to follow instructions.",5,2024-12-14 09:42:46,0
"Worst app ever i experienced,so much disturbing , and customer service is toooo bad they never help you. Always the fare prices increase on destination 👎🏻👎🏻👎🏻👎🏻👎🏻👎🏻👎🏻👎🏻👎🏻 RAPIDO IS MUCH BETTER",1,2024-12-14 09:34:47,0
"Arriving time & driver quality is was good earlier. But, now, they are taking more time to arrive at pick up location. Sometimes, drivers are denying drive after arriving at pick up location if its at railway station or their unwanted location. They will wait to cancel drive from our mobile so that they will earn as cancelation charges from our pocket!!",3,2024-12-14 09:34:23,40
I do not understand why I am charged an additional R66 for cash payment and that on a short trip. A 70% added cost!!!,2,2024-12-14 09:18:30,0
Good experience in shuttle,5,2024-12-14 09:09:07,0
Diana was very respectful and the was clean and smelled very nice. Sweet young lady.,5,2024-12-14 08:59:04,0
Not opening after installation of this app,1,2024-12-14 08:53:31,0
Your service is very very bad,1,2024-12-14 08:52:29,0
Extremely disappointed I've been trying to contact someone all day my Uber charged me 42$(for a 5 min ride btw) when I was only supposed to be charged 10$ their phone died why is it so hard to talk to a real person this was money I barely even had to get to work so I'm very frustrated and can't even eat now because I'm very tight on money and that's what I was going to use the next few days so thanks Uber for your terrible service as a long time customer I'm extremely disappointed,1,2024-12-14 08:45:33,1
Good experience and well drive,5,2024-12-14 08:39:18,0
All drivers receive next trip calls before completing the current trip which shouldn't be.,3,2024-12-14 08:31:16,0
"Can barely get a ride home anymore, seems like Uber aren't paying their drivers enough to live and they are now refusing most jobs because they will loose money",1,2024-12-14 07:59:22,0
"Waited over 30 minutes for a ride with plenty of nearby drivers, unacceptably unreliable app for it's advertised purpose",1,2024-12-14 07:49:22,0
Cost and timing is good 👍,5,2024-12-14 07:30:02,0
Benjamin was amazing. Extremely pleasant and made me feel very safe and comfortable doing the ride.,5,2024-12-14 07:09:48,0
"The driver was very friendly, and his car was extremely clean. Great experience, even for a short drive.",5,2024-12-14 07:09:24,0
Too good 👍 Nature will be impressed,5,2024-12-14 07:00:58,0
"Awful, absolutely unreliable. Bring back black cabs asap",1,2024-12-14 06:54:16,1
Caring and professional conduct.,5,2024-12-14 06:45:32,0
Normally price are reasonable.,5,2024-12-14 06:29:38,0
"Love Uber, it's my preferred rideshare app, I just wish that they would pick me up on the correct side of the road! I live in freaking Chicago and downtown, it can be impossible to cross the street. Wish they'd make it possible to always pick up on the correct side",4,2024-12-14 06:28:20,1
Works great. Prices fluctuate for seemingly no reason sometime but waiting will make them drop. Love it,5,2024-12-14 06:27:47,1
Always there when I need it. We have used for rides and eats. Thank you for being there.,5,2024-12-14 06:24:39,0
Excellent and friendly!,5,2024-12-14 06:15:48,0
Good service thank you,5,2024-12-14 06:13:56,0
The app is fast and informative. We have had great drivers for all 3 times we've used this app. One trip we chose to cancel because the driver appeared to be stuck in traffic.,5,2024-12-14 06:09:34,0
Uber used to be so reliable and a great feeling of always having a backup of getting home when out late. Past few years it has been extremely poor and you're often left stranded with driver cancellations in abundance. Will be looking for alternatives now for sure.,1,2024-12-14 06:06:10,2
First time utilizing the service. It's easy and the ride was fantastic.,5,2024-12-14 06:02:33,1
The driver was an exceptionally kind and great driver.,5,2024-12-14 05:59:06,0
it's disgusting to see a $15 trip jump all the way to $30 and sometime $50 to attract more drivers when I've been told the drivers don't even see most of that money flat extortion,1,2024-12-14 05:58:36,1
Always having issues and customer service is useless. They literally ended the chat on me today without helping.,1,2024-12-14 05:46:05,1
"Gone to garbage, support nonexistent, no payments work despite all working just fine, I call my bank i And I'm told ubrr declined the payment, so I try to talk to support but who do I talk to, a FAQ?",1,2024-12-14 05:45:33,1
Mr. Samuel was very professional and we felt safe.,5,2024-12-14 05:43:27,0
Won't stop at 8 Spadina street Toronto. Not sure why.,2,2024-12-14 05:43:15,0
Thanks for taking me home,5,2024-12-14 05:25:51,0
Easy and great service,5,2024-12-14 05:19:45,0
Driver are so rude and will ask you to go offline without uber,1,2024-12-14 05:08:31,0
Jacked up the prices. Not worth it anymore.,1,2024-12-14 04:47:51,0
Its very accessible and time saving affordable also,5,2024-12-14 04:31:15,0
Was very kind & acommodating with a ready smile on his face.,5,2024-12-14 04:24:17,0
Arrived when they said they would. Excellent service,4,2024-12-14 04:14:39,0
Not to bad easy to manage. All the drivers i have had are very independent and courtesy.,5,2024-12-14 04:13:10,0
Rude drivers. He didn't want to take 4 people even if in the application was clearly specified that it was a trip for 4. I couldn't message anyone at support about this issue,2,2024-12-14 04:10:13,0
"Exceptional information is given about the location and arrival time to your puck up. Also, live updates as you're on your trip. The app keeps you aware of your entire trip.",5,2024-12-14 04:03:50,0
Takes forever to get a ride a lot of times and is the cost is unacceptable sometimes,3,2024-12-14 04:03:07,0
Its goid and the drivers are nice but my problem is it to expensive to give uver drivers a tip they deserve,4,2024-12-14 04:00:23,0
"""plenty of drivers nearby"" somehow equates to a 30 minute wait for a 4 minute ride? What the hell is wrong with you?",1,2024-12-14 03:42:49,0
Very fast and very good drivers,5,2024-12-14 03:37:29,0
"It should not be possible to have a driver 20+ minutes away accept your ride, then to top it off with a $5 cancellation fee when the drive hasn't even moved 1/4 of a mile. I'll stick with Lyft if I can. Edit: thought I'd give Uber one more chance and reserved a ride, the driver was not at my pick up point and when I called them, they said they were on the way to what was supposed to be my destination to pick me up.",1,2024-12-14 03:25:35,14
"This app is the worst. Drivers are always making me wait for 10 minutes and then cancel, if I don't pick comfort. What happened to the ""uber"" service? App has been enshittified",1,2024-12-14 03:24:26,0
Good Site for Travelling App,5,2024-12-14 02:54:00,0
Great app for food and rides,5,2024-12-14 02:37:05,0
Just love it when your driver shows up and decides they just don't want to drive you to the airport. Garbage behavior and no way to complain where anyone actually responds. I what's going on Uber? You didn't used to suck this badly.,1,2024-12-14 02:35:51,0
Great and safe services,5,2024-12-14 02:25:00,0
My uber drivers were exceptional. Very courteous.,5,2024-12-14 02:04:07,0
It would be nice if you know it didn't take anywhere between 20 minutes to an hour and a half to get a ride that takes 10-15 minutes,3,2024-12-14 02:01:47,0
"Works great for me when I need it. I'm not so great with the controls, hence the 4 stars, but I still manage to get a ride to my destination.",4,2024-12-14 01:43:35,0
"My company encourages employees to use Uber, but my last two experiences with drivers in multiple cities have been so negative, that I think I'm going back to taking cabs. Drivers without trunk space for luggage, dirty cars, broken AC, cluttered seats...I don't know if the standards for drivers have been relaxed, but it's no longer a reliable service.",2,2024-12-14 01:36:46,2
Great experience as always,5,2024-12-14 01:25:13,0
Was charged tonight for a car that did not arrive at specified location,3,2024-12-14 01:21:26,0
Using this app made me have an existential crisis. Genuinely believed that machines may have taken over.,1,2024-12-14 01:20:59,0
Love it makes it much easier to get around,5,2024-12-14 01:13:12,0
Wonderful ride. Anthony is a kind person enjoyed hearing about his love for cooking during the drive.,5,2024-12-14 01:04:06,0
"Today i booked a ride and it showed a reasonable price,all the way to the destination the price stayed the same but immediately when i arrived at the destination, the price increased almost double to what it showed when i booked the ride",2,2024-12-14 00:49:17,0
It pretty nice but prices are kinda crazy,5,2024-12-14 00:46:23,0
Can somebody plz look into the operations. Timing is all wrong. Disappointed with the GPS settings of the drivers. Utterly disappointed with the Uber in the UK. Somebody pls look into it.,1,2024-12-14 00:39:20,0
Leaps and bounds better then lyft!!!,4,2024-12-14 00:38:43,0
"Completely Unreliable. I requested a ride 3 separate times and ended getting charged for being cancelled on, and then having to cancel myself and then the same driver ended up causing me to be late because he would only pick up my call and then get lost and cancel on me without calling.",1,2024-12-14 00:35:50,0
"Very friendly, helpful, and kind",5,2024-12-14 00:23:21,0
"Terrible, the fares are really high, and the support team does not listen or help in any kind of way. The fares change every day without previous notifications. Absolutely a nightmare.",1,2024-12-14 00:22:14,0
Last week I requested a ride to a nearby train station because it was late & I didn't want to wait for a bus. The driver picked me up and when he was supposed to turn left he didn't even when I told him to. He drove to a dark an isolated location behind a major hall and told me to get out. I argued with him this was not my drop off and he called 911. Just then I noticed the security o car pull up- it's designed like a police car. I believe the Uber driver had other intentions but was spooked.,1,2024-12-14 00:11:23,1
"This was a horrible experience. The ride I finally got was good, but I ended up waiting a full hour in the rain because the two previous drivers went to the wrong address. I can't figure out how this happened. It is my residence and there is a big sign at the top of the driveway.",1,2024-12-14 00:11:00,0
Very nice service lo coast and safely driver driver in very honest,5,2024-12-13 23:58:18,0
Big experience to use,5,2024-12-13 23:56:10,0
The driver's are the worst,1,2024-12-13 23:54:38,0
Great service ...clean car and friendly driver,5,2024-12-13 23:54:02,0
Nice app and best driver partners,5,2024-12-13 23:53:49,0
Awesome way to travel places & are far fairer than taking a taxi,5,2024-12-13 23:39:11,0
Worst app worst employees hired very unprofessional drivers and delivery parters worst services please don't use uber unsafe rides and unsafe delivery partners,1,2024-12-13 23:36:37,0
Awesome and easy to use.,5,2024-12-13 23:35:50,0
"Had to wait for 3 drivers ,a really long time , one was just on the other side of the road Uber GPS probably is not working well",2,2024-12-13 23:31:26,0
"Awesome(Very) Honestly best darn employer out there changed my life by just giving me a chance after more than 2 decades. Thank You very much Uber I run straight Uber and please set your preferences the way you like to drive and quit shaking Requests they are sent to you for convenience, distance, price,and a couple other important reasons. You make our wages go down when you are gumming the system up because you don't like the #'s on Request but your the cheapest driver for Uber to send (+×all)",5,2024-12-13 23:29:58,0
"Reliable and safe. Difficult to cancel after accepting promos if a monthly renewal exists. Drawn-our support response periods. Ex. I have been trying to cancel for 3 weeks and have only received 1 support response in that time period. I requested cancellation November 21, and today is December 13. Cancellation is still not processed and I have been charged for this cycle.",2,2024-12-13 23:27:34,1
Great place to get a ride for cheep,5,2024-12-13 23:08:26,0
"Since the update, the app has stopped showing any drivers as available, despite being in a city centre. Neither me or my partner were able to book an Uber and consequently missed our train",1,2024-12-13 23:07:52,0
"Many Amazing Drivers! Haven't had one driver that I had any issues with, all have been very friendly, helpful, kind, and some comical. Met some people who have made a very special positive impact on my life just riding in their vehicle and conversating with them. Really grateful and blessed to have amazing drivers!",5,2024-12-13 22:45:16,0
This app charges you more(upto ₹200 more) if you choose a saved location. Total rip off. Openly fleecing you. Standards on this app have reduced significantly.,2,2024-12-13 22:44:14,0
"COMPAN̈IA SIN ETICA, SIN HONESTIDAD POR PARTE DE SUS CONDUCTORES DURANTE EL TIEMPO QUE USE EL SERVICIO SUS CONDUCTORES NO LIMPIABAN LOS AUTOS TODOS SUCIOS POR DENTRO Y POR FUERA . LA APP COBRA MAS DE LO QUE TE DICES CUANDO LLEGAS A TU DESTINO REMOVÍ MI TARJETA DEL BANCO Y CUANDO PAGABA EN EFECTIVO MUCHAS VECES LOS CONDUCTORES NO CERRARÍAN SUS VIAJES Y ME COBRAN DOUBLE EN EL SIGUIENTE VIAJE REPORTE CIENTOS DE VECES PERO EL SERVICIO AL CLIENTE ES MUY MALO NO RESUELVEN NADA FUE HORRIBLE",1,2024-12-13 22:39:38,0
"Charged 10e for cancelling a taxi that never showed up. Got it back but I had to chase it. Customer service wouldn't verify me after I confirmed all my details but Uber system was not able to confirm my star rating! Customer service delaying me on the phone, dragging out the conversation so I couldn't book another taxi. Already late by this time. Definitely scrooged this christmas. I couldn't rate the driver that didn't show up either which should be an option.",3,2024-12-13 22:37:57,1
When I booked the ride the price was 114 but after completing the ride it went to 225 when I realised a complent i did not got any response from support team hence I m not able to go into the uber page(app),1,2024-12-13 22:32:53,0
Very good app is these,4,2024-12-13 22:30:55,0
There has to be a better way to get in touch with your driver after you leave things such as a phone in their cars. I lost a side job and money due to the fact I didn't have my phone for 4 hours. Please fix this to make it easier to retrieve our items left in uber vehicles.,2,2024-12-13 22:29:27,1
"prices are increasingly ridiculously, uber takes extortionate amounts from drivers and I'm starting to believe uber one is a scam",2,2024-12-13 22:13:24,0
"Hidden Restaurant reviews, to make sure your complaints will never get fixed, and your opinion has zero leverage. Will never order again.",1,2024-12-13 22:10:32,0
Very Good Service I Liked 👍 Thanks Uber,5,2024-12-13 22:01:12,0
Very bad service always increase fare,1,2024-12-13 22:01:06,0
"Set up Uber 1 through a credit card where I was supposed to get the service free through credits, and they changed my billing card because I used a different card one time. Ended up paying for a ""free"" service for over a year. Scam.",1,2024-12-13 22:00:12,3
"Uber support is garbage, slow response times and as if they purposely delay responding when it's time sensitive to cancel an order or something of rhat sort. Purposely making it difficult to cancel orders",1,2024-12-13 21:57:11,0
Very poor customer services and don't have any proper contact details.,1,2024-12-13 21:54:48,0
Superb experience with uber . Thank you .,5,2024-12-13 21:54:01,0
It's convenient and easy to use. It'd be great if there's an option to alert the drivers about the client carrying a dog before sending the request.,4,2024-12-13 21:52:20,0
"The address function on the Eats tab sucks! Every time I use the Eats option, it removes my address and unilaterally puts me at an address 15 minutes away, where I have never been. Which means I have to change the address back, and delete the mystery address. Every time. Then, when I place an order while at the correct address, the app notifies me that I ""appear to be far away from this address"". Every time. I have repeatedly called customer service about it, and they just have no answers.",3,2024-12-13 21:48:08,0
"Best support ever. No reply for 3 days. Guys, if u get in trouble , don't expect anything from them!!",1,2024-12-13 21:47:28,0
"Dear Uber, Thanks for your email. But to be honest, I'm done with your app. I paid for my ride, but when I tried to book my return trip, your app kept asking me to pay again. It was insulting. I had to download Rapido and book my return trip with them. And you know what? I'm not coming back to Uber. Your app failed me, and I don't want to deal with it again. Don't bother sending me any more emails or offers. I'm done.",1,2024-12-13 21:33:26,1
"Everytime I get this requested by the app is because they been slacking, lately all the cars I get connected to are really old, really dirty and the drivers very rude, I have tried to give this fb directly but haven't had any luck getting it thru, so... Here I am, hopefully I get better, luckily is not the only option.",2,2024-12-13 21:32:00,0
Robert is certainly an asset to Uber.,4,2024-12-13 21:27:26,0
"I enjoyed my experience with Uber. Alphonso was very pleasant and kind, and I will definitely recommend Uber. 👍",5,2024-12-13 21:18:56,0
Why can't I pay a requested ride with cash?,1,2024-12-13 21:09:23,0
I am using this app for a long time time. Everything was fine. But recently the fares has increased too much. And itbis totally undesirable.,1,2024-12-13 21:04:18,0
Very pleased with service 😀 👍🫡,5,2024-12-13 21:00:11,0
"Terrible service, stop allowing drivers to cancle",1,2024-12-13 20:55:40,0
"Waste apps, mene book kiya tha to 30 min tk waiting pe rkha aur ending me another driver ko choose krne ko bola",1,2024-12-13 20:54:27,0
Never find a auto or cab and most of times when one driver is allotted never come to location for pick up,1,2024-12-13 20:45:10,0
This app of driver is very illegal demand and don't want to go every where,2,2024-12-13 20:44:56,0
It takes too long to find a driver 😡😠😤,1,2024-12-13 20:40:22,0
affordable and great service,5,2024-12-13 20:35:43,0
"App isn't working at all. It shows ""no network"" even though that is 4g network 😑. It was working fine before the new update.",2,2024-12-13 20:34:32,0
Very good app with a cheaper price when using motorcycle,4,2024-12-13 20:32:57,0
Good services and good rider,5,2024-12-13 20:32:23,0
The worst application ever many times cancelation too much waiting time,1,2024-12-13 20:16:54,0
Always have good experience.,4,2024-12-13 20:15:44,0
"The app does not give an option to select petrol driven cabs. Though we asked for a saloon for airport drop off, a vehicle with gas cylinders turned up, with no boot space for our luggage. We refused the drive but Uber imposed a fee. The booking was done by my daughter in law's brother. Consequently our airport drive was delayed. Can Uber explain this?",3,2024-12-13 20:14:22,0
Very convenient and Trust worthy.,5,2024-12-13 20:11:12,0
"Absolutely a bliss and safe and comfortable. The driver was friendly, knowledgeable and drove carefully with is package! THANK YOU.",5,2024-12-13 20:04:51,0
"You all charged for a rental a few weeks ago in which we were under the impression that the rental would drop off at our house, but instead, we apparently were supposed to be at New Castle Delaware in which we wouldn't had made the time either way. So why do you think I needed a rental because my truck was in the shop for the weekend. So, how was I supposed to get to the pickup spot. Meanwhile, you all kept $130.00 that really sucks because I rented another car the following day.",1,2024-12-13 20:01:47,1
"Drivers repeatedly cancel to wait for surge pricing. Company was enough of a scam as it was, now does not even provide the service it advertises. Do not recommend.",1,2024-12-13 19:59:57,0
"Uber is stupid and it sucks, is ordered an Uber 6:45 to get to work by 7:30 they not only didn't assign me a driver they kept delaying my arrival. Like are they stupid? I'm supposed to be at work by 7:30 and you're telling me ""no because Uber app is inadequate we will drop you off at 8"" Are they really stupid atleast other driver services reach you on time Update: 12/13/2024 Even more problems have arised what happened to them? The recent reviews are soo bad wow even my recent experince with",1,2024-12-13 19:56:03,0
Never used Uber until today and it was so very easy. I could track the driver on a live map and send him a message too. My driver was polite and friendly. Very pleased,5,2024-12-13 19:55:03,0
Worst app. Just playing by it's monopoly. One would wait for the driver for 5-10min just to get cancelled after that waiting time. Absolutely a time waste.,1,2024-12-13 19:49:38,0
wait time is always 4-5 times more than the shown one,3,2024-12-13 19:46:57,0
Don't use this app for the bookings of cab. WORST app for your ridings. Initially it shows some charge but after completion of ride the CHARGE INCREASES around 40%-50%.,1,2024-12-13 19:43:12,0
"Good for going to places you know well, but often makes navigation errors such as making your driver do an illegal turn, or dropping you physically very close to your ""dropped pin"" destination, but on the wrong side of the river...",3,2024-12-13 19:41:57,0
"Uber's ""help"" options on the app are so rigid as to be useless. The app asked me to take a shared ride with no indication that the wait time would be 11 min instead of 2. I accepted it in a moment of temporary insanity, then saw the wait time, cancelled, and then was given an UberX with a 14 min wait. No choice but to accept. Then the Uber driver drove past the pick-up spot and took another 7 min to get back. Ended up being late for a specialist appointment that I should have been early to.",2,2024-12-13 19:36:56,2
There timing is so good and the rider behaviour is very nice,5,2024-12-13 19:28:46,0
"It's not often that I have to dig through the internet to find out how to get support from a company. Not only that, but the support I received was next to useless. To be specific, I reserved a trip in advance and got charged to my card, when I had at least double the amount available in uber cash, and has opted to use it. I attempted to rebook, but it didn't go through and still deducted from my uber cash. Support team on twitter was pretty useless and gave generic answers. Terrible experience.",1,2024-12-13 19:24:24,7
Still require updation in accuracy on map,4,2024-12-13 19:19:49,0
He left me 200 m away from the destination at th railway station,1,2024-12-13 19:19:34,0
Is very easy app & very low riding price effort app. I am very happy. Is very smart navigation fast. Driver very smart & good behaviour for us.,4,2024-12-13 19:19:00,0
"Driver polite, professional and car very clean. Thanks driver",5,2024-12-13 19:14:39,0
Very reasonable pricing and reliable rides. The only Improvement that I see that they can make is better customer support. If there's an issue it's hard to reach someone by calling Uber.,4,2024-12-13 19:01:52,0
"Unable to use this garbage dont waste your time, requesting a ride then they ask for photos of your id then they want to connect to your facebook then they want your credit card numbers just to prove its you and after all that you still cant request a ridebecause they just ask you for it again. Usless, utterly usless trash app.",1,2024-12-13 18:56:51,0
"Nothing wrong with the app, but the service you get now is abysmal.",2,2024-12-13 18:54:45,0
Experience Good Rides on time.,5,2024-12-13 18:52:42,0
"Kristopher was on time, very polite, and helped with my luggage at the airport. I would recommend him to others! 5*",5,2024-12-13 18:51:39,0
Everytime late booking,1,2024-12-13 18:51:33,0
I have a voucher yet I cannot apply it and use. Useless app and customer service,1,2024-12-13 18:44:50,0
"Offered me a 45 dollar credit to renew my account. Not only didn't credit me, but their help department keeps giving me the run around. Do yourself a favor and download Lyft.",1,2024-12-13 18:44:37,0
"Great, though the notifications become annoying",4,2024-12-13 18:44:21,0
Got me to work on time,5,2024-12-13 18:32:38,0
"Too bad experience, the drivers which I have book are calling and negotiating the price. Even after negotiation they are asking for extra pay for language. Mainly they are saying for arrange the return trip - why customer should",1,2024-12-13 18:18:32,0
It's nice but prices iko negotiatable,5,2024-12-13 18:12:20,0
A consistent pleasure with Uber drivers when a lift somewhere is needed!,5,2024-12-13 18:11:52,0
"It's fine, drivers often cancel and cause surge charges because they're gaming the system that frankly uber broke taxis to create, hurting everyone else more, and there are too many picky drivers (all often underpaid by uber), BUT it gets you from a to b eventually most times so like it's not a 1, you know",3,2024-12-13 18:10:54,0
Paid 70p to STOP silly notifications but still I get them,1,2024-12-13 18:08:15,0
Great app! Very user friendly. Great job UBER.,5,2024-12-13 18:04:26,0
"please check my previous package was purchased in 13th nov and it was valid until 13th dec with 4 trips left , by which bata more to pride plaza hotel 3 people ride was booked with the package, then why 540 rs payment is asking?",1,2024-12-13 18:03:39,0
This is a bad app when you have renew you card details and if you click option to pay with a different card it will keep promptings you to enter details which means you are ordering multiple drivers and if you are not quick enough you will be. Charged late cancelled fees,1,2024-12-13 18:01:53,0
"App is great ,drivers are not ,I was trying to get a uber for more than 20 minutes with the normal price what shows on screen they don't accept until you are booking with higher prices sometimes they are double the prices",1,2024-12-13 17:52:13,0
"Drivers keep cancelling to raise the fee. Sometimes, drivers will cancel when they get to your location.",2,2024-12-13 17:52:02,0
"I had a terrible experience while booking a cab with Uber. Despite showing available drivers, my ride requests kept getting canceled, and I faced significant delays. The app's estimated arrival times were highly inaccurate, and there seemed to be no accountability from the drivers. To make matters worse, customer support was unresponsive and did not provide a satisfactory resolution. This was frustrating and inconvenient, and I hope Uber addresses these issues to improve their service.",1,2024-12-13 17:48:57,78
Poor. Extra charges adding to the bill by the app.,1,2024-12-13 17:46:14,0
"5 drivers within 1 minute on map, none accept but a driver 20 mins away accepted. Worst part is he was delayed by 20 minutes getting to the pickup place. 40 mins waiting for a 5 minute trip. Only wasted my money on this because it was a hospital appointment.",1,2024-12-13 17:34:36,0
Uber has the worst GPS I have ever seen. Drivers are better off looking on a paper map or following the stars. Every single day I watch my drivers go in circles around me near and far. Pass me up to go to a dead end where it reroutes them further away. It is an utter embarrassment and something needs to be done.,1,2024-12-13 17:33:52,1
worst not getting connected and drivers asking double the charge. waste of time and money. no quality.,2,2024-12-13 17:23:24,0
"Why I had to pay for cancellation fee when the driver itself cancelled the ride. This is not the first time they're charging me for cancellation. Worse app ever, OLA is much better than Uber",1,2024-12-13 17:15:38,0
They charged me just because they cancelled a trip :/,1,2024-12-13 17:12:01,0
Best cab and affordable price,5,2024-12-13 17:02:33,0
"Cannot reset my account, it keep asking for authentication and support doesn't respond to my inquiry",1,2024-12-13 16:43:08,0
App is designed to make it difficult to request refunds in some cases (even when the case is obvious - e.g. rider wrote on the chat that he has no intention of picking me up).,2,2024-12-13 16:42:21,0
Very friendly and cautious,5,2024-12-13 16:36:04,0
Previous driver cancelled the trip,2,2024-12-13 16:22:58,0
reserve a time and hrs later still no driver,1,2024-12-13 16:15:44,0
"after the end of the ride , when I was getting off, I saw that the driver rated me with 1 star , although I was not late nor done any thing wrong which made him rate me 1star, every uber driver does this after the end of ride , such a nonsense act of drivers in Uber ! Would never travel in Uber every again",1,2024-12-13 15:58:40,0
"I haven't seen an app worst than this. Drivers are rude, they constantly cancel rides, they talk rude and often company does absolutely nothing about this. Please prefer Rapido or Ola over this app, you'll thank me. DO NOT USE THIS PLATFORM. I would've given it a minus review if that was possible.",1,2024-12-13 15:58:40,1
Terrible app there is never any drivers available this app should not be relied on for travel drivers never turn up,1,2024-12-13 15:51:33,0
Waste and very too frod app,1,2024-12-13 15:48:46,0
Very Uber comfortable ride,5,2024-12-13 15:41:25,0
While booking a ride showing some amount after accepting the ride it is showing extra double amount which is not fair enough please try to make the same amount for driver and passenger so that there will not be any glitch,2,2024-12-13 15:39:01,0
"Really clear and easy to see the price, where your driver is including REG number",5,2024-12-13 15:31:55,0
Pickup Location Are Everytime Problem,3,2024-12-13 15:21:09,0
App is better but the drivers are all asking extra amount before picking customer it will be the most disappointing for me.,3,2024-12-13 15:15:20,0
Service is great except that tonight I accepted a ride that was 3 minutes away and it then turnedvton7 minutes.,4,2024-12-13 15:12:38,0
"Very poor service, now when you book uber pool, no more discounts wand waste of time for nothing!!",1,2024-12-13 15:12:23,0
Very good app waiting for Rural Area.,5,2024-12-13 14:45:32,0
"Worst app i tell you ,if you have emergency never go for this app you'll get disappointment only instead of ride very bad. Whenever I'd emergency i never got any rides never totally wastage to time",1,2024-12-13 14:32:14,0
Very bad app.. drivers also have no manner to talk..,1,2024-12-13 14:26:46,0
Worst app! I urgently needed to go to a place and first I wasn't able to find a driver. When someone accepted the ride the driver cancelled after 5 minutes. It's so frustrating! Worst app. There is no proper customer care services and the prices are also very high. Edit: Today I had to wait for 20 minutes. At last the driver cancelled the ride and I got late. If a customer cancels the ride he/she has to pay charges but drivers don't need to pay any. WHY??,1,2024-12-13 14:19:52,67
Wait time is too too long No drivers found,1,2024-12-13 14:11:00,0
The drivers and cars are nice and clean. The app is useless with its double charges that result in having to block a banking card just to stop incurring fraudulent costs,1,2024-12-13 14:10:36,0
"Drivers have become like what cab drivers used to be. Cancelled rides, cancelling when pick up becomes difficult. Horrid experience from when it first launched.",1,2024-12-13 14:09:16,0
Drivers have good customer care,5,2024-12-13 13:54:58,0
"Drivers pulls up and cancels on the opposite side of the road and drives off, and you get charged for it",1,2024-12-13 13:51:41,0
"Yrrrrrr, how do I contact these people? Customer service!? I paid for my ride, and they canceled it yrrrr",1,2024-12-13 13:45:33,0
Canceling a request is tricky now.,3,2024-12-13 13:38:50,0
"Very good, because Uber is the best",5,2024-12-13 13:22:38,0
Most covinent application for cab booking best services till now for me driver with friendless hope they all maintain the strike,5,2024-12-13 13:15:57,0
"Uber monopoly is bad for us all. Collection pick up times are inaccurate, taking longer to arrive than suggested. Pricing has become too expensive relative to normal taxis, but they have been forced out. The app is poor for customer protections. Eg a recent poor experience was difficult to report. In normal circumstances I wouldn't have paid for the fare, but with Uber you're stuck paying for a substandard journey. Generally, driver quality is terrible (confusing dangerously slow with safe!)",2,2024-12-13 13:01:45,2
Customer service has been very disappointing lately. I reported a package driver and I saw on the app that the driver made a 30 minute stop elsewhere. I called the driver and he proceeds to lie and tell me he is stuck on the N2 traffick at 1pm!!! I reported this because the price went up almost double the amount and Uber never resolved that issue. I am so close to deleting my Uber account and never using it ever again.,2,2024-12-13 12:53:37,1
Outstanding service 👏,5,2024-12-13 12:33:19,0
I always check Uber and lyfts pricings before I order any ride and here lately Uber has actually been a little cheaper than lyft. Thanks Uber for always getting me home safe and sound. It's always a pleasure doing business with you all. ❤️💯🏠,5,2024-12-13 12:30:11,0
Good luck even getting connected with a driver,1,2024-12-13 12:00:47,0
Good but doesn't quickly catch the current location. Also recommends Long routes instead of the Shortcuts present.,4,2024-12-13 12:00:46,0
Always delays and they never except rides that are cheaper or in a narrow area then what's the point of having an app if it doesn't help in emergencies??,2,2024-12-13 11:52:09,0
Bhut bekar he ye galti se bhi Uber me bharosa na kre . Abhi mene auto book Kiya muje uska payment show kar rha tha 146 or driver ne mujse 326 liye bola mere usme to 326 he to Uber me ykin na kre my worst experience,1,2024-12-13 11:49:17,0
Diverging location and then cancel ❌❌❌,1,2024-12-13 11:36:28,0
"Every driver is always 10 minutes away making it not worth it. They always arrive 4 late than estimated. Drivers cancel halfway through. It's never convenient. Editing to say it's now usually 17 minutes away, absolutely pathetic",1,2024-12-13 11:28:19,3
"Uber used to be greatapp, all of the sudden it take more the 20-30 min to tavel 5km come on really",1,2024-12-13 11:11:14,0
The scamming doesn't stop. I once requeested a ride that I canceled and there was no refund at all. This has happened multiple times and everytime I complain about it through support I am told that my account will be blocked. I had a safety incident more than once that I reported and that was never taken into action. UBER WILL DO ABSOLUTELY NOTHING TO ENSURE YUUR SAFETY! The price changes that double at the end of yuur trip is ridiculous. Uber will not give yuur money back when it's their fault!,1,2024-12-13 11:01:30,2
Very good it's just getting more and more expensive it used to be a lot cheaper,4,2024-12-13 10:58:38,1
Life would be so much harder without uber.,5,2024-12-13 10:57:25,0
Affordable price On-time pick-up Clean vehicle.. Polite drivers with passenger.,5,2024-12-13 10:37:54,0
Different different types of prices for regular customers. I and my friends use Uber regular but my ride prices are more as compared to my friend's ride price.,1,2024-12-13 10:27:14,0
"Worst experience , I booked a uber cab some other location it shows 349rs but when I reach that location it shows 528rs , I don't like that 😡 this is worst experience I faced 🤬",1,2024-12-13 10:25:24,0
I love it bcz it's affordable,5,2024-12-13 10:19:26,0
Uber bikes are basically useless. They cancel the trip whenever they want and asks for more money than the app shows. Today 2 bikes then two cabs cancelled the trip and I reached late just because of you guys. You guys should want your drivers from doing this.. 1st they don't pick-up the phone then after waiting for a while they suddenly cancels the trip... This is irritating. From now onwards I think I should stop using Uber. You guys are worthless.,1,2024-12-13 10:13:00,7
"Whenever I order a ride they constantly change the driver , even when they are 3 minutes close they'll stop and say ""finding a new driver"" It's annoying and awful All they charge is you with barely any warning if you want to cancel if you don't want to wait 10-20 minutes after Awful service",1,2024-12-13 10:08:21,1
"Trash. If you are going to propose AI as a customer service solution, you might as well just state that customer service is not a feature your company offers. Trash.",1,2024-12-13 10:05:55,0
There is no phone call support. I suggest to everyone don't use uber now days. try something another app. They don't response your calls.,1,2024-12-13 09:48:24,0
"Scam, for me showing one amount and for cab driver showing another amount",1,2024-12-13 09:46:15,0
"Ever since I updated the app, it has been picking me up, and a strange location",2,2024-12-13 09:45:27,0
Trip charge 93 rs total fare 192 rs collected from,1,2024-12-13 09:34:38,0
My driver was an absolute pleasure to have met and he also knew his way around my city.,5,2024-12-13 09:31:13,0
The worst app to book a ride...I always book cab from my location to office but they always charge different.,1,2024-12-13 09:30:52,0
Can you please let users cancel the ride easily? Don't confirm the ride after 15 minutes and expect users to stare at the screen.,1,2024-12-13 09:26:27,0
Very good and reliable.,5,2024-12-13 09:26:06,0
Fast and good service,5,2024-12-13 09:23:35,0
Good App. Used for first time. Will evaluate and rate again.,4,2024-12-13 09:12:49,0
Smooth ride considerate thoughtful driver.,5,2024-12-13 09:03:03,0
easy to use as first time user in a foreign city.,5,2024-12-13 08:59:35,0
"Share rides algorithm is very bad, can triple your trip time. Uber should fire the person responsible.",1,2024-12-13 08:48:53,0
fARes Are hIGheR duE tO incrEAsed DemAnD,1,2024-12-13 08:43:55,0
"The wait times that they advertise before booking a trip change drastically as soon as you've booked it, locking you into waiting longer than promised. Lyft has consistently performed better than Uber for me.",1,2024-12-13 08:39:04,0
Driver are not coming.in uber app. They are saying low fair and . Many driver asking extera amount,2,2024-12-13 08:31:59,0
Uber is best app for going to your destination,4,2024-12-13 08:28:51,0
reads my SMSes without my consent. no way to opt this out.,1,2024-12-13 08:19:42,0
"Very bad app, I tried a lot but never booked any ride.",1,2024-12-13 08:18:48,0
Excellent service can fault them alway on time,5,2024-12-13 08:14:38,0
Affordable(with coupons) .The app doesn't show fare breakup. Don't know how much it costs per. Auto rides are always available. Direct UPI Payment option would be beneficial for hassle free payment.,5,2024-12-13 08:08:14,1
"the amount 1238.42 got deducted from my card but the app automatically got closed. I opened the app. I could not see any car booked. Then the app showed ""something went wrong"" and I had to rebook using UPI. THE Above mentioned amount is not reversed by the uber. Please look into this",2,2024-12-13 08:06:41,7
Quick rides easy to access,5,2024-12-13 08:04:24,0
He picked up my autistic son and was super professional and courteous. Thank you!!,5,2024-12-13 08:04:09,0
"Bad Service, 10 min late aaaye and spot pr bhi nahi aahy, Jo amount online dikhaya usse jyada paise leye",1,2024-12-13 08:03:57,0
"I don't know about the others, but I get my uber booked quite fast and the life becomes amazing",5,2024-12-13 08:02:02,0
"Using uber is an absolute terror. Extremely expensive prices for drivers that dont understand what you need, dont meet you at the pickup location and dangerous rides. Uber used to be a very good app but now it is a sad shaddow of what it used to be.",1,2024-12-13 07:45:21,7
"Booked a ride for $10 this morning. Just got a surprise charge of another $12 for that ride 12 hours later for a ""surge"". That's theft.",1,2024-12-13 07:33:36,0
Using Uber in London is a joke. Can't get a ride and have to wait for ages so that you can't get away without using priority. Poor service.,1,2024-12-13 07:10:41,0
Super cool and fast pickup from any location 👌,5,2024-12-13 06:58:01,0
"Does not work in London, often cannot find a driver after waiting for over half an hour.",1,2024-12-13 06:56:42,0
"What has happened to this once great service? Am in Bristol. Uber constantly cancels, and then the only option is waiting and waiting and waiting for a shared lift home. Awful. Move to another service. This now sucks edit. How has Uber got a 4.5 rating. Look at recent reviews. It's a one star service. What's more annoying is that last year my trip would have cost 20 quid. This new sharing con showed that 3 of us all paid 20 quid. So Uber makes more money and offers us a worse experience. Bolt.",1,2024-12-13 06:49:13,1
What a well travelled Gent. It was great to solve the world's problems on the journey. Leon's service condiments and vehicle cleanliness and presentation was outstanding. You won't get a better Uber experience.,5,2024-12-13 06:42:27,0
Great driver really friend had swag and made me more interested in the city life,5,2024-12-13 06:34:44,0
"Thank you Uber l find it very comfortable, whenever l request your Service. It is Smart, Accurate, Informative, Affordable, Comfy, Comfortable, Cozy. Thank you very much Happy Uber.",5,2024-12-13 06:32:08,0
It's impossible to find an Uber on London.,1,2024-12-13 06:26:34,0
Very good taxi and fast,5,2024-12-13 06:22:17,0
Nearly every trip I go on I never get time to put by brothers seat belt and then mine before we are driver sets of on main roads. Pulse customer service are very rude and put phone down because they don't understand the reasons behind my calls. Rating system worse I've ever come across and is not a fare one for people traveling.,1,2024-12-13 06:20:13,1
Fast & efficient. Thank you.,5,2024-12-13 06:17:20,0
It should be illegal to increase the fares. Use taxi instead.,1,2024-12-13 05:56:28,0
"I booked a ride with Uber and it showed 1 minute away. However it took 23 minutes for the driver to reach me. I made it to my train by the skin of my teeth. Uber does not even have a number where one can call and speak to an executive. Very unprofessional, unreliable and unpredictable service.",1,2024-12-13 05:48:49,1
On average it now takes me 20/30 minutes to get a ride confirmed and multiple attempts as it times out after 10 minutes. Uber claims there busy but the app gives the impression there's lots of drivers about so it's clear there's a problem just not what it actually is. Just book with a local company or go get cash out.,2,2024-12-13 05:43:52,1
Uninstaller within 2 minutes can't even login anymore app is trash,1,2024-12-13 05:42:25,0
Very good appsa for all. Now pepole can enjoy to hire a car as a ubar,5,2024-12-13 05:27:10,0
They got me home a Thursday night of December in Barcelona. No other taxi app accepted my request! They are dope,5,2024-12-13 05:26:22,0
Since moving to Atlanta I've been posting way more for roses an d the edit tones are horrendous. I'm getting charge $15 to go 1.5 miles down the road and the wait time is almost 20 minutes? Rip off,1,2024-12-13 05:20:12,0
very disappointed with thursday ..got uber to mater hospital brisbane no problems .. booked uber for pick up at the same place .. first driver turns up i don't no where no able to find or call him ..he cancels trip ..second driver the same .. incompetent pair of drivers ..driver that took me there good ..i rang uber to find out where my cab ride was to be asked if i wanted to book..i explained what had taken place to be told that they had cancelled and i had to pay cancellation fee.. poor servic,1,2024-12-13 05:14:38,1
"This app is the best, better than all Taxi",5,2024-12-13 04:56:21,0
Rate increases on demand are theft,1,2024-12-13 04:50:40,0
Stop sending unwanted notifications. I don't use this company because of their unwanted push notifications.,1,2024-12-13 04:35:22,0
Am I buying crypto or calling a taxi? Prices changing every damn second,1,2024-12-13 04:22:22,0
Doesn't ask to confirm purchase before sending request for ride,1,2024-12-13 04:12:06,0
Always reliable and friendly,5,2024-12-13 04:01:13,0
Professional and courteous clean car just perfect,5,2024-12-13 03:58:41,0
"As I buckled my seat belt , my driver greated me good morning Jerry twenty-five minutes to your destination the car was immaculate ,when I arrived she said have a great day.",5,2024-12-13 03:57:26,0
Hard to tell what side of the street to stand on.,3,2024-12-13 03:55:59,0
"Great drivers. I couldn't set time. I set 1:00 pm but time confirmed wrong. Tried 3 times. Was able to cancel 1. I called first two at number shown. Phone showed Ontario then BC and neither answered. Finally lady called me, told her my problems. Said she would call Uber so I wasn't charged. Said I would take a cab. Said no, she'd tell them I need 1:00 pm pick up. Nobody came, so guess she didn't. Hope she did call Uber about wrong times. Will try to set time one more trip.",2,2024-12-13 03:52:29,0
This is my frst time really good,5,2024-12-13 03:49:19,0
"Bailey and Harmom were excellent, quick, friendly drivers. Love Uber better than Lyft clean cars Just prompt sevice friendly and safe drive",5,2024-12-13 03:48:39,0
Very bad app because costly and without our request and decision they change the high option and membership Today I also suffer from a bad experience. Many driver doesn't good to find location and because of him we late we also complain to help but no one responding in good ways to help customer.,1,2024-12-13 03:48:00,1
"Never far away , always polite, had some very nice drivers. Well worth the tips I give.",5,2024-12-13 03:35:01,0
"First time, Easy-Peezy",5,2024-12-13 03:33:45,0
"Awesome, where can I find the receipt.",5,2024-12-13 03:30:13,0
Safe and timely pleasant,5,2024-12-13 03:23:56,0
The service is wow Very good i like it ❤️,5,2024-12-13 03:02:45,0
Prices are a joke. Other apps and even local taxi services have better pricing. Will take my business elsewhere,1,2024-12-13 03:02:36,0
The motorcycle uber was a great experience,5,2024-12-13 03:01:14,0
Alot cheaper than lyft usually but much slower to find rides and much higher destination etas even if it's a 10 minute drive you can expect over a 30 minute time to get there,2,2024-12-13 02:59:26,0
CROOKS. CHARGED FOR SERVICES NOT PROVIDED. CUSTOMER SERVICE UNREACHABLE. FRAUDULENT COMPANY. USE AT YOUR OWN RISK.,1,2024-12-13 02:55:27,0
Polite driver. Very and on time asap. 5 stars employee deserves a pat on the back was quick where he needed to go he knew because I just move here to Abbotsford Thank you,5,2024-12-13 02:54:01,0
"Drivers not getting any closer, not answering messages or phone calls. Several times that has happened to me. No way to report them or hold them accountable for this behavior. Waiting in the goddamn cold for more than half an hour for a goddamn car! And it's not the first time.",1,2024-12-13 02:42:57,0
"uber is stealing, they charge me 2x for rides and say that one of the charges will drop off in 3 days. which makes my account bounce. they are stealing miney and just returning it in 3 days. they are using my money to pay their bills when they allready got payment for the ride. im reporting them to rhe bbb for fraudulent practices.",1,2024-12-13 02:27:58,0
Daniel was actually pretty good he was Taco Bell nice sweet understanding,5,2024-12-13 02:14:03,0
"Makes you book a taxi, quoted price 20£ and the final price is 40£. Uber is becoming a legalised scam",1,2024-12-13 02:12:56,0
This app is designed for restaurants to scam and get away with it. They never get your order right and Uber doesn't let you speak to a live person. So it's very hard to get help. The prices on the app are higher than if you go to the store yourself. If you can help it don't use this app.,1,2024-12-13 02:04:17,0
"Dear Uber Eats Customer Support, I am writing to express my profound dissatisfaction with the service I received regarding an order I placed approximately one month ago. My experience has been highly frustrating and unprofessional, and I feel compelled to bring this matter to your attention. After completing my order and making the payment, I received notifications that the food was being prepared and dispatched for delivery. However, after waiting for 30-40 minutes, I received a call",1,2024-12-13 01:46:04,0
I have driven for Uber and I also ride when I get my vehicle serviced. I love driving long distance so Uber doesn't really work for me.,5,2024-12-13 01:29:51,0
Trash. Treats both drivers and riders like trash. Steals money from your credit card. Uber lost a chargeback with my credit card because of a false charge. They waited until I got a new card number and charged it. No safety features. No customer support. Drivers get maybe 10% of what they charge customer,1,2024-12-13 01:20:33,2
Uber is outstanding service provider in all United States. Affordable for All great Choice for Each person,5,2024-12-13 01:12:45,0
"Very nice , smooth. Ride.. driver was very nice and and a pleasant person to talk to. Blessings to her n her family.",5,2024-12-13 01:12:45,0
Driver was friendly and very professional 👌,5,2024-12-13 01:11:16,0
"So many bugs. 100's of bugs in the app, please fix the bugs before letting people use it.",1,2024-12-13 01:09:55,0
Rides are quick and easy to get. The drivers are nice and friendly. Clean vehicles.....list could go on and on!!!!,5,2024-12-13 01:08:52,0
Very good loved the service,5,2024-12-13 00:59:41,0
Driver was really user friendly,5,2024-12-13 00:53:28,0
Depending where u are taxi driver might pick you up.i had a prebooked and they cancelled luckly i got another but he was 5mins late.app is ok.,3,2024-12-13 00:51:53,0
First time using the app. Ride was on time and very efficient. Easy to use. Highly recommend.,5,2024-12-13 00:51:14,0
"Thank you, Uber, for your quick response and reliable travel solutions. Your prompt service made my journey smooth and hassle-free. Truly appreciate the convenience and efficiency you bring to travel and recommend to everyone for using this app",5,2024-12-13 00:27:33,0
3rd class app no driver is receiving the call .,1,2024-12-13 00:19:34,0
"I have Uber One. I tried to order food but, for a majority of restaurants it shows no drivers nearby. But funny enough, my friend, who is not Uber One, could order from same restaurants and of course pay for the delivery. This is ridiculous and it just shows unfair tricks by Uber to get more money.",1,2024-12-13 00:11:04,1
"Expensive. And drivers ask for the travel amount before accepting ride. Drivers also ask for location details incase the amount and distance is not as per their expectations then they decline. Also these drivers never accept and there is endless wait. Worst service had to wait, initially the drivers accept the request and after few minutes cancel the ride. Had to take up normal auto saves time and money.",1,2024-12-13 00:05:05,23
Wonderful driver's and prices,5,2024-12-12 23:45:04,0
Uber has become so trash lately 😪 the over waiting for rides and the shared ubers are insane. They basically make 3 ppl ride in a shared uber forcing a passenger to sit in the front seat of these drivers vehicles. Some of the drivers are sketchy so it's kinda a little bit more unsafe,2,2024-12-12 23:41:57,0
Worst app made me miss my flight cause it wouldn't send the driver to my location had to get lyft,1,2024-12-12 23:27:37,0
I completed a ride. why bombard me with notifications to reserve my next trip?! when I need it I will request it! l have to uninstall the application after every ride and reinstall a day before my next ride,1,2024-12-12 23:22:53,0
Very useful service for rent,5,2024-12-12 23:21:42,0
I've always enjoyed using Uber,5,2024-12-12 23:02:20,0
Can't live without you,5,2024-12-12 22:58:42,0
Happy to take a ride all।the time।।,5,2024-12-12 22:50:52,0
What's the point of ordering a ride when no captian accepts the ride!,2,2024-12-12 22:50:47,0
Uber has many times come in handy for me. Convenient and safe.,5,2024-12-12 22:39:57,0
It is easy to use and we can pick up taxi very early.,5,2024-12-12 22:37:52,0
"I've had this app for long but I've been using bolt.I just decided to try it fora change and I'm very dissatisfied.On the very first trip I was stressed out and wasted a lot of time before I could get home which was very bad service.If not for the option of one star,I would've never thought of giving one not to talk about more.Please talk to your drivers to mind what they say and how not to raise their voices",1,2024-12-12 22:36:04,3
"Very bad experience, driver are too late at pickup location",1,2024-12-12 22:31:01,0
"Annoying to navigate, unsure if my voucher is being used, it said it was, but shows the trip costs a certain amount, customer support is just articles. I feel like I need a course and someone at Uber on the phone just to navigate the thing.",1,2024-12-12 22:30:45,1
Nice supper offers give the more mint nice 👍 rider service I like uber,5,2024-12-12 22:29:53,0
"App is decent. Given the time it's been around, one would think it better by now, but I guess it is what it is, to keep costs down.",4,2024-12-12 22:12:19,1
"I had some back experience with one of the drivers being unprofessional and unpatient he didn't wait. As soon as I came outside my garden, he drove off.",3,2024-12-12 22:12:08,0
Every travel is able to complete.,5,2024-12-12 22:08:17,0
I didn't want to schedule it they scheduled it for me they came to get me and of course I wasn't there cuz I was going to schedule it for later and then they charged ME TWICE!!!,1,2024-12-12 21:55:56,0
"Wait times are usually too long in the morning, app shows drivers near the location but always gives the farest driver. Also some drivers playing hot potato.",3,2024-12-12 21:55:53,0
Love it. Easy to use. Available in many countries. Much better option than taxis.,5,2024-12-12 21:52:19,0
Highest traffic changes has taken,1,2024-12-12 21:27:49,0
They charge 26 pound if they cancel the booking and it not even you they ternd up my mum a part time weal chaire user and the wealchair fits in car boots and my mum had a dog taxi booked as she taking her dog up as my nefue was being rushed to hospital in skegness and they ternd up and just said no yet it was pet selected and then when and charged my mum 26 pound yet they cancelled it beyond the joke don't recommend please use kingdom cars there amazing,1,2024-12-12 21:26:46,0
Enjoying ride without any doubt in mind,5,2024-12-12 21:26:41,0
Sudenly price increse ur app😔😔,1,2024-12-12 21:24:43,0
Very satisfy with the trip/s taken!,4,2024-12-12 21:18:16,0
Uber is better than rapido more options,5,2024-12-12 21:16:20,0
Sometime the app take to long time to update,3,2024-12-12 21:09:45,0
Like this app very much,5,2024-12-12 21:07:55,0
Edited: Very Bad service,1,2024-12-12 21:05:45,0
Perfect timing and good behaviour,5,2024-12-12 20:59:45,0
I enjoy my rides every morning.,5,2024-12-12 20:57:15,0
Uber started cheating customers with extra fares after completion of ride and we don't have any proper customer service to contact,1,2024-12-12 20:56:46,0
It is good 👍 but sometimes it doesn't book after several tries you will finally get the ride.,4,2024-12-12 20:54:52,0
"Uber used to be good , but now it's giving bad service, can't even find location correctly, take charges for driver cancellation, also their driver are Rude",1,2024-12-12 20:53:21,0
Very careful in miserable traffic. Excellent driver.,5,2024-12-12 20:52:59,0
Very useful thank Uber,5,2024-12-12 20:50:15,0
"In Türkiye, Uber does not work efficiently, due to taxi drivers. But if there is a problem, at least you can give feedback about your issue and wait for your issue to be solved.",4,2024-12-12 20:48:18,0
Always on time anytime of the day or night,5,2024-12-12 20:33:15,0
"Inaccurate fares. When I ordered a car for the following day the price was 80. When the trip was completed the next day, the price was 122. NEVER USING UBER AGAIN!!!",1,2024-12-12 20:17:07,0
Don't drink and drive - Request a ride Loving Uber One because of the money I get to save.,5,2024-12-12 19:52:31,0
"Really soo fast and accurate pick-up, drop .🥰🥰",5,2024-12-12 19:49:13,0
"Very bad experience ,it doesn't even get you a cab most of the time",1,2024-12-12 19:49:13,0
"When all goes smoothly it's fine enough, but the app can leave you high and dry late on the streets by deceptively indicating availability and taking bookings, when, in fact, no driver has been secured, or even worse suggesting one is coming so you to wait, but then drops the booking after some time. Also has really distracting ads / promotional slider right at the point that you are trying to get important booking info which is a total accessibility fail.",1,2024-12-12 19:47:15,11
Works very well. No problems and happy with the new security features.,5,2024-12-12 19:36:12,0
Very nice and very supportive,5,2024-12-12 19:15:32,0
Service very bad. I wil booking a cab from njp but the cab not coming. I wait 15 minutes for the cab but the cab not came. Second time the drive said me need extra money. Its not good experience for me. I will delete the app.,1,2024-12-12 19:15:07,0
"Very friendly driver, and the car was so clean and comfortable, and the music was perfect for my nerves in traffic. Enjoyable ride!",5,2024-12-12 19:12:40,0
Easy to use and customer friendly!!,5,2024-12-12 19:08:57,0
The drive in this uber black was amazing. The driver made me feel calm and relaxed even though I was not feeling good about my Jhb trip.,5,2024-12-12 18:50:51,0
Love it . It is effective and quick,5,2024-12-12 18:44:57,0
User friendly and instant responder! Simply Great!!.,5,2024-12-12 18:43:52,0
"Dissatisfied Uber rider, following complicity with drivers running the meter following designated destinations. Very poor, and automated responses from support. Do not provide credit card details for payments!",1,2024-12-12 18:41:56,0
Amazing but the cash was too much,4,2024-12-12 18:38:42,0
The drivers go to the wrong place on an wait till they can charge you for doing nothing. they will go way out of way for no other reason then to get you to cancel so they can get the fee for nothing it happened to me a lot.,4,2024-12-12 18:35:35,42
"I had to cancel rides twice in a row because every driver goes to make a stop previous. And I'm still waiting 25!!!!!!! minutes later. You shouldn't allow drivers to take 2 rides at a same time. Besides, many times these drivers are local cab service that either try to cancel your ride and charge you cash or b!tch the whole ride about how Uber takes their jobs... while working with Uber and trying to turn it into their sh!tty service. PLEASE RATE LOW ON THIS, Uber is turning into a mess.",1,2024-12-12 18:33:17,0
"Very hard to change the trip and they will charge us more if we change, it's very complicated and the drivers forcing us to cancel the order it's really bad comparing with past. for which level this company reach",1,2024-12-12 18:32:26,1
"🤔I, DO NOT RECOMMEND IS MY REVIEW THIS IS FINAL DUE TO THE TREATMENT RECIEVED- - 😒buBer IS A JOKE 🤡😆‼️‼️CHARGED ME OVER $35 FOR CANCELLING TRIPS ‼️‼️ OVERCHARGED, ME FOR 2 MINUTE TRIPS‼️ APP. CLOSED MORE THAN 20×'S NON~STOP‼️‼️UNACCEPTABLE‼️",1,2024-12-12 18:23:10,0
Can't add credit card as payment option,1,2024-12-12 18:20:39,0
The fact that Uber does NOT deliver customer support is pathetic. Sure you can query via the help option. But you system is broken since useless employees throw you from mailer to mailer and take ages to respond.,1,2024-12-12 18:17:07,0
If rain falls for 250 charge he is charging 1000 plus worst app,1,2024-12-12 18:06:24,0
Pricing algorithm is nonesense,1,2024-12-12 18:06:14,0
"Very bad experience, I booked 2 times ride and both times driver charged extra money and when I complaint through app they just message we are unable to refund money ..... Customer care number also did not work.......",1,2024-12-12 17:51:35,0
Drivers discard your fare and make your wait for another.,1,2024-12-12 17:45:18,0
very satisfied but price is so high,5,2024-12-12 17:26:20,0
It's much bad app I think we should not download it,1,2024-12-12 17:19:34,0
"What a nice ride with a great defensive driver, 👏",5,2024-12-12 17:15:46,0
"Useful, user friendly and well run app.",5,2024-12-12 16:57:55,0
it's good but sometimes it takes too long to find driver while the app show cars around me available at first.,4,2024-12-12 16:49:58,0
Today I book a auto my fare is 130rs but auto driver demanded 250rs this so bad experience,1,2024-12-12 16:42:58,0
"Bad driver, drive for Uber. Can't read a map, drive for Uber. Can't learn a few CBD and major arterial roads, drive for Uber. In all seriousness the bad drivers complain about the money and the good ones seem pretty happy.",3,2024-12-12 16:40:55,0
Having to pay 50 dollars for a 20 minute ride is ridiculous.,1,2024-12-12 16:31:37,0
Very good app. but sometimes hangup at searching driver,4,2024-12-12 16:30:43,0
Good and resenable fair price...,5,2024-12-12 16:19:47,0
App is always freezing and getting me charged for nothing,2,2024-12-12 16:07:39,0
My uber app can't work. I can't go online from the last one and half month. Many times contact with uber support but they said we have not any time frame to solve this issue. Poor support service,1,2024-12-12 15:57:45,0
"I took Ubar Ride just now , It was pleasant ☺️ Driver originally from Bangladesh was very polite 👌",5,2024-12-12 15:57:45,0
it's good for all nd available easily,5,2024-12-12 15:55:33,0
"What a clownshow of an app and of a company. Laggy, clunky. Driver can just cancel the ride after we waiting for 10 minutes and he won't suffer any consequences for this.",1,2024-12-12 15:53:17,0
On time. Good driver. Very professional. Nice clean car.,5,2024-12-12 15:45:20,0
Unable to create a ride what's wrong with that. Waste of time.,1,2024-12-12 15:40:49,0
"Much cheaper than a regular taxi & the drivers are far more friendly, I Love Uber 🩷🥰",5,2024-12-12 15:32:38,0
To use this app it is not friendly make this app so friendly that illiterate person can also handle easily this app make it friendly there also should be some waiting options for booking,1,2024-12-12 15:12:43,0
Phenomenal i enjoy the comfortability and some uber drivers are very friendly keep up the good work Guys you make life convenient for us😊,5,2024-12-12 15:07:50,0
Driver was a nice person,5,2024-12-12 15:04:31,0
"Scam scam scam.... I wait for 15 minutes after booking cab, driver was standing in his comfortable position and switches to another driver and driver himself cancelled ride and Uber asked me to pay cancellation fee for that.. why will I pay cancellation fee. This is totally scam from uberm",1,2024-12-12 14:45:53,1
1st driver from uber and it was brilliant,5,2024-12-12 14:39:34,0
Good App. Garbage company. If you want long wait times for overpriced cold food with customer service which mine as well be non-existent you're about to download the right app.,1,2024-12-12 14:27:38,1
"Charged me a cancelation fee when it was the driver who canceled on me because I couldn't find his stupid car, his instructions on where his car was were vague. We were in a rush. Deleting this dumb app and never using it again.",1,2024-12-12 14:21:51,1
Suddenly app has stopped to work,1,2024-12-12 14:21:37,0
I cannot input my phone number in the app and I am not receiving any Sms neither,1,2024-12-12 14:18:50,0
Absolutely great drivers and I will recommend it to anyone,5,2024-12-12 14:16:27,0
Great driver and vehicle. Couldn't have asked for a better first Uber experience.,5,2024-12-12 13:57:21,0
The app does not open when needed,1,2024-12-12 13:47:38,0
Couldn't even add a payment method. Tried 3 different cards and google pay too. My friend really needed a ride,1,2024-12-12 13:44:59,0
This is a very useful application that can use worldwidely. I really like it.,5,2024-12-12 13:43:25,0
Not as good a rapido but better than ola.,4,2024-12-12 13:30:07,0
Drivers cancel rides left right and centre. When your drivers won't accept rides..what do we do? Make a change in payment to cash and then book...so that someone accpets it... and then you charge me cancellation fees...what stupidity...take the money no prob...but atleasy give proper services. WORST. Worst,1,2024-12-12 13:25:40,0
Gets you where you need to go,4,2024-12-12 13:23:10,0
Not good. Driver demand extra money,3,2024-12-12 13:19:37,0
Why does it find the furthest drivers when booking.pointless app unless priority is paid ubers not fussed.,1,2024-12-12 12:52:21,0
Love it very 👌 anyone can do it,5,2024-12-12 12:46:01,0
Very good attitude and driving,5,2024-12-12 12:45:11,0
First time using it for me there 4 min to pick up very convenient,5,2024-12-12 12:43:42,0
Getting in the airport at 1:15 and home by 2 is super,5,2024-12-12 12:41:38,0
"Reliable, affordable and quality services",5,2024-12-12 12:34:49,0
"Uber is AWESOME! I am thankful and grateful for the access and availability! This app does not update my information on new device, nor dies it give an option to input updated information from a new phone. It showed an very old account number that I have not used in years beginning with number 409...no longer in use. I couldn't get ride from a new phone. I don't like syncing my devices anymore. It's difficult now.",5,2024-12-12 12:33:12,0
This is my first ride 50% Discount not available pl check Answer me,5,2024-12-12 12:19:06,0
Shuttle bus is the best,5,2024-12-12 12:16:17,0
Quentin was very nice and professional. We drove 50 miles through snowy roads and I felt comfortable and safe all the way. Thank you Quentin.,5,2024-12-12 12:11:05,0
Using for 5 years one of the best ☺️,5,2024-12-12 12:00:37,0
Best app forever for ridding anywhere.I like Uber service and it's cheapest fare on ridding,5,2024-12-12 11:59:38,0
"I like Uber the best, it costs less",5,2024-12-12 11:57:25,0
Very horrible I booked a ride in advance as I always do the set price I was quoted and charged was not the price after the ride was finished on to of that it has been over 48 hrs with no explanation of why I was being charged extra after the fact of being told it will drop off its just a pre-authorized hold and it's still there make it make since,1,2024-12-12 11:51:12,1
Fast and accurate rides,5,2024-12-12 11:45:09,0
"This application is very helpful and also fabulous service, anyone use simply and very cheapest price we get on this application.",5,2024-12-12 11:38:32,0
"I have a suggestion or more like an idea. You guys should give out a point system for customers. Something like, for every dollar that's spent, give 100 points and after so many points. The customer can either get a free meal, free ride, or whatever services the customer is using. The points will go towards that. Something to keep the customers loyal.",4,2024-12-12 11:29:04,0
Fast responding nice much better then other stupid aaps I like it,5,2024-12-12 11:27:48,0
Wrost app we book auto and ride confirm after 1 hours. Very very bad services,1,2024-12-12 11:25:05,0
App is good but can't find drivers quickly. Waiting time is soo long.,3,2024-12-12 11:11:09,0
Price is reasonable.. we'll keep it up,4,2024-12-12 11:08:28,0
"Excellent safe driving, well behaviour, very pleasent with a smile, respected the customers very clean car with ac",5,2024-12-12 11:07:46,0
Bed service very very bad in driver app very good,1,2024-12-12 11:03:16,0
"Uber is not as good now as before. The drivers are demanding more payment or asking for the drop location.Once i went out for lunch and i was dropping my friend off somewhere while going back home, so i added two stops. The auto driver said ""two stops why did you book less money will come!"" Then i had to drop my friend and rebook again . And today also 227 was total, driver took very long route then i ended up paying 300😫😫😫 lots of problems like this are happening.",3,2024-12-12 11:02:19,1
Bad experience fake person,1,2024-12-12 10:57:09,0
Nice experience Driver Was Good & Professional,5,2024-12-12 10:53:59,0
service that works only for cash not for card payment. auto cancellation or no pickup for card payments.,3,2024-12-12 10:35:39,0
"Drivers friendly, yet professional",5,2024-12-12 10:35:00,0
Very very very bad app .and very bad company for custumer and captin,1,2024-12-12 10:10:21,0
Charged $200 for a cleaning fee for a mess I didn't make. Didn't have food or drink to make a mess in the first place. Never using Uber ever again.,1,2024-12-12 09:45:47,0
"When we book Uber for ride, we can see less price but when drivers come and complete the ride they showed us his mobile and say look at this and that price is not same!! Plz solve this issue first.",2,2024-12-12 09:44:30,0
Driver Well behaved and on time,5,2024-12-12 09:43:34,0
"I'm not able to login, it telling me to reset from beginning.",1,2024-12-12 09:31:09,0
Don't use Uber it is the waist app It is not booking fast,2,2024-12-12 09:10:35,0
First time ever calling an Uber and in the worst weather possible. The driver was on time and got me to work with time to spare. She was awesome and I'll definitely use Uber again. Thank you!,5,2024-12-12 09:02:20,0
"Excelent app,very secure and excelent communication between support and user.",5,2024-12-12 08:57:35,0
Very useless app during emergency no rider accepts the ride when someone is in emergency. Very useless app,1,2024-12-12 08:13:06,0
Uber spends your money in your bank when it wants to no authorisation needed,1,2024-12-12 08:12:20,0
Pathetic service..... always searching and if booked then driver will cancel. Kindly do try this app. You will get late because of this app.,1,2024-12-12 08:07:24,0
I had a good ride and reached at exact time,5,2024-12-12 08:06:09,0
It shows price than increase after ride,2,2024-12-12 07:55:11,0
"When we try to book a ride , please show us the tentative price of this ride . Fix this problem as soon as possible. Otherwise everything is ok.",1,2024-12-12 07:38:51,0
"It's incredibly odd that they let paying riders be reviewed, you don't see waiters getting to rate customer that give the bad tips or cashier's at grocery stores get to rate customers that yell at them over prices they aren't responsible for so what makes Uber drivers so particularly entitled? Also at what point are they allowed to rate? After they can presume they got a bad review after being rude?? I've never been rude to an Uber driver but I can assume one that was mean gave me a bad review.",1,2024-12-12 07:38:25,0
It helps to reach destination in time and easy to use,4,2024-12-12 07:20:57,0
Adhar card v chahiye isko or pan card v,1,2024-12-12 07:19:58,0
"""WOULD BE"" A 5⭐ APP ""IF"" your navigation software didn't SUCK & you weren't SOOO EXPENSIVE !!!!",3,2024-12-12 07:19:17,0
Good application for cabs,5,2024-12-12 07:03:26,0
"I try logging into my account. It says it'll send a verification code to my phone number. It never does. It then says it'll send one to my email, so I try that. It works, but then tells me I also need to verify my CVV. I do. It tells me there's an error and won't let me move forward. I try using a new account. It won't even send my email a verification code. What is going on? I'd rather use any other delivery service at this point.",1,2024-12-12 07:01:16,2
Good friendly experience,5,2024-12-12 06:57:37,0
Worst customer support. Worst app. Fares are miscalculated but customer support is no use,1,2024-12-12 06:28:37,0
"This app cheated me, Showing 72.50 zlt so i taken taxi but after trip take to 163.50 zlt (poland) i gives complaints but not refund, no reply now. Before also i have same. Don't trust.",1,2024-12-12 06:23:14,0
I occasionally get seats that don't hurt. Thanks.,5,2024-12-12 06:12:23,0
"Absolutely horrendous customer service. My order was 2 hours late because my first driver claimed the order and then sat in a neighborhood for an hour. Just to drop the order when they were heading in the direction! My second driver was even further than my first!! I them called Uber support, and after sitting on hold for 10 minutes, they told me they could only offer to cancel the order or give me a 3$ credit... was a uber one user before and after this I was just done. Absolutely horrendous",1,2024-12-12 06:06:08,12
I have used Uber a few times and I've always had a good experience,5,2024-12-12 05:48:53,0
Forcing me to take a picture of ID that's never good enough for the stupid app,1,2024-12-12 05:42:21,0
JTP372- Grey Toyota Tundra TOT- DRIVER- PICKED ME UP AT 526 NORTH HOYT St.- at 12:08 am. This morning TOOK ME TO 440 Spenard Rd.( PUFFIN INN) Ordered by the man - REKA(602-***-**67) at the drop off location. Getting up in our room I realized the the driver never pulled my briefcase out and give it back to me I'm not talking to the REKA guy because he didn't care enough to help get back now in there is ALL MY IMPORTANT PAPERWORK FOR EVERTHING PLEASE HELP ME GET BACK ASAP PLEASEPLEASEPLEASEPLEASE,1,2024-12-12 05:39:02,0
"Nice clean cars and top notch drivers, compared to some cab drivers",5,2024-12-12 05:14:04,0
"Too frustrating to navigate when help is needed!! Recently, however, I must admit my experience with Uber Support has improved considerably; and though at times having my issues properly addressed has been somewhat challenging, for the most part I'm happy to say Uber customer service agents actually do their best to provide satisfaction and adequate information to help me receive positive results as needed.🧏🏻",4,2024-12-12 05:08:21,1
I way prefer Uber to taxi. Most wait times in my area are only an average 6 mins from the time you book it. Also so affordable for anyone really. I have enjoyed very much majority of trips.,5,2024-12-12 05:00:52,7
"Great, never had any issues with Uber drivers 10/10",5,2024-12-12 04:38:51,0
"Appreciate the service, pleasant experience",5,2024-12-12 04:17:25,0
"It's convenient when it functions, but what's the point of this app existing if i can't consistently get a ride to queue to get me to work",2,2024-12-12 04:04:26,0
27 dollara for 3 miles. Used to get 25 miles for 10bucks. Boycott UBER,1,2024-12-12 04:03:57,0
Worst experience ever,1,2024-12-12 03:56:35,0
"I haven't used Uber in almost over a year and I find out that my husbands card was being charged for Uber one without mine or his concent. That's theft in its basic form, that's not okay. Id rather take the bus before i decide to use Uber.",1,2024-12-12 03:54:07,0
i love Uber for rides and for the Uber eats program.,5,2024-12-12 03:50:37,0
Drivers cancelling after time goes by is my biggest issue we have to pay if we cancel but they get a pass & it's quit the inconvenience. And these ridiculous surging prices 3 to 4 times the normal amout it's BS.,3,2024-12-12 03:50:16,0
"Most unreliable app always messing up every month and Terrible ""support "" why I have to get a separate sub to be able to call them .App won't load and blackout it needs to be fixed! It's I'mpposible to get a hold of them if my app doesn't start",1,2024-12-12 03:44:05,3
The best invention since chocolate,5,2024-12-12 03:30:03,0
Better and faster experience than other apps ✨,5,2024-12-12 03:27:39,0
Difficult to learn. Less robust than Verizon messages +.,2,2024-12-12 03:26:15,0
Most rides are not bad and way better than a cab. Nothing ragged. Everything is pretty easy and cool to quickly get from one spot to another quickly.,5,2024-12-12 03:25:07,0
I love the App but its 100% BS to charge 40 dollars for a 10 minute ride.,2,2024-12-12 03:20:06,0
"So far, drivers are friendly. Still, it's a risky thing to do.",5,2024-12-12 03:09:18,0
Great experience with Janice,5,2024-12-12 03:04:20,0
"Since the seperation of uber and uber eats as apps, the app is never accurate or it never updates the position of drivers when I put in for a ride.",1,2024-12-12 03:00:23,0
Don't use these apps. As a driver i can confidently say they're using bad routes on purpose just to force the miles and minutes up and they're the ones who keep 70-80%,1,2024-12-12 02:56:46,0
Good work. Affordable convenient top notch services,5,2024-12-12 02:37:23,0
"Always fast, affordable and courteous. Love Uber.",5,2024-12-12 02:26:15,0
"Very friendly, easy to talk to. likes his job and does it well. First time doing Uber. good experience",5,2024-12-12 02:23:51,0
"Just keep charging services never received, GPS does not give the right direction, follows payment or won't get your next ride, better use public registered services , at the end it's cheaper",2,2024-12-12 02:18:17,0
"good app, geting roo expensive",4,2024-12-12 01:51:45,0
"Rides in Bangalore, even airport rides have cng tanks in sedan and Premier bookings. Leaving no place for check in bags. Need to display before hand if the booking/car has available boot space so we can make appropriate choice instead of driver arriving and canceling.",1,2024-12-12 01:34:59,0
Good driver helped with bags,5,2024-12-12 01:31:05,0
"Drivers are cancelling all the time, uber doesn't regulate that and it is awful if you have to be somewhere...",1,2024-12-12 01:19:14,0
"Drivers'll take double the expected time to arrive, claim they're here when they're nowhere in sight, and cancel the trip. Colossal waste of time.",1,2024-12-12 01:18:51,0
They do not respond to support tickets. The app has my phone number marked as verified but refuses to let me request a ride due to an invalid phone number. Don't they really they make money if I can use the service and don't if I can't? Wild.,1,2024-12-12 01:18:23,0
"The 5 stars are more for my driver Luis!!!!! Very nice man, excellent taste in music, most importantly he got me to work on time which is a miracle. I had a different driver to start with but when I messaged him to double check my ETA, he cancelled, I'd already been waiting like 15 minutes. Anyways, I'm not sure if everyone realizes this but they depend on tips as does servers, bartenders, etc, being a former server/bartender, I will tip even if I'm not thrilled with the service I still tip. TIP",5,2024-12-12 01:16:11,0
"They think delivering gross, cold food within one hour of ordering is acceptable. Do not recommend",1,2024-12-12 01:05:59,0
"I highly suggest not using Uber for grocery delivery. One delivery driver went full rouge and picked the most random items for replacement for items that ""couldn't be located."" Trying to bring this to the attention of Uber is futile as they just end the help conversation as resolved when Uber doesn't reply or Uber just doesn't answer.",1,2024-12-12 00:57:29,1
Good in USA but lots of issues when traveling. I'm living in South America for an extended amount of time and the drivers only want to be paid in cash. They get frustrated if you pay in card even if you tip generously and they will give you 1 star reviews for this. UBER please tell drivers the payment method of the rider and do not allow drivers to give fake reviews to riders. My rider rating has absolutely plummeted from 1 star reviews from this trip alone.,2,2024-12-12 00:45:28,0
Great services and great people,5,2024-12-12 00:41:29,0
Nyc trip your capitan beheviour good,5,2024-12-12 00:25:09,0
Price swings are annoying when not in your favor...,5,2024-12-12 00:12:48,0
"Today again one bad experience,deiver not coming near asking to call back,i cancel 5time ,still no one came Yesterday night i book uber auto .auto person took double charge of bill amount of 50/- ,before coming to location they are dealing with customer ...it is quite surprising in coimbatore it is now becoming a trend to ask extra which is not a good sign of hospitality and service to customer.",1,2024-12-12 00:12:34,0
"Worst app . Expensive taxi, drivers not accepting trips. How many times tried to use Uber never get driver that London. Bristol all Uber in Toyota. You wan execute you waiting long. Probably not a lot drivers are really working for Uber. Shame. It's not worth local taxis cheaper and quicker, local taxis you can find any city",1,2024-12-12 00:11:19,0
Good app to use and it's safe,5,2024-12-12 00:09:12,0
"My first Uber App experience, so easy for this 87 year old!",5,2024-12-12 00:08:46,0
"Became so much better, uber has become a must have",5,2024-12-12 00:05:01,0
"Can't ducking reach customer support when we need it the most. The in-app ""help"" is a nightmare of documentation.",1,2024-12-12 00:04:58,0
Uber driver perfect ride app,5,2024-12-12 00:03:12,0
"Uber gives me problems when I'm using it and I usually get duplicate pays which means a pay for a ride twice . My uber eats order didn't arrive and I tried getting help from the uber customer support amd their service was very poor. I wouldn't recommend uber even for my worst enemy, that's how bad my experience with uber was, in fact if I could I would give uber half a star.",1,2024-12-12 00:01:00,1
Scum. Try and cancel premium only to be told you can't do it through the app (why not? Who knows!) and have to contact support. How do you contact support? The app doesn't tell you. I mean why would it? Scum. Scum. Scum. Scum. Scum.,1,2024-12-11 23:40:29,0
Amazing app for traveling place to place,5,2024-12-11 23:27:40,0
Very good.. And helpfull,5,2024-12-11 23:26:06,0
The ride was safely and good with precautions we safely reached at our destination,5,2024-12-11 23:19:32,0
free ride dikhata hey deta nehi,1,2024-12-11 23:14:48,0
Very nice conversational person thumbs up!,5,2024-12-11 22:58:22,0
"Constantly random charges on my credit card when my card IS NOT linked to my account. Uber is the only charge like this, others have the same stories. Scam.",1,2024-12-11 22:57:51,0
"I never had a issue b 4 with Uber, til 2 day, when ,the driver refused to pick me up from the food bank and bring me home, no notice that they would be late $14.95 wasted The worker at the food bank gave me a ride, and was so kind. ""UBER & HOP GET IT 2 GETHER, U ARE LOOSING BUSINESS ""!!!!!!",1,2024-12-11 22:53:30,0
Reserved a taxi 24 hours in advance for a busy time. Driver was assigned but cancelled 20 mins after he was due. Another driver could not be found so I then needed to find another way. Needed up being over an hour late and stressed for an important event. Disgraceful. Will never use again,1,2024-12-11 22:53:09,1
"This is a great app I love it, I just don't like the high rate that would apply on some days.",5,2024-12-11 22:50:12,0
One of the nicest drivers I've ever had,5,2024-12-11 22:47:04,0
I like it I only take Uber rides but it's a great app,5,2024-12-11 22:43:18,0
Horrible I don't have an Uber app and I'm being charged $10 a month for a service I don't use,1,2024-12-11 22:33:40,0
Auto rikshaw service is not there in this app I am disappointed from this 😔😔😔😔,1,2024-12-11 22:30:32,0
Extra fund demand at any time ride,1,2024-12-11 22:29:48,0
"I would avoid uber they charge stuff to your account Uber one, . I used the free trail and canceled the same day. Should never have been charged, 2 weeks later I saw I was chargeed 9.99Uber would not refund me the money I called for a week and a half they kept saying they would refund me but never did I had to Disputed it with my bank they took the charge off I called uber and Confirmed I didnt have a uber one membership so a month I got charged agian 9.99",1,2024-12-11 22:29:47,1
"I did a trip with Uber Cab and I even made the payment via PhonePe but still He is asking me to make payment through the app Even after making the payment, it is visible in the app and is not letting me book a new cab",1,2024-12-11 22:25:32,0
Don't rely on this app. night time driver accept ride and after 5 to 10 minutes waste they cancelthe ride. And when we cancel the ride they took money from link account. Very worst experience. I almost loss my train. Useless app. Never use again.,1,2024-12-11 22:17:34,2
Scamer of the year..the app showed me 450 charges and later at the end of the ride they charge 1153 it's that fair guys plz say something they are taking over us this incident could occur on u also so uninstall this app...,1,2024-12-11 22:09:02,0
The app and my account are constantly corrupted by cyberterrorists who add money to the charge and uber doesn't fix it at all. Not worth it.,1,2024-12-11 22:09:01,0
"Often very hard to get someone to accept a journey, despite living next to a main road, requesting a reasonable trip, and having a good rating. Surge pricing is ridiculous. Overall, very disappointing and making want to just have my own car again.",1,2024-12-11 22:01:03,1
Awesome to use and user friendly. Thank you very much.,5,2024-12-11 22:00:48,0
Good a delivery pick up and user for Uber services,5,2024-12-11 21:55:57,0
Uber is one of the worse I have ever used especially now in December. I constantly have to fight tooth and nail to get my money back for drivers who cancel because they didn't check the stops and consider them 'unsafe'.,1,2024-12-11 21:55:04,0
"Nightmare to schedule a ride for someone else, please fix this.",1,2024-12-11 21:46:54,0
"Crazy to me that when I got picked up at the airport, I was charged me $70 ish to travel at 1am across Dallas, no biggie there. But crazy part is the driver, the EMPLOYEE, only got $29 of that, and the rest went to Uber. That's f'in insane. STOP ACTING LIKE CORPORATE AND ACT FOR THE PEOPLE YOU. While the CEO gets paid more and more by the year, the employees get reduced pay or lack of increases as the years go by.",2,2024-12-11 21:45:18,0
Drivers ask us to go offline.,1,2024-12-11 21:43:55,0
Need to do something about drivers requesting more money to pick people up and other scams drivers pull.,1,2024-12-11 21:42:29,0
Arbaz khan good driving nice parcan thanks 👍👍👍,5,2024-12-11 21:41:57,0
Customer Service is not available,1,2024-12-11 21:37:36,4
Very fast and reliable,4,2024-12-11 21:29:50,0
Good drivers and clean cars,5,2024-12-11 21:11:56,0
horrible Never available when needed the most!,1,2024-12-11 21:07:50,0
"It is very helpful app, and uber drivers also very kind persons, and well manner behaviour",5,2024-12-11 21:05:59,0
Great driver. Vehicle very clean and comfortable.,5,2024-12-11 21:02:03,0
"I paid for Uber one and the cost of my rides went up, not down daily. Ruining my paycheck. I have to get to work get day and it's costing more than a car note monthly.",2,2024-12-11 20:52:08,0
Ride was safe and friendly,5,2024-12-11 20:46:22,0
"I just took a ride yesterday and the fare shown was 465. When we reached the destination driver demanded extra 50%( Rs 235)in the name of return trip. We told him we can't pay that and had an argument. But he was persistent, and as we had to catch the train so we paid and left. Later we contacted Uber for refund , they said they can't do anything about it. DONT BOOK UBER TAXIS IF YOU DONT WANT TO LOOSE MONEY.",1,2024-12-11 20:31:58,1
"Disappointing that you can't get uber support for a ride you were in, that you did not order",1,2024-12-11 20:31:28,0
My last driver was 6star bestttttt,5,2024-12-11 20:25:58,0
"They don't monitor their drivers in real time. Sometimes, drivers will be assigned and will drive away from you because they don't want to take the route and don't want to be the one to cancel (they want you to be the one to cancel so you pay the cancellation fee). There is no way to report this via the app in real time. Quality control has been declining as they struggle to achieve consistent profitability.",3,2024-12-11 20:25:25,4
"Reliable and fast, but their riders are purposely extending the time of ride",3,2024-12-11 20:21:37,0
Always get a great service! Thank you Uber and you wonderful Uber drivers! 🙏🏻,5,2024-12-11 20:20:59,0
My Uber driver not only made sure that I got there safely but went above and beyond by helping me find my air BNB and helped me carry my luggage to the door step God bless her,5,2024-12-11 20:20:22,0
"Uber's services nowadays are extremely poor & pathetic. Paucity of cabs can't find ride easily. Somehow, if it's booked, drivers at their own do cancel the rides at last minute. Further, the customer redressal service is of no use. You can't approach Customer Care on an one-o-one basis (there is no call/direct msg facility available). On App's chat window, you'll keep apprising of your problem, and Uber People will keep responding with Standard and nonsense responses. Time to establish alternate",1,2024-12-11 20:07:19,0
"Very wrost service, rider not taking pickup , behaviour not good",1,2024-12-11 19:50:18,0
"I will now be using Bolt instead of Uber. On 23 May 2023 I attempted to request a ride. I was not allowed to select the ""pick,up now"" option. I had to accept scheduled ride 45 mins later. Another person at the same pick-up point could request a ride that arrived within 8 mins. Uber and the Uber app has now failed me twice. There are alternatives to Uber like Bolt. U will certainly from now on use Bolt.",5,2024-12-11 19:48:29,169
Perfect couldn't have had a better driver. EXCELLENT!!!!@,5,2024-12-11 19:41:22,0
I am using Uber since 2016 and I never disappointed because it makes my ride more comfortable to explore the possibilities which is always closer,5,2024-12-11 19:38:03,0
Very pathetic experience with uber auto...always charging more what was showing in the app...5 to 10 rs is understood but the amount is changed by 80 to 150 rs everytime ...and the support department is more pathetic...they are pretending that they are giving back the same amount...but the amount you can not utilise in the next journey because they will increase the price while paying the bill... pathetic app ever....shame on you guys,1,2024-12-11 19:30:20,1
Fare charged is very reasonable 👌,5,2024-12-11 19:29:18,0
Two star deducted because drivers cancelled ride again and again and waiting time so long overall is good,3,2024-12-11 19:29:11,0
"Disappointed at the fact that drivers can cancel a ride while already having accepted the ride, just because of pricing. They knew the price before they accepted, it tells them what it is, also their wait times are too long.",1,2024-12-11 19:17:57,0
Help and support are awful,1,2024-12-11 19:13:39,0
Very well-mannered young man. Thank you,5,2024-12-11 19:08:49,0
This app is third class app driver demand more amount,1,2024-12-11 19:08:21,0
"App will not let me log in. Tells me to use a different method or contact customer service, yet does not provide any options for either.",1,2024-12-11 18:57:24,0
Worst to the worst experience.,1,2024-12-11 18:52:54,0
"This app used to be the standard and I used it for years, but I don't know what happened lately. Several minutes just to find someone to accept a ride, 20 to 30 minute wait times for them to get their, and prices higher than they ever were before",2,2024-12-11 18:40:01,1
Very quick liked it..,5,2024-12-11 18:33:40,0
Best Riding Experience with Uber 👍👍,5,2024-12-11 18:24:59,0
Very courteous driver and not very long to wait thank you,5,2024-12-11 18:20:52,0
Why is uber lying about the miles/km? It is always doubling it... I am 4km away from something but it says 8km? Hence the price goes up...,1,2024-12-11 18:20:05,0
Worst app Price changes before and after ride,1,2024-12-11 18:13:50,0
This app big problem for login. Process,1,2024-12-11 18:12:48,0
"Great apps, and absolutely no doubt Bangladesh no 1 easy great service provider 🤍💜",5,2024-12-11 18:08:51,0
"Charges went from ₹350 to directly ₹800, would never used this app again.",1,2024-12-11 17:56:33,0
I got a refund on a bad driver. Thank you uber,5,2024-12-11 17:54:54,0
Only respond on standard template help desk message for fake trip issues. Not even consider any evidence provided.,1,2024-12-11 17:51:29,0
I got the service where no other app was providing...thanks!,5,2024-12-11 17:46:24,0
"Faster is seldom faster. It's a gimmick to get you to pay more. Today's fastest pick up was in 3 minutes, according to the app. According to reality, it was 17 minutes before the Uber showed up! Stick to UberX.",1,2024-12-11 17:42:33,2
Difficult to reach customer service. All is now AI operated which doesn't really resolve any issue you have. App is glitchy.,1,2024-12-11 17:38:35,0
Top Class Support from the support team,5,2024-12-11 17:31:48,0
It's very good but some times rides are not accepting long time,4,2024-12-11 17:26:07,0
Thanks Balwant sir Thanks Uber App Thanks Uber team members Thanks God Thanks thanks thanks thanks thanks,5,2024-12-11 17:24:28,0
The app does not work. No way to find contacts. Terrible.,1,2024-12-11 17:19:42,0
"Review for Uber EATS only. Do not use Uber Eats as opposed to other delivery services. Delivery drivers accept your order, then proceed to not deliver your order but to run personal errands or deliver for other services (Uber Eats GPS shows their location). There is no time limit for the deliver drivers so they can choose how long to take to deliver your order. You may wait 20 minutes, or 2 hours, it's up to them. I had two delivery drivers accept my order and then drive miles away. Do not use",1,2024-12-11 17:05:15,1
"A normally trip for me is 13 or 15, but from December it is too expensive same trip 35 or 39 dolas. No way",1,2024-12-11 17:03:05,0
Stuck on the payment screen post the latest update. Does not let me book a new ride. There's no pending payment in the app. Customer support has not been able to help. Not the expected app experience from a global tech giant. It's been two weeks since I have been unable to use the app. Been a user since 10+ years now...,1,2024-12-11 16:54:54,66
Good service and driver's good behavior,5,2024-12-11 16:49:57,0
Very good service and great journey,5,2024-12-11 16:49:38,0
"Horrible services. All drivers and Bike people just cancel their rides if they dont get paid in cash. Uber is cheating the drivers of their money, customers suffer being on the receiving end of this nonsense",1,2024-12-11 16:47:55,0
Very affordable price to ride,5,2024-12-11 16:45:23,0
Good person and safe driving 🌟🌟🌟🌟🌟,5,2024-12-11 16:43:07,0
"Good and safe ride , while stopping, continue asking through notification about safety",5,2024-12-11 16:38:11,0
All time driver ask price destination and ask extra amount ask for cancel ride from my side we are late if cancel than required penalty charge from us I never use Uber after today I am using Uber last 3 years but uninstall the app forever no rule is there,1,2024-12-11 16:30:37,0
I reserved a taxi for the following morning. Ride was accepted. Taxi never turned up and driver never responded to my messages or calls so I had to cancel in order to book a new ride. I got charged the full ride plus cancellation fee and almost missed a meeting. Support has been abysmal.,1,2024-12-11 16:22:36,1
When we are trying to book it will be booked but the driver will call us that we are at the location but once we try to reach them. They will cancel our rides and then it will be taking time to book again.,1,2024-12-11 16:10:41,0
Nice& hassel free ride.,5,2024-12-11 16:09:21,0
A bit complicated but I get there in the end. I'm. Old and not technically proficient,4,2024-12-11 16:04:29,0
Good drive safely ride,5,2024-12-11 15:54:32,0
Uber is great thanks to this business I'm able to work everyday thanks,5,2024-12-11 15:51:16,0
"I started using Uber again after 3years and the experience is still the same. Except this time it seems worse. They debited my account without informing me prior or even after, I found out when I was about to book another trip. The customer care agents are yet to give any particular reason why that debit occured except to tell me ""there is no outstanding balance in your account"" Please tell me why I was debited with a dubious description is all",1,2024-12-11 15:44:08,1
App support is pathetic. They take atleast a week to respond to a simple request and that too without any solution,1,2024-12-11 15:35:44,0
"Currency conversion means you end up paying much much more. Not good, will use another app",1,2024-12-11 15:28:25,0
quick and easy to use,5,2024-12-11 15:27:02,0
Great experience so far,3,2024-12-11 15:10:28,0
Everytime they charge more fee than they asked,1,2024-12-11 15:02:20,0
On time. Friendly .Great service,5,2024-12-11 14:53:57,0
Very Good And Satisfying Experience Uber Services Are Amazing And Customer Friendly And Fares Are Reasonable.,5,2024-12-11 14:45:16,0
This app is not sufficient with the time requested per drivers. When booked a driver app says 5 mins but drivers is really 10 mins and when you request another driver the second driver take as long as the first driver I was better off waiting for the first driver. Uber needs to do better with rule regulations on drivers just like you charge a fee for changing drivers when they take long and request another . Drivers should also be charged a fee when they take long as well. Uber do better!!!!,1,2024-12-11 14:35:44,1
Disgusted with the services by Uber.,1,2024-12-11 14:35:39,0
"Im pissed, a year, using Uber as only way of getting around Miami, im 5star member. On 12/5 W no money in the bank to call uber (first time) in need stranded & $2 cash. less than 4miles ride straight line. , i got to speak to an actuall human which is unheard of & explained my situation, i said to please take me home that I'll pay for ride my next ride. NOPE! Today i took uber, since UBER LEFT ME SHOWING NO LOYALTY, even tho in profile help menu there is an option membership & loyalty. F.U",1,2024-12-11 14:24:34,1
Quick availability and competitive fare with efficient driver.,5,2024-12-11 14:18:27,0
It was best experience,5,2024-12-11 14:09:10,0
"Here's a corrected version of your sentence: ""The app said the driver had arrived, but the driver is nowhere to be seen, and his car is not moving, even though I messaged him. Why do I have to pay for penalty that is not my fault? Does this mean I will have to wait for the driver to arrive, even though I'm already late?""",1,2024-12-11 14:07:13,0
"Worst experience ever I wouldn't recommend this app at all , I had a appointment for passport renewal at 2pm pm so I started booking from 12 00 literally they couldn't even fetch a vehicle for 12kms distance even tho it's booked the driver calls and cancels the ride . Not at all reliable",1,2024-12-11 13:42:06,2
This app is not reliable for customers. Pick-ups are delayed and the options are not good when you need help.,1,2024-12-11 13:38:36,0
"Excellent, clean cars , kind drivers ,with Uber we can go",5,2024-12-11 13:37:13,0
It was nice trip with smart Driver.,5,2024-12-11 13:34:04,0
Service is good and economic most of the time.,5,2024-12-11 13:33:09,0
Nice and quick service,4,2024-12-11 13:30:37,0
worst & scam app. Customer ko kam price dikhakar location ke pohochane ke baad jyada paise demand karte hai driver .. Worst app. Please don't install this scam & useless app. This is the 2nd time jab driver ne jyada paise liye hain.👎👎👎😭.. Uninstalling this useless app. 😡😓,1,2024-12-11 13:29:01,0
"Convenient and very safe, charges are very moderate",5,2024-12-11 13:22:25,0
"If you look at how long a ride will take to get to you, you then exit the app, then go back, you will see the price has increased by a lot! I've also noticed some local taxis are very competitive. Also some pick up spots aren't recognised on the uber map, causing unnecessary stress and complaints.",2,2024-12-11 13:14:02,10
"I have already paid before ride, but still asked for payment after completion of ride. I am unable get a Customer Care no to confirm that, already paid.",1,2024-12-11 13:12:15,0
"Not properly visible pair amount... before Booking showing less amount, after delivered showing high amount.",1,2024-12-11 13:08:03,0
It's been smooth so far... Easy to use and good service.,4,2024-12-11 13:07:26,0
Excellent Service Fast pickup Safe driving,5,2024-12-11 13:04:33,0
That's a great service.,5,2024-12-11 13:04:30,0
My experience with uber auto is very good,5,2024-12-11 13:04:05,0
"The GPS is unreliable, the drivers use map software and don't know the city, and it costs more than a local taxi. So you're paying more money for a less knowledgeable driver and poorer service. Editing to add that the priority service is a rip off and often not faster or not proportionally faster for the additional cost, and timing's are never accurate. A minute in Uber time is the longest in the universe.",1,2024-12-11 12:50:38,24
"Unfair Cancellation and Double Charges I had a terrible experience with my recent Uber ride. The driver cancelled my initial ride after failing to reach the exact pickup location. When I requested him to arrive at the correct location, he cancelled the ride. To my surprise, the same driver was assigned to my re-booked ride. I'm now being asked to pay for ride + cancel charges( note: I didn't cancel the ride), which is unfair. I'm extremely disappointed with the service and the lack of support.",1,2024-12-11 12:48:08,0
"Not only the rates are very high for the consumer, but drivers also get so much deduction and fee charges that they do not accept the rides anymore.. It used to be a great app but now it has gone to shambles",1,2024-12-11 12:47:26,0
I felt very peaceful riding with Uber. It's a reliable app.,5,2024-12-11 12:38:48,0
The behavior of the driver was good,5,2024-12-11 12:36:46,0
Why should i bear the cancellation fees if driver told me to cancel,2,2024-12-11 12:31:35,0
Third class service Driver mis behaviour,1,2024-12-11 12:02:07,0
User friendly interface with affordable cost.,5,2024-12-11 11:48:27,0
"Wait time becomes 10 15 mins, when you need it the most",1,2024-12-11 11:47:19,0
Worst price now but wow the blocking me of rating my recent trips five stars and tipping when I clearly forgot... So wrong . I give up on this company!,1,2024-12-11 11:38:13,0
Before it never asked for photo id to pickup a rider for me. Now all of a sudden now it's asking for a photo of themselves and a photo of their id and to take a new photo when the driver arrives. Sorry now you're asking too much. I understand it's for safely but now it's become an inconvenience to get my niece picked up.,1,2024-12-11 11:36:30,1
Good.But fare was high.,5,2024-12-11 11:14:32,0
"The customer care executives are hopeless and they are un aware of the solutions to a problem.i had booked a round trip for a destination.but had to change it to single way upon arriving at the destination due to medical reasons.i was ready to pay single way fare plus the waiting charges of the driver so i called customer care.the executive assured me that upon ending the trip i would be charged for only the actual distance travelled and waiting time,but i was charged for the round trip.pathetic",1,2024-12-11 11:05:24,0
The app should have a language change feature. Play Integrity only basic control should be applied. Passkey generation does not work.,4,2024-12-11 10:50:18,0
Earlier I used to get uber car very easily without any problem but now in last few weeks I don't get any driver even they come to the gate but then ask for the location and then cancel it and misbehave on phone.,3,2024-12-11 10:47:59,0
"I have been using Uber for a few years now and I WAS very happy with it until the new update. because not only did I use my current phone number without any issues prior to the update with booking a ride through the app using funds from a gc that I had purchased and put $20 cash on the the gf and was able to get a ride to my destination using the money from the gc for payment and now it req a non ""Voip"" phone number to utilize gc option & then won't refund the $ for it, so my $ is stuck on uber",1,2024-12-11 10:47:39,0
Very good experience.,4,2024-12-11 10:45:46,0
Worst app low budget uber,1,2024-12-11 10:38:08,0
"Do not use this app they are selling ur information hard this greedy company and all it's workers can ""KYS""",1,2024-12-11 10:26:51,0
"Extremely buggy app, poor service and horribly inaccurate delivery times",1,2024-12-11 10:14:30,0
Disgusting it takes more than 45 min to book a ride,1,2024-12-11 10:02:25,0
Worst app. They literally loots your money without any orders. Tried contacting them multiple times but they never responds and doesn't refund. Money looters.,1,2024-12-11 09:57:21,1
Location service and payment system are best,5,2024-12-11 09:37:03,0
"It's nice that there's a reliable app when you don't have a license, and I like the flexible payments. Pleasure doing business.",5,2024-12-11 09:28:33,0
I have an emergency today used uber to book a cab but 15 minute is completed waste still in the app not booking the cab on time I have very bad experience with uber never tried again.....!,1,2024-12-11 09:26:41,1
Worst service by uber as now a days in Ahmedabad the wait time is too long and they drivers even after accepting and coming nearby cancelling ride today I waited more than 20 mins to get ride confirmed same condition with OLA we need something best,1,2024-12-11 09:26:30,1
Very reasonable and responsive! I have no complaints at all!,5,2024-12-11 09:22:30,0
Veri bed aap not open to my phoan,1,2024-12-11 09:09:37,1
Terrible app. Cabs are never available. Drivers keep cancelling rides. Rude drivers. Nothing is improving in this app. Uber just charges exorbitant prices. No concern about service.,1,2024-12-11 09:04:22,2
"As compare to other apps ,This app is much cheaper. N service is also good",5,2024-12-11 09:04:17,0
Captains didn't pickup the low price rides in morning due to which I use to get late for the college 5-6 Times,2,2024-12-11 09:02:03,0
Today a uber driver with Car No. MH 48 AY 8024 cheated on me with a extra charges of toll. Such a worst uber driver I have ever seen.,1,2024-12-11 08:56:19,1
It worst app for auto and who was in hurry it's take more than 30 minutes to book cab and driver always reject the ride,1,2024-12-11 08:47:37,1
This app won't let you delete your account. User beware,1,2024-12-11 08:45:45,0
Drivers have been courteous in reasonably experience driving has not been a problem.... I also like the short time it takes for most drivers to pick me up. Thanks Uber. 💯✊🏽,5,2024-12-11 08:40:27,0
"works great, simple and quick to catch a ride.",5,2024-12-11 08:24:33,0
Always works for me so i dont have to worrie about shopping just reach for the app an its all you want.,5,2024-12-11 08:07:50,0
It's safe and very helpful,5,2024-12-11 07:52:16,0
"You are pushing your uber pass but the backend system is so bad, I was charged twice for verifying UPI as my payment method and am still unable to buy the pass as the payment method doesn't show up. Paytm wallet is the only option and even it is not working. Do something your company is a joke...even after scaling... Update: still the worst customer experience app and no effort from uber to improve upon it.",1,2024-12-11 07:50:23,4
The drivers tend to be good but uber charges so much and gives the driver so little,3,2024-12-11 07:45:14,0
"Beware of the uber ride share. The driver took my request, never came to get me, ended the ride as if he completed it and uber took my money. The man never came to the pick up location. You can't call to speak with an agent, all they have is text. Uber sent me an email saying the fare was correct and there was nothing they needed to do. This is insane. Been waiting all day and night, as I have contacted uber again, no resolution. Bad business.",1,2024-12-11 07:32:54,5
"The app charged me a 5$ tip to my fare. It's not a lot, but was completely unauthorised and a violation of my rights as a consumer. Scam artists.",1,2024-12-11 07:26:13,0
Terrible app with no help for customer service. Can't wait to uninstall and forever use Lyft. They made me wait 20 minutes for a six minute ride and I can't cancel!!!??,1,2024-12-11 07:20:01,1
I had sent my parcel through uber and the delivery agent took your parcel and ran away. I filed a complaint with uber helpline and now the uber agent is saying that we are not responsible for your item.,1,2024-12-11 07:00:53,1
"This app is great. Four stars because I wish I didn't get notifications when I have the app open. I'm already in the app, just put the message on my window please. I open the notification and lose my page. Soon it seems I have multiple Uber pages open and am not sure which is the most current.",4,2024-12-11 06:58:09,0
Thank you I have arrived safe,5,2024-12-11 06:51:34,0
"Uber has hired habitual criminal offenders, kidnappers etc. as drivers. Money first later security, safety and well beings of passengers.",1,2024-12-11 06:45:06,1
been perfect so far even gave me 60 credit when I was abused by a cab driver,5,2024-12-11 06:30:36,0
Whoever came out wit dis uber idea is brilliant it saves money and time on everything .,5,2024-12-11 06:25:16,0
"This app is a joke. It's charging me for past orders from over 6 months ago. When requested help in the help part, there is no answer for days. Gonna have to call my credit card and dispute the charges. Their help number doesn't even work anymore. They overcharge you on rides after giving you an agreed upon price and not by a couple of bucks but sometimes by 50-60 dollars. Feels more like a scam than anything now a days",1,2024-12-11 06:14:16,2
This app is garbage. I only gave it one star because you can't give a rating of 0 or negative stars. This is the least user-friendly app I've ever used. I had to use Lyft because I could not get Uber to accept my pickup location at ATL Int. Airport.,1,2024-12-11 06:14:14,1
Nabil is a friendly and efficient driver.,5,2024-12-11 06:08:26,0
"Much MUCH CHEAPER then Lyft. Even beats lyfts sales. I'm not throwing shots... I'm just saying. I look at both and it's just better, lower.",5,2024-12-11 05:40:52,0
A good app for seeing options and rides nearby. But I'm sick of drivers accepting jobs and then cancelling on the way to pick up - presumably because a better job has come in. And uber has no process for dealing with this (unless you are a customer of course - in which case you get penalised if you do the same thing).,3,2024-12-11 05:36:18,9
Excellent. Far better than Ola.,5,2024-12-11 05:29:59,0
Awesome and convenient,5,2024-12-11 05:16:50,0
No good for short trips the drivers won't pick you up,2,2024-12-11 05:14:17,0
Good with fair prices,5,2024-12-11 04:51:19,0
"Didn't receive my full refund for $20.23, and they gave me $5 dollars back they scammed me.",1,2024-12-11 04:45:56,0
"Unable to turn off push notifications for ""promotional offers"" ""membership"" ""product updates & news"" ""recommendations"" and ""feedback""",1,2024-12-11 04:31:21,0
This driver was outstanding!,5,2024-12-11 04:29:56,0
"Love this app!! Don't like when the drivers cancel a ride out of nowhere, but I've always had great help with customer service when needed",4,2024-12-11 04:29:30,0
"Many times they run much later than promised. In another country, they ask for more money than the trip price or want cash once I get into the car, even after picking me up late. Then others are prompt and professional. You never know what you will g see t. Roll the dice but don't rely on them if you really need to be somewhere on time.",2,2024-12-11 04:27:51,1
Sending fake promotions & offers and wasting peoples time. Had a very bad experience with unexperienced cx service agents Abdul and Doya. Would say doordash is much better compared to this. I can send the screenshots as well.,1,2024-12-11 04:27:05,0
"It's good for fast food. But if you try to grocery shop with this thing don't do it, its a waist of your time because your just going to have to go do it anyways. I put 7 things of one item on there they'll give you 1 because there trying to shop for 7 people groceries at once to collect the most revenue at the expense of not giving you service if they don't get compensated $25 in tips. Some however are great people but 99% of the integrity of drivers makes this app useless.",2,2024-12-11 04:02:05,1
The uber driver drove passed me and still took my money . Also then had uber come no where close to the address for pick up show proof and still no refund my money multiple times I'm over it at this point. Not recommended.,1,2024-12-11 03:49:57,0
Always excellent and reliable.,5,2024-12-11 03:44:51,0
A learning experience.,5,2024-12-11 03:36:32,0
Comfortable. On time.,5,2024-12-11 02:38:37,0
"The drivers in Bahrain make you wait 20 min and then cancel last minute, happens multiple times, same as if we cancel we need to pay a fee also should do the drivers, v cause now is happening too often, and then you have to wait for another 20 min, total wait 40 mins, that's unacceptable",1,2024-12-11 02:36:50,0
Easy for an old woman to do. 🙂,5,2024-12-11 02:08:11,0
"At fitst you think that the drivers are rude, greedy and unsafe, but then you realise that this is the company culture. In Faro airport they pick up your order, then drive near by and leave as you never come. When you try to catch them they drive towards you, almost on your feet. In Amsterdam, they won't come bc the ride is too cheap, it is just normal. Or, the driver will see you running towards them with a heavy luggage and he will start moving, then he will tell you that he can't take you.",1,2024-12-11 02:02:09,0
"I paid $73 for a travel that I paid $35 twice before. It's a rip off. The road conditions were not even bad. The snow was melting, there was no ice. Will never use Uber again.",1,2024-12-11 01:42:23,0
"These days I despise having to use the Uber-App. The integration with Uber-Eats, constant prompts to subscribe and/or up-sale attempts, has made this app absolute hell to use. If you aren't in an area, where cellular networks are top-tier-fast, the app is ridiculously slow. Just requesting a ride, now takes around 10 minutes. Just the request. Not even counting waiting for a driver to respond. Uber! Profit is not everything. You have social responsibilities as well. Do better!",1,2024-12-11 01:35:02,13
I was quoted $66.00 as a special from Port Charlotte to Tampa fl and you charged me $85🥺 maybe I will try Lift.. I didn't know that you all did that kind of business 🙄,1,2024-12-11 01:10:53,0
"The Uber eats section is annoying. When I'm trying to give directions to my delivery driver, it doesn't give me the option to show them pictures of my location. If the app adds this feature, then it would make both our lives easier",1,2024-12-11 01:03:26,1
"Uber is now available in Blackpool, very attractive price for riders",5,2024-12-11 01:00:39,0
"Your drivers are irresponsible. They don't care about the customer and because they accept trips, hold them for ten minutes and then be like nah, not gonna do this, I am constantly late to work. I am using Didi. Cannot trust Uber or the drivers.",1,2024-12-11 00:57:35,0
Very bad service in Egypt Waiting time is too long Drivers doesn't accept trip easily Very very bad service,1,2024-12-11 00:53:23,0
Complete rip off and they take to long to pick you up there prices are outrageous they charge me 23 dollars to the corner and back they give no deals ready to delete my account,1,2024-12-11 00:50:58,0
Most usable app for everyone 👍,5,2024-12-11 00:50:07,0
Thank you so much Mr Aslam for giving me A wonderful Ride I will Never forget this moment,5,2024-12-11 00:48:35,0
Friendly and Perfect Driver,5,2024-12-11 00:47:59,0
Mr. Muhammad went above and beyond to find me. It was raining so hard I had to manage in a not so visible area to avoid the rain. He was courteous and very professional.,5,2024-12-11 00:44:05,0
Safe and smooth driving and nyc behaviour of driver.,5,2024-12-11 00:37:58,0
I don't like this new modus operandi. It takes forever to get a ride when an order is made and it appears it's done on purpose to lure you into ordering a hight priority ride. Pointless I must say...,1,2024-12-11 00:34:14,0
"Uber is a very bad company, firstly they do not refund the money and secondly the vehicle does not leave on time, brother it would be better to walk, as requested by their company, do not go by vehicle",1,2024-12-11 00:29:55,0
Sending me proof codes are unnecessary.,3,2024-12-11 00:26:04,0
"Drivers cancel orders one after another, better use Bolt.. it îs more expensive but more professional",1,2024-12-11 00:20:10,0
"Don't use this app if you are not a frequent traveler. Even though you have paid money for your ride, they don't update their system. And if you try to book ride after 30-45 days, they ask again for the money which you have already paid for your previous ride. And also Uber is hopeless as well as helpless to their customers if they try to raise query after 30 days regarding money complaint. They don't accept complaints after 30 days. Seems big scam. Use other apps If possible.",1,2024-12-11 00:19:48,1
Always there when I need a ride,5,2024-12-11 00:19:34,0
Bad app service not recevice short ride picked,1,2024-12-11 00:16:14,0
Can always rely on them and the fare and convenience in the car to your destination. Thank you for your excellent service.,5,2024-12-11 00:03:50,0
Nice and reasonable a big 👍,4,2024-12-11 00:01:30,0
"Waited 1 hour for a ride that never showed up,walked 5 miles then hitchhiked to a restaurant where your driver picked me up. I am pissed ! No customer service whatsoever ! And I talked to cust serv who said""no ride in that area"" duhhh How will you compensate me ? Or do I just delete your app ?",1,2024-12-10 23:55:29,0
inorrect GPS and Outrageous fees.... Both issues ignored.,1,2024-12-10 23:55:05,0
I booked a ride it's showed 10.19 dollars but after ride is completed it cost me 5 more dollars when I went to complaint at customer service it is showing me there is no increase in fare it is 15.19 dollars from the start so the the app didn't even me option to complaint this the worst experience,1,2024-12-10 23:52:37,0
Sometimes I've had really rude drivers but it'd been about 2 years since I personally had an uber for myself and today this guy was amazing!!,5,2024-12-10 23:47:51,0
"Wait times and estimates are always incredibly off and unreliable even if you order an hour ahead. Uber one wont save you more than 7$ a month on rides, that barely pays for a ride down the street and you're spending about 10$ for that monthly subscription. Its a scam. Drivers are majority very rude, but that could just be my area. There have been times when I've needed to dispute a charge and they wont let me. Absolutely terrible hate it :).",1,2024-12-10 23:36:10,16
Please don't download this app very bad service ride take ride then rider extra money if you don't agree with rider then rider cancel the ride and rider ask extra mony tjid this option isn't available this app so please 🙏🙏 don't do not download the app,1,2024-12-10 23:33:58,0
The best navigator ever.,5,2024-12-10 23:12:20,0
Driver cancel ride halfway before coming at pickup again and again,1,2024-12-10 23:12:18,0
This app fastly provides auto or bike etc. in comparison to other apps like rapido and ola and with less amount then that apps (experience of three years of using this app),5,2024-12-10 23:06:32,0
"I scheduled a ride for the morning, was given a price. Confirmed. I was outside before the driver, no stops. I just checked my phone and I was charged DOUBLE! Double!!! Heavy traffic isn't on me and is not an excuse to charging people double the quoted price without any notification. It's a Tuesday morning in L.A., of course there's going to be traffic. Useless Ai ""support"" chat.",1,2024-12-10 22:55:07,4
"Works technically, but id always double the time estimates it gives, which seem to ignore the laws of physics. Ive never had a ride make it to me in less than double the time estimate.",2,2024-12-10 22:52:56,1
Nice person & good service,5,2024-12-10 22:52:07,0
Worst app when I book ride fare was 240 but after reaching destination it's showing 400. Not going to use UBER again,1,2024-12-10 22:49:45,0
"I literally have a brand new Samsung, and everything else works fine but this app won't even start on my phone ????? so now uber has become completely useless to me....",1,2024-12-10 22:49:15,0
Awesome app. I love the rating system so that I can make better decisions about who is my driver! Very convenient!,5,2024-12-10 22:38:16,1
I always have a great experience when I use uber.,5,2024-12-10 22:25:10,0
Not a useful app always expensive.,1,2024-12-10 22:24:48,0
Pick your poison uber or lyft. I choose Lyft. Uber locked my uber & eats account from October 13 until now for no valid reason except to force me to sign up for uber one. I couldn't not request any rides or use uber eats. They even interfered with me receiving uber eat receipts when I ordered thru instacart. Then they tried to force a uber one transaction when i didn't authorize no transaction or even sign up for that service. I have spoke to literally 8 different CS agents who BS me why.,1,2024-12-10 22:23:35,0
Very disappointed for this no customer suuport rides are too expensive i preferred ola and Rapido,1,2024-12-10 22:16:19,0
for me uber proved better than rapido,3,2024-12-10 22:15:29,0
Amazing driver come and collected car was clean 👌 🙌 👏 👍,5,2024-12-10 22:10:47,0
Easy affordable rides. Better availability than Lyft in some areas.,5,2024-12-10 21:54:44,0
Sometimes the prices can be overwhelming,2,2024-12-10 21:54:23,0
We are very happy for uber service.we r required a monthly package.,5,2024-12-10 21:43:31,0
Selecting the location when booking for others should be made easy,4,2024-12-10 21:43:21,0
"Prices are outrageous, and the wait times are NEVER accurate",1,2024-12-10 21:27:38,0
Apt and swift. I was impressed.,5,2024-12-10 21:18:16,0
One of the worst service,1,2024-12-10 21:18:04,0
I can't even open the app.,1,2024-12-10 21:11:17,0
This app does not work for me anymore it's annoying me all I want is to go,1,2024-12-10 21:06:01,0
They won't let you cancel a ride,1,2024-12-10 21:05:22,0
cars are old.dirty.even the premeiers one. drivers are oh?,4,2024-12-10 21:05:03,0
On time capable and pleasant drivers from ERW to Scarsdale and back to JFK. Good value. Will likely always book with Uber. Good app.,5,2024-12-10 21:02:12,0
"I hate my Uber Experience. Booked a Auto Today which was in the worst condition ever, Front Glass shield broken, auto body rusted, also he was driving Auto with different registration number than mentioned in the Uber App. He was Rash driving and spoke to me in an unethical way. He also demanded 50% extra fee. I am disheartened with Uber now and will never use Uber again. If Uber Support sees this, I can share the Auto Registration number if you really want to help customers like me.",1,2024-12-10 20:59:56,0
"App does not work very well at all in rural areas. I've been left stranded either due to no available drivers or an error telling me something went wrong when I attempt to reserve a ride. Lack of availability I can understand, but ststem and server issues are inexcusable.",3,2024-12-10 20:54:37,1
"This app is now a scam and the heads of uber have become cocky with how the app prices journeys. Used to be good, now utter rubbish. There are inflated prices constantly. They inflate the prices if u use a gift card, u get little to no discount as an uberone member and if u do, its a discount on an inflated price so u still pay more. wait times are slower now unless u pay an inflated price. used for couple years but it's obvious now. Don't pay for uberone, u get nothing back and pay more for it",1,2024-12-10 20:50:26,2
"Not what it used to be. Had 3 drivers refuse service after sitting in car asking where I was going. Was stuck at a bar for almost an hour trying to find a new way home. It was a 30 min drive nothing crazy. Drivers accepting pickups without knowing destination wastes everyone's time. ""Just get an Uber"" isn't a thing anymore.",1,2024-12-10 20:50:24,0
Very bed and slow service.,1,2024-12-10 20:42:58,0
"Fraud App, money was paid in cash to driver, but this app is again asking to pay and while booking new trip it adds the previous amount again. VERY FRAUD",1,2024-12-10 20:39:31,0
Cab finding is fast but sometimes the drivers cancel and then it's a lot of problem,4,2024-12-10 20:39:18,0
"Reliable, Quick and cost efficient. Nice drivers.",5,2024-12-10 20:27:53,2
Always have a nice experience with Uber!,5,2024-12-10 20:18:26,0
Very complicated app.. I had to search so many instructions to do anything. The app doesnt allows to choose other rider and book a cab at later date.,2,2024-12-10 20:15:45,0
Very nice taxi service at affordable prices,4,2024-12-10 20:15:14,0
Quick response friendly behavior good and safe ride,5,2024-12-10 20:12:57,0
"Blocked and deactivated my 6 years 5 start account without giving any explanation and then gave an automated response when replying, neither me or anyone in my family will ever use this trash app again.",1,2024-12-10 20:04:29,0
I ordered an Uber. Got the ride. Once I arrived another driver phoned me and asked where I was. I told him I had just arrived at my destination with the Uber per my app. On my next ride there was a R130 outstanding balance. I did not order 2 rides and got cheated by Uber,1,2024-12-10 20:01:43,0
Rider was good and he dropped me before the,5,2024-12-10 19:57:52,0
Wrost application..don't use it.. When I was booked auto there's shown affordable charges after dropped at door step auto driver ask for extra payment rather than shown in application... It is not worth it along with local travel,1,2024-12-10 19:56:52,0
They kept hitting my card,1,2024-12-10 19:52:25,0
Guys better you use ola Or rapido totally froud app at the beginning it show's you less amount and then argue for extra amount after trip I have a proof never use this froud apps,1,2024-12-10 19:48:51,0
Ride booking time Rs.399 show kar raha tha but ride ending pe Rs.678 show kar raha tha jo mere online wallet se deduct ho gya. So I am not satisfied this app.,1,2024-12-10 19:47:08,0
Extremely horrible service especially after 6 pm as drivers refuse to accept trips,2,2024-12-10 19:42:43,0
this app was made just to annoy people as much as they can. want taxi? pay us but we won't send you any link to pay. that's my experience so far,1,2024-12-10 19:42:13,0
"Remove cancel ride option from Drivers App or charge heavy penalty because they morons cancel rides when someone in medical emergency or any critical situations, If you did not remove cancel option from Drivers app, I swear I will convince and delete your App from my all family friends relatives and colleagues and will everything until you remove that option. Start now.",1,2024-12-10 19:37:40,1
Never take yet to a major event. $40 to get there. To return ride after ride cancels about the driver's ask for 3-4 times the quoted fare. Will not use again.,1,2024-12-10 19:30:40,0
Very good but offer is great it should be for more time I love this offer,5,2024-12-10 19:29:28,0
"Drivers are forcing to pay by cash or leave inbetween the trip & with multiple complaint to Uber seems there is no solution, this happened twice in Bangalore location. Already complaint raised so don't show your fake words & sympathy like we will check.",1,2024-12-10 19:26:08,0
"I hope you make arrangements for a different ride when they're busy or the weather's bad because if you don't you'll be paying out the *ss...anytime they get busy they jack the price up, what usually costs me $9 will cost me $40...they just do this to take advantage of people...I would've given no stars if I could because this happens to me almost everyday",1,2024-12-10 19:22:14,1
"This review is related to uber transport cars and autos. Rates are ok, except for the cancellation charges which are totally irritating....Not all cancellations are customers fault....99 percent the cancellation issue is not related to customer.....if this issue is addressed uber would be the most preferred.",4,2024-12-10 19:20:29,1
"I don't recommend, drivers smell so bad and does not speak properenglish , cars are not up to standars , the app need a lot of development always messed up with location, if you are late dont book from this app",1,2024-12-10 19:20:01,0
very good loving the service,5,2024-12-10 19:11:13,0
"Tried it once, middle of the day on a Tuesday. Utter scam. Jacked the trip price up three times, then charged me four quid to cancel. Never again. Uninstalled, deleted my account. Next time will use local taxis.",1,2024-12-10 19:04:28,0
"Kinda disappointed in the way uber does business. Gives an option for a quicker ride for some amount more but can't even get a quicker ride. Seriously? If you're rides are gonna be longer, no point in giving the option. You are better off using Lyft or Ztrip. Uber is only good for their food delivery, and even that is iffy.",2,2024-12-10 18:57:22,0
Very comfortable ride,5,2024-12-10 18:53:44,0
Very easy to double tip and no easy way to undo it.,1,2024-12-10 18:37:30,0
"When I chose the Uber and time to pick up me, they didn't get to exactly the address, and they canceled. That's the worst thing they can do. Today the Uber was canceled again and assigned another one. Isn't the first time Uber did that. It's really stupid to charge me more than 18 dollars, and the Uber came late. The Uber didn't come the time that I chose when I reserve the Uber.",1,2024-12-10 18:36:40,0
Very. Bad Uber service long time tk koi driver ni cabb uthata agr koi utha le to cancel kr dete hai koi rule ni hai very poor service ho gyi hai Uber app ki too much bad pls improve ur app Punjab ludhiana too much bad service,1,2024-12-10 18:36:37,0
Good Service and reasonable price,5,2024-12-10 18:28:06,0
overpriced. delivery service is awful. lack of customer service contact options.,1,2024-12-10 18:27:50,0
My experience so far is amazing,5,2024-12-10 18:16:58,0
"Customer service is the worse... they just don't care at all about the wrong doing of the drivers. Plus it's more expensive than other apps. And at least in my area, drivers have so many wrong doings like driving away without you just to collect the cancelation fee since the app makes it so complicated to complain about the drivers that a lot of people just let it go. Many of them are maniacs on the road and they get offended if you ask them to drive safely or they straight up ignore you.",1,2024-12-10 18:14:39,2
Constantly changing prices. Outrageous wait times. Says ride is 4 mins away actually 20 mins. Then when you wait the driver still has the option to leave you waiting. NO RIDE!!!,2,2024-12-10 17:44:13,0
It's a good app and very helpful,5,2024-12-10 17:25:53,0
It's convenient means of transportation,5,2024-12-10 17:15:23,0
"Extremely dissatisfied with the app I book an auto, it shows a certian amount and then upon reaching the destination the value in the app increases This happens every second time i book an uber If not that the drivers demand extra money or claim to not have change Some even try to take the longer route",1,2024-12-10 17:10:58,1
Wonderful app fair pricing,4,2024-12-10 17:00:24,0
Today I booked a trip driver got 200 rupees extra very bad experience,1,2024-12-10 16:54:21,0
"Consistently getting rides that the pick up time is over 15 min away, like people need to get to work and I look at the map see a thousand cars and I get the furthest rides away from me",2,2024-12-10 16:50:06,0
"Absolutely safe, great prices, clean cars, kind_professional drivers",5,2024-12-10 16:47:30,0
Good driver and the car was very clean.,5,2024-12-10 16:37:33,0
Nice app. It's more user friendly if reduce price,5,2024-12-10 16:36:31,0
"Worst app, while booking it showed 161 after dropping price changed to 321 & there is no option to call customer care, AI answers r not relevant.I will never use uber in my life again OLA is far better what they show they charge only that.",1,2024-12-10 16:30:17,0
"Very awkward.No scope to lodge complain easily,if any .",1,2024-12-10 16:29:20,0
"Sometimes, it takes a lot of time to get a cab or auto booked",4,2024-12-10 16:29:09,0
Good but not great sometimes the app glitches and doesn't cancel even after cancelling,4,2024-12-10 16:13:47,0
Wonderful Nice And Safe Drive,5,2024-12-10 16:02:01,0
You dropped me safely and with in time.Thank you uber.,5,2024-12-10 15:46:07,0
Great rides and great drivers,5,2024-12-10 15:40:45,0
Our trip was good and Ganesh is very helpful and courteous!,5,2024-12-10 15:39:54,0
"FRAUD, driver denied to give us a ride, but the fee was charged, with out any way to make a complaint",1,2024-12-10 15:36:16,1
Quick and easy to find a ride.,5,2024-12-10 15:34:47,0
I always use Uber and have found them to be very efficient.,5,2024-12-10 15:24:47,0
"They are doing very well nowadays,in terms of punctuality and quality.",5,2024-12-10 15:18:31,0
"Very poor service, do not try. They charge unexpected beyond your think on the behalf of surge charge. Their customer care service is even wrost service in India. I want to give Zero star but there are no option.",1,2024-12-10 15:17:25,1
Great services provided,4,2024-12-10 15:16:41,0
I use Uber every chance I get and I own 2 cars. So many times I just don't feel like driving I call Uber. I will be calling in a few days.,5,2024-12-10 15:14:16,0
"Waste of time and money, I am still waiting for around 40 minutes and no driver is accepting the ride. There are cabs showing on uber maps but no one is accepting the ride. There is no way to contact uber support. I am frequent traveler with uber with more than 400 ride in 2 months and still facing these problems. Uber doesn't respect time of their customers. I have faced this issue many times. Shame.",1,2024-12-10 15:08:41,45
Chetha app apudu drive order pettukuna chupinchina money tiskodu drop off tarvatha extra money add chesthadu .this is my personal review Naku Ela 5 times jarigindi,1,2024-12-10 14:45:20,0
It was wonderful and friendly,5,2024-12-10 14:44:36,0
Uninstalling this scary app. I had a bad experience with driver and I escalated the issue and there is no action or response from this app.,1,2024-12-10 14:41:48,1
To much late booking properly and cancel bike,1,2024-12-10 14:33:38,0
Good app good communication and just 1 minutes book and accept I am so happy very good Uber app,5,2024-12-10 14:28:44,0
"I used uber almost on a daily basis, but today will be my last ride. Uninstalling the app hope others do too. What a dirty trick to start charging more in order for a car to arrive without a 10+ min delay. Instead of rewarding customers you try to take advantage of them.",1,2024-12-10 14:14:37,1
They are bad. I subscribe and paying 6 GBP monthly. Now during raining day they want me to pay extra otherwise they assigned me far away driver who needs more than 10 minutes to arrive. It still the same policy even after one year,1,2024-12-10 14:12:08,0
Quick to arrive knowledgeable about destination pleasant and comfortable trip friendly driver,4,2024-12-10 14:06:12,0
Laxed out. Driver was low key,5,2024-12-10 14:02:39,0
"Very terrible experience, Multiple times I have to pay amount 2 times to settle the payment 1. Firstly complete the payment to driver it is not updated in the uber account again we need to finalize payment and it happens with me more than 5 times... Wrost application ever seen. Even customer support is not working for Uber.",1,2024-12-10 13:59:42,1
"Cars always arrive, and drivers always courteous. Great value.",5,2024-12-10 13:57:20,0
Very very Pungchual good and faithful and good response n effective n marevlless work and also very safe next time when I will take only n only Uner cab may God bless your work with dedication.,5,2024-12-10 13:51:49,0
Love it and I esliye treval with uber,5,2024-12-10 13:49:33,0
Pathetic uber money sucker uber,1,2024-12-10 13:38:59,0
It's always been difficult to verify your identity I can't stand Uber for this one reason,1,2024-12-10 13:33:54,0
Good service... Right time pic & Drop to distance...,5,2024-12-10 13:30:04,0
It takes so long to locate a driver the wait time gets so long,2,2024-12-10 13:20:25,0
It's soo good and afortable,5,2024-12-10 12:58:53,0
"Very bad experience, you are guys cheat with us, Same location fisrt day i came 25 Qr Next day same time 38 Qr, I thought road may be busy for traffic but i was wrong Road was good no traffic, But i don't understand why uberd to to me 38 Qr? Even before i pay same location and same time 25 Very bed app, i'll delete this app, And not recommended anyone",1,2024-12-10 12:56:42,0
Works as it should spot on AAA+++,5,2024-12-10 12:53:20,0
Very efficient help desk at airport,5,2024-12-10 12:46:57,0
This app is very good,5,2024-12-10 12:37:54,0
Overcharge from the customers taking charge of Rs 380 for just 6.4kms drive,1,2024-12-10 12:27:06,0
No driver responds and keeps you waiting for endless hours,1,2024-12-10 12:22:42,0
"Never had a issue until I signed up for Uber Express Drive & used a portion of the provided voucher to pick up a reserved rental vehicle (which was declined at the rental lot because they didn't have any cars for Uber drivers).. long story short the remainder of the voucher is still in my account so whenever I book rides the app states the ride will cost $0.00, but after my trip is completed I'm charged a different (higher) amount! Uber customer service doesn't even respond to my help requests.",1,2024-12-10 12:07:36,0
Very bad app totaly waste of time .,1,2024-12-10 12:02:21,0
"I love Uber their services are very good and safe. At the same time, i use my bank card .It's the transport you can rely on, so I give 5 star 🌟 is incomparable .I feel safe with is because is very safe indeed",5,2024-12-10 11:58:38,0
The ride was excellent. Thanks a lot.,5,2024-12-10 11:46:41,0
Supper Mind blowing Fantastic Unbelievable,5,2024-12-10 11:42:43,0
"Uber's payment system is giving an error again, and there is no contact number or chat for this problem. Be careful! I have 800 reais in credits stuck on the platform, which should be for grocery shopping. And it doesn't even matter if I'm a subscriber to Uber One, I have no assistance even though I am a subscriber. It's completely helpless. There is no way to get help, and Uber is not verified on any consumer protection website in Brazil. All I have to do is take legal action.",1,2024-12-10 11:40:35,4
Showing some amount when booking and after dropping off showing in increasing amount,3,2024-12-10 11:39:29,0
there is a glitch...in uber shuttle..my 5 free rides are completed..but still I can access free rides..it shows 0 fare when I am trying to book an shuttle,3,2024-12-10 11:17:45,0
Charges more money to show amount on booking,1,2024-12-10 11:06:35,0
"great when it works, but app always baits me into waiting for drivers who don't come, or are so far away there not worth waiting for",3,2024-12-10 11:06:04,0
"Cheaper ubergo option completely disappeared from my choices. Only uberx option is available, and to top it off, there is an added charge to connect to drivers less than 10 minutes away",2,2024-12-10 11:03:31,2
"I dont know why the price of uber was change,, when i was booking the uber, its only 71 sr. And when i arive the location the price was change,, its already 82? Please thats not good.. Its verry disappointed..!!!!!",2,2024-12-10 10:43:12,0
4 days ago I requested a cash trip for my mom. The driver was given cash but I still had the amount owing on my account. This amount which was already paid affected my next trip which resulted in me having to settle it before I could request a trip. I paid for a single trip twice. After multiple escalations to Uber this issue remains unresolved with agents advising that it has been resolved. This is unacceptable as I have never had any driver steal my money🤬😡😤 I don't recommend Uber at all😡,1,2024-12-10 10:35:39,1
"Poor, very poor, I was robbed my money and they dont even try to help you. I ordered a Uber trip and the driver never picked me up and my money was deducted from my account and they didn't make any effort to send my money back, very disappointed in this app!",1,2024-12-10 10:27:56,0
No matter WHAT time of day or night I have to try MULTIPLE (I'm talking 4 plus) times to get a driver. And I'm never even asking to go far. Lately it doesn't even find a driver.,2,2024-12-10 10:27:49,0
Some time it's good some time to very bad,4,2024-12-10 10:26:25,0
Good price and service,5,2024-12-10 10:16:21,0
Good service and value for money,5,2024-12-10 09:58:27,0
"The drivers have recently started demanding whatever they want to and the app does nothing. Sometimes you wait for a ride for 18 mins, even though the guy is in the next street and they cancel whenever they want to. But the customers are repeatedly fined for the delay caused by the driver and the app does nothing about it.",1,2024-12-10 09:47:01,1
only 1 out of 10 drivers accept your request. Install only of you have got a lot of time to waste on bookings.,1,2024-12-10 09:43:58,0
I live in Merida Yucatan. Uber drivers touched me and now Uber blocked me,1,2024-12-10 09:41:57,0
"very bad service,was too late to reach to my coaching centre and then they increase the price rating it 1 star for a reason!!!!",1,2024-12-10 09:40:58,0
Collecting more than bill amount. Drivers not coming after accepting request. Canceling due to unavailability of driver or driver not responding. But cancellation charges are being collected. Drivers are coming very late after accepting the drive request. Better to avoid uber usage. This is really bad experience with uber.,1,2024-12-10 09:38:29,1
Bad service in Bangladesh,1,2024-12-10 09:37:58,0
Worst application. Useless promotional banners in the app and rider never books on time. No matter how they increase the price. Totally hated this application 👎👎👎👎👎,1,2024-12-10 09:34:34,0
I uninstalled this app. The new update is not user friendly. Will no longer support it and no one else should.,1,2024-12-10 09:33:00,0
"Worst service, waiting time is too too long even nearby location plz improve your services.",2,2024-12-10 09:29:34,0
"Terrible customer service when asking for more help and assistance. Unfortunately, I have no way of talking to a human when experiencing a problem with my trip and driver.",1,2024-12-10 09:28:34,0
"It's became really worst. Showing cheper prize only but it won't get Book, even after waiting half an hour. It's not first time. I have faced this issue many time. When I plan to go little early. It's just waste of time to using it.",1,2024-12-10 09:22:56,2
Amazing ride sharing app.,5,2024-12-10 09:11:50,0
"Uber driver, dropped my nephew off miles from the where is supposed to take him. Made him get out of the car. I have been trying to for 3 days to get a person on the phone. The customer service people are not taking this seriously.",1,2024-12-10 09:06:41,0
"UBER Service in Belgaum location is available only for name sake..The moment you try to book uber auto, no service is available.. Please provide all services first and then inform that UBER service available at Belgaum.",1,2024-12-10 09:04:31,0
I am being charged money I do not owe every time. You can request a ride and it shows one amount which you agree to and pay. Then when the trip is ended there's another 10-15% charge. Either the drivers fault or they UBER just robs people. Uber is a scam. They do no respect consumer rights act.,1,2024-12-10 08:51:25,3
Very nice app and good service ane low payment and really i like uber team,5,2024-12-10 08:48:56,0
Good travels experience,4,2024-12-10 08:42:19,0
Very good app for cab booking.,4,2024-12-10 08:37:34,0
He what nice to ride with him very friendly,5,2024-12-10 08:36:38,0
"Uber is always coming thru way more tough compared to any/all it's competitors. When comparing to Lyft, Uber 9 times outta 10 has the better price option and always gives multiple options to try n help the rider save. I've noticed for some reason and idk y, but 99% of my drivers are more polite and keep their vehicle much cleaner along with snacks and other accommodations. I pay for a rideshare at least 2-3 times per week minimum and have no problem switching my #1 choice! $@*!#001UBER100#!*!@$",5,2024-12-10 08:26:47,5
"Just simply superb, drivers never negotiate for extra payments.",5,2024-12-10 08:18:16,0
One of the best Affordable n Easily available I love uber,5,2024-12-10 08:16:07,0
Very friendly service on big Island of Hawaii,5,2024-12-10 08:03:10,0
While booking the fare showed 125 but at the time of drop it showed 325 rs with no proper customer support won't trust this app from now onwards,1,2024-12-10 08:00:10,0
This app starting to p me off I'm trying to cancel my subscription of uber one and the problem is that it won't let me remove my card information on here yall better do something about this or ill wont give yall Full ratings,1,2024-12-10 07:50:10,0
Cool app for reaching the destination sooner,5,2024-12-10 07:49:55,0
I love it I have zero complaints!,5,2024-12-10 07:38:22,0
Always on time. Very nice,5,2024-12-10 07:10:15,0
Most trusted vehicles rental service in Bangladesh as I believe and experienced.,5,2024-12-10 06:39:01,0
Very worst experience while booking and thier payment process is very bad,1,2024-12-10 05:48:22,0
Price changed from 7 dollars to $40 for unknown reason and a driver didn't even shop up. Nearly missed an exam,1,2024-12-10 05:46:47,0
I think uber is a scam and just charges whatever they want once they know your daily routes.For example how can a 28 dollar ride turns into 62 dollars when it's the same route taken and there was plenty of uber drivers in the area at the time I booked it.SCAM I think DIDI is going to be my new preference.,1,2024-12-10 05:43:47,0
"Booked tril for $140, driver took a slightly different route (same duration) and was charged $180!",1,2024-12-10 05:15:50,3
"Driver Jeffrey was grateful, but I left my phone in his car today around 10:00 am . How can I get it back?",4,2024-12-10 04:56:34,0
We detected a problem??!,1,2024-12-10 04:52:52,0
"Very patient and courteous driver, a pleasant trip home.",5,2024-12-10 04:45:20,0
He was great thank you,5,2024-12-10 04:37:07,0
"Unnotified of membership renewal... Terrible customer service as I am still awaiting for a reply for a possible refund. It's disappointing that I only have 2 days to refund, them taking their sweet time to reply... Definitely don't recommend this app but instead invest your membership in LIFT.",1,2024-12-10 04:35:35,0
"Prompt, Reliable cool service",5,2024-12-10 04:31:52,0
"Uber really came through for me.I really needed transportation at that time. I missed my shuttle bus and Uber was right there within minutes to provide me an alternate way to get to my destination.I could never forget about this experience.Thank you again, Uber for getting me going in the right direction.. You didn't let me down.I will speak good about you moving forward.👍🏾",5,2024-12-10 04:27:24,0
"Driving for uber can have its perks at times but they way they treat their uber eats drivers is horrible. Your cancelation numbers for instance are extremely important and the lower they are, the better for your account. Uber gave one of my orders to someone else after I was waiting 2 hours for it and then another hour had to be canceled because walmart stopped deliveries and all 6 orders total had to be canceled when it was ubers fault but my rating is what got affected. They are horrible",2,2024-12-10 04:26:31,0
"An excellent driver, very polite and courteous person. We recommend him very much .",5,2024-12-10 04:19:02,0
Picks up in the middle of nowhere sometimes. Searched residential for who has the app on,5,2024-12-10 04:16:03,0
I needed to add a trip and keep my driver. You changed the app and now I don't know how to do that. You screwed me AND your driver. He took another trip wait for me to come out and now I'm at Walmart with my lunch box that should have been left in the car.,1,2024-12-10 04:14:47,0
"Horrendous customer service. Random automated messages are sent without customer requests being read. No action is taken from the agents, unfortunately. Cases are closed without me having the possibility to respond and then the whole cycle is repeated again. It's been over half a year and I've not been able to get any sensible help. One star for the effort or lack of given.",1,2024-12-10 04:13:24,1
"The driver are great people but the app itself has some problems one being that it doesn't get my location right, unfortunately for myself I need this app to get around sometimes, so uninstalling it and reinstall it and see if that fixes the problem",1,2024-12-10 04:05:50,1
Always nice and clean. And very polite. And the drivers are amazing,5,2024-12-10 04:02:18,0
"If you have any issues as a rider, there is no option to contact the support. There are many glitches in the app but it seems like they think it's perfect and no need support.",1,2024-12-10 03:45:44,1
If i book a ride the day before. i shouldn't be late to my destination. The driver has been 15 to 20 mins late three times on a ride I book the day before. I almost got fired!!!,1,2024-12-10 03:41:04,0
Wonderful and exceptionally relaxing,5,2024-12-10 03:38:40,0
Price is too inconsistent,2,2024-12-10 03:37:56,0
he came quickly and he was fine .. eg nice not rude everything was ohk with the driver,5,2024-12-10 03:37:03,0
the app and getting help is horrible..on Saturday a driver called and told me to cancel because he wasn't going to come which was not my fault but they still charged me and also a cancellation fee. didn't agree so they refunded me the money but then charged me for it again the following day and trying to get a hold of someone to talk to was impossible and giving me chest pains so I just had to go through my bank for my money,1,2024-12-10 03:30:42,0
I am now so frustrated with Uber and DoorDash both I can never ever get my orders right with these guys either one of these companies it is the same can't order a combo with a drink cause I never get the drink. The $5 ranch I ordered with the $50 I spent from Buffalo Wild WingsJust all over the bottom of the bag. I almost lost all my food through the bag cause it was just so soaked all around the food I want to dip my ranch not soaking my food in it. From my experience every attempt is awful.,1,2024-12-10 03:19:36,1
I hope come back to the Philippines,3,2024-12-10 03:08:08,0
They rip off both customers and drivers avoid use them,1,2024-12-10 03:04:14,0
This app customer service is bad my app not receiving verification code in number and gmail,1,2024-12-10 03:01:00,0
Anita was wonderful and nice,5,2024-12-10 02:58:34,0
"Overall it's been fantastic...only complaint is the driver could not find us, and I had to redo...I did, got a new driver that could find us, but I got charged for his lack of knowledge. I gave him the largest land mark in the country. Not happy to pay for his ignorance.",4,2024-12-10 02:56:00,0
Constantly confirms a trip and then changes the driver and pick up time.,1,2024-12-10 02:55:49,0
Very reliable Very prompt friendly service I like using uber,5,2024-12-10 02:52:29,0
It was very nice trip,5,2024-12-10 02:45:01,0
"Since 2021 it is estimate that Uber has slashed 85% of customer service employyes (NYT) and replaced those functions with AI chatbots designed to delay, delay, and deny any customer servixe requests (WSJ). Please take this in mind before you end up in a situation where your financial or even safety issue may not responded to by a human being.",1,2024-12-10 02:37:47,1
"Downloaded the app, had two quick rides today for the first time. Big bang boom, done. Even leaving tip takes about 10 seconds. The app is slick and I can watch the car the entire way before I'm picked up until I'm dropped off, in real time. Sweet use of technology",5,2024-12-10 02:15:28,1
Drivers are mostly nice but costs to ride are getting as costly as cabs.,3,2024-12-10 02:03:39,0
Helped me at midnight to book a cab for an emergency patient.,5,2024-12-10 02:02:39,0
"I've used uber plenty of times. The one thing I hate is that sometimes the driver will be a few minutes away and they decide to cancel on you. HOWEVER, recently I booked a ride and the driver had already dropped me off my location, and the ride was STILL GOING. After an hour, I finally hit the cancel button to stop it. THEN, the next day uber charges me a cancelation fee over $100. I was already dropped off and the driver, never ended the ride, so how would you charge ME a fee?",2,2024-12-10 02:00:23,6
"Hi, it not easy for old people, that never used uber. it was in the past much easier with a city taxi. But I thought I must try uber. Till tomorrow thanks",3,2024-12-10 01:56:48,0
"Not great. You can have a driver 2 minutes away who then cancels for a better option. Then, when you try to locate another driver, it is unsuccessful. So i try to rebook, and the price goes up $20. Broken system if you ask me.",1,2024-12-10 01:36:12,0
Always seems to use. And paying at the time that you schedule your ride is in added plus in my book. I have not met an unpleasant Uber driver.,5,2024-12-10 01:29:58,0
The app is only one piece of the problem: I've just seen this company prioritize their wallets over our safety a few too many times. I can't responsibly allow myself or my loved ones to risk our lives to protect your greed any longer. Shame on you.,1,2024-12-10 01:26:28,0
So far it's been very easy going in a pleasure to work with,4,2024-12-10 01:19:18,0
Much needed. There when you need them.,5,2024-12-10 01:18:42,0
"COURTESY, PROFESSIONAL . CLEAN CARS, VANS SUVS. MOST OF THE TIME , THEY ARE ON TTIM3 FOR THE PICK UPS. I FEEL SAFE IN THEIR CARS.",5,2024-12-10 01:09:57,0
Good raids experience,5,2024-12-10 01:08:28,0
Better then any other app honesty,5,2024-12-10 01:06:06,0
IV heard some things on both sides of the Uber experience. I'll be getting a closer look very soon. Maybe I'll be there to help you get to where you're going. Time will tell..,4,2024-12-10 01:06:00,0
I was very impressed with Luis. 10 stars for Luis!,5,2024-12-10 00:55:40,0
Great experience today,5,2024-12-10 00:48:26,0
Usefull in every country,5,2024-12-10 00:12:34,0
I loved using this app and the drivers are also very kind and sweet....you don't need to worry about safety it's very safe,5,2024-12-10 00:11:18,0
Derrick was personable. I enjoyed riding with him. His person and car were neat and clean. He helped with my luggage and was considerate about bringing me close to my door. Derrick is professional and displayed an outstanding performance.,5,2024-12-10 00:07:00,0
Worst service if devier not reached place you people chargeing cancel ride fee,1,2024-12-10 00:01:08,0
"I have a few issues regarding payments etc. Issue 1: I booked a ride for my wife, the driver let her wait for 15 mins saying he is on his way then cancels but when I canceled a ride after 3mins I have to pay a cancelation fee, the driver was 5 mins away when I booked. Issue 2: I booked a ride on Uber Lite app, it gave me an amount of R56 + R10 cancelation fee, when my wife had to pay the driver opened the Uber app and it gave an amount of R100, how can these 2 apps give different amounts?",1,2024-12-09 23:52:17,1
Horrible and expensive,1,2024-12-09 23:19:08,0
"When I choose the same destination as someone else, I am getting a higher quotes. Even using Uber One, Lyft is cheaper by $10",1,2024-12-09 23:16:06,1
Very Very worst they drivers are very bad response,1,2024-12-09 23:15:17,0
I HAD THE WORST EXPERIENCE WITH THE DRIVER...SMOKING LOUD MUSIC AND TAKING WRONG ROUTES ON PURPOSE AND THE ICING ON THE CAKE STOLE 50 POUNDS FROM ME AND I REPORTED IT AND ALL I GET IS NEXT TIME USE A CASHLESS OPTION..SERIOUSLY?!!!!! UNINSTALLED ...CONGRATULATIONS YOU LOST A LOYAL CLIENT,1,2024-12-09 23:13:37,0
I am very satisfied with,5,2024-12-09 23:09:39,0
Today the driver cancelled the trip as arrived and left me there and my money never sent back and second trip the same happened You are crooks,1,2024-12-09 23:01:45,0
Easy to use. Great communication!,5,2024-12-09 22:59:33,0
Bakwas....hai jo Car drivers Uber se drive lete hai ye un logo ka 70% commission to khud hi kha jaate hai,1,2024-12-09 22:44:16,0
Greedy drivers never available when you need it most.,1,2024-12-09 22:37:42,0
Good service...thank you,5,2024-12-09 22:33:18,0
very nice experience of ride through Uber.,5,2024-12-09 22:26:23,0
The experience has downgraded recently,3,2024-12-09 22:21:55,0
"Reliable, safe, and great value for money",5,2024-12-09 22:16:11,0
Worst experience with the company. Uber Premier is a scam. Most vehicles come with CNG fitted tanks and there's hardly any space in those vehicles to even keep luggage.,1,2024-12-09 22:13:42,0
Mostly reliable. Hasn't failed me yet.,5,2024-12-09 22:13:12,0
Unbelievable service 😀,5,2024-12-09 22:11:42,0
Wait times are ridiculous now. You try to book a taxi and it takes 10 minutes to find a car!!!! Pathetic.,1,2024-12-09 22:09:59,0
Continuously using predatory pricing. I had pricing on the depatures at $20 to get home and once the app realized I was at the airport arrivals the price jumped to $45. It's disgusting to inflate prices for no reason than knowing people don't have other options.,1,2024-12-09 21:55:59,0
Best service safty + low cost,5,2024-12-09 21:55:55,0
Prompt and convenient ♥,5,2024-12-09 21:50:47,0
"Keep getting harassed by texts that i can't unsubscibe from and that have a number I'm meant to text to unsubscibe which is an invalid number. I wanted an app for utility, not to be harassed by the parent company 🤬",1,2024-12-09 21:49:05,0
"really poor service at such a busy time drivers are ignoring requests for rides in order to get the more expensive option and THEN try and acceptthe ride to attend. while I appreciate times can be busy, to have NO ONE pick up is ridiculous. I have never waited an hr for an uber, even in busy times, since I started using them and this is poor customer service.",2,2024-12-09 21:37:01,0
The driver is good and very professional,5,2024-12-09 21:29:42,0
"No watch app. I want the ability to order a ride from my watch when I'm out somewhere without my large phone. Pick-up times are very inaccurate - it says 3m, then when I choose an option within 20s it says 14m. App resets my zoom and focused area periodically after I manually change these while waiting for a ride. Very unreliable.",2,2024-12-09 21:21:58,17
"I requested an Uber yesterday morning in N. Deland and Francine arrived within 10-15 minutes. Her car was spotless clean, she was very friendly and professional, and she was a very safe driver. She took the shortest route and helped transport my very heavy bags to my next mode of transportation. Hats off to Uber and a big THANK YOU to Francine! 😊",5,2024-12-09 21:16:10,0
Driver is experienced and decent.,5,2024-12-09 21:14:25,0
I always used Uber go cab......simple Uber cars are not good Conditions are worst....,5,2024-12-09 21:09:39,0
"Trustworthy drivers, safe delivery to your home every time! I'm talking about driving people home. Thank you Uber drivers! 😊",5,2024-12-09 21:07:38,0
Loge it affordable price,5,2024-12-09 21:01:41,0
Customer service not help me to return my laptop lost,1,2024-12-09 20:51:48,0
Not able to book ride it will take 10-15 minute's minimum every time to book a ride,1,2024-12-09 20:41:54,0
I appreciate the discounts I get now and then..,5,2024-12-09 20:37:34,0
"No customer support, too much waiting time.. Withdrawing credit from Visa before the trip starts is a disastrous update!.. You stole money from my credit and the trip was canceled with no money return!!!",1,2024-12-09 20:32:20,0
Very bad app initially showing 461rs and after the trip they asked for 1057rs its worst and disgusting everytime the fare issue arises very bad app use rapido instead 😡👎👎,2,2024-12-09 20:26:35,0
Uber bike and cab driver are not accepting the voucher payment and trying to pay through Uber wallet they not accepting they are asking only cash or UPI payments. They are saying like uber deducting their amount So there is no use of voucher and uber wallets,1,2024-12-09 20:21:50,0
One of the worst app to use . Driver and the customer service both are useless,1,2024-12-09 20:18:33,0
Horrible experience in my second last review,1,2024-12-09 20:17:12,0
It was my 2nd ride in uk. Safe and gud drive of driver...,5,2024-12-09 20:05:45,0
Would give a lower rating if I could. Company takes advantage of drivers while continually providing terrible support/ service for what's listed as premium service. Go to Lyft Uber blows.,1,2024-12-09 19:50:24,0
Reliable and Safe Service,5,2024-12-09 19:44:46,0
The new update us pathetic,5,2024-12-09 19:34:28,1
It was amazing experience... Easy to use the app. Lower charges of rides...,4,2024-12-09 19:30:53,0
Thnks for better Price and Service,5,2024-12-09 19:22:07,0
Very reliable and safe,4,2024-12-09 19:13:15,0
That is veri enquiry for our ride community right now.,5,2024-12-09 19:12:20,0
Terrible experience with surge pricing in India. I've never experienced this with an Uber in other countries.,1,2024-12-09 19:12:13,0
They are fast and codinative,5,2024-12-09 19:08:01,0
Nice price and time to time drop awesome drive,5,2024-12-09 18:56:02,0
Very nice and the best for everything,4,2024-12-09 18:45:13,0
"Convinent and affordable local drivers. Thank you Sahim for the welcoming experience in Auckland, New Zealand (after midnight) and sharing top places to visit.",5,2024-12-09 18:39:13,0
Ok but it showing different prices to customer and driver,2,2024-12-09 18:33:24,0
Booking after he only cancel Taking long time of booking time and asking extra money also booking time tip otherwise not booking and not giving respect for ladies It is too much money not answering uber helpline also best of time downloading and using very worst app in auto service 😔,1,2024-12-09 18:32:52,0
Fares are miserably unaffordable without coupons of 10% or more.,1,2024-12-09 18:23:45,0
"I quit using Uber, because there's no customer service.. if you have a problem or complaint, you're screwed.. I switched to LYFT..",1,2024-12-09 18:21:43,4
Comfortables good driver thank you,5,2024-12-09 18:15:59,0
"Elisha was wonderful! Punctual, helpful, knowledgeable about airport! Thank you Uber & the great driver, Elisha!",5,2024-12-09 18:12:14,0
I am very very satisfied with my Uber service I'm new to Uber. I was faithful to lyfte for like 2 years but there prices were starting to get ridiculous. And I've always waited more then 20 to 30 minutes for my rides. Now with Uber I've never waited more then 10 minutes and really like that getting off of work I didn't enjoy waiting 30 to 45 minutes to go home. Now I'm picked up in 9 minutes or less.,5,2024-12-09 18:11:50,1
"Uber driver cancelled the trip, demanded triple the price and then took me to an ATM and demanded I take out even more money. When I reported this to Uber they offered me a 70 cent refund for the inconvenience. Be careful using this app in some places. The drivers may try to rob you and Uber will do nothing about it.",1,2024-12-09 18:09:17,0
"Ok Uber is typically pretty great but whoever works for customer support either has selective hearing or is really incompetent. And I don't mean to be rude but it's extremely annoying that as Specific as I am, ya'all still don't listen. You guys punish the wrong driver for mistake of another driver. I didn't want a refund of the trip my driver was great and u refund my driver's tip. Makes me mad because u also block her from driving me. Also, this AI thing is bologna! Uber get it together 🙄😟",3,2024-12-09 18:08:46,2
"Uber is awsome, my driver was great this app sucks and it is very confusing and over constructed; keep it simple guys, we just want a ride and not to complex. ( meaning if I wanted to drive myself, I would. )",1,2024-12-09 17:58:18,0
It takes a lot of time for the confirmation of ride during festival days and makes us waiting more than an hour also sometimes it doesn't shows the option to cancel the ride,1,2024-12-09 17:58:10,0
Really easy to use even for me,5,2024-12-09 17:57:18,0
Uber app is not only good but also best For Us. Uber app is very good application.,5,2024-12-09 17:52:42,0
This app isn't very good I carnt get into my app,1,2024-12-09 17:46:44,0
"While I love the app, there is no way to get hold of any customer service. It's ridiculous to believe a company would completely depend on AI and 5 common questions to answer everything. This is why I'm updating my rating because none of my issues can be addressed.",2,2024-12-09 17:41:46,0
Greedy app sabotaged my work day by cramming three other passengers with ride share then proceding to drop them all off first. Customer service is an idiot who keeps copy pasting bs and gives a $5 Uber credit for a wasted 22$ trip. At this point that could buy me a day pass on the local bus! This companies a greedy joke please use any other alternative!,1,2024-12-09 17:35:53,0
"One of the best, safe and cheapest transport facility...highly recommended for them who frequently travel via auto.",5,2024-12-09 17:20:39,0
Working great these days compared to previous especially motor rides.,4,2024-12-09 17:20:34,0
"Good timing, great driver and customer appreciated!",5,2024-12-09 17:09:51,0
Good. Ensure the drivers clearly see where the client is going and how much they will be charged before they accept the trip.,3,2024-12-09 17:00:19,0
I wait at least an hour everytime. I have no available driver in my area at least twice a week.,1,2024-12-09 16:47:44,0
As I'm writing this...I have been waiting for the ride to be confirmed since 30 mins...I booked like 4 rides..all in vein...one cancelled it in the last moment..the service is getting worse and worse pls work on it..,1,2024-12-09 16:37:32,0
Since so many years I was using uber and I was having good experience with it but since 1 wk I am trying to book uber to go office almost 4- 5 drivers cancelled the ride. Really horrible service now a days and not able to reach customer care immediately on the phone call.Uber should not do tie up with such auto drivers. Once I will check if the uber resolve this issue then I can reinstall the app and book cabs again. Other reviews are from other places in mumbai also need such services.,1,2024-12-09 16:36:23,3
I'm from Bangalore Here uber drivers are with rude behaviour and worst at morning times and also they will use foul language too which is not available to forgive if we complain about it no one take care rating is nothing drivers are rude with north and south people,1,2024-12-09 16:32:08,0
good auto good app but little mistake is do not book in website only book in the app .... in the website there are so many mistake cant able to massage or if your not register number u cant call and main thing was the location mine and auto was showing wrong so that i cant able find the auto so i cancel it i got 15rs fine,4,2024-12-09 16:31:01,0
So help full to travel,5,2024-12-09 16:25:12,0
"The taxi feature is useless in Mumbai, and the cab ride prices are way overrated.",1,2024-12-09 16:21:40,0
"Worst app to book a cab. There was a glitch in their app. I had paid the drive via cash but that same amount got added to my next ride. Hence, I had to pay extra money for my second ride. There's no resolution from their side yet. It's been days reaching out to them. Please use Rapido in india, their customer support service is superb unlike uber where they don't even bother to understand the issue.",1,2024-12-09 15:45:56,138
Uber quick and easy. Driving is goof,5,2024-12-09 15:41:53,0
Drivers from Kerala is so good,5,2024-12-09 15:39:09,0
"Uber cheats passenger while booking one price and when you reach your destination it charges 20rs extra, kindly avoid using uber",1,2024-12-09 15:31:13,0
Third class services in morning tried too many time every option to book but useless....even 0 rating not deserve....and one more thing if I am booking any cab and driver coming from parking than asking parking charge from my side ....????if his vehicle park in parking than its uber and driver concern why customer????,1,2024-12-09 15:25:50,0
Price are Little high,5,2024-12-09 15:21:17,0
"Not a little bit.I want,If the drivers will well experience and well behaved.",5,2024-12-09 15:17:26,0
Drivers going the wrong way. Had 2 drivers completely waste my time. Wait time 1 minute ended up waiting 40 minutes. People on this app are retarded.,1,2024-12-09 15:13:13,0
Worst Experience while booking auto ride. The driver accepted my trip and made me wait for him and to my shock after reaching he is telling price is less will you give extra money I will come...what kind of brokers you are hiring for jobs ?? Wasting my time seriously?? I need to report this to uber help me how to do that .,1,2024-12-09 15:05:18,0
Worst experience ever.. Booked a cab for the airport. The payment was done by UPI and trip was completed but not it shows pending amount. Neither any of the help suggestions works nor the Uber wants to resolve this issue due to which I'm not able to book shuttle or cab.,1,2024-12-09 14:57:48,1
Uber has never let me down.,5,2024-12-09 14:45:01,0
The trip was very excellent 👌.,5,2024-12-09 14:41:35,0
Nice app for travelling both long and short distance but one concern is that cabs sometimes are quite too expensive to afford,4,2024-12-09 14:38:39,0
"Useless app , irritating by calling daily",1,2024-12-09 14:36:49,0
Very good reached in time,5,2024-12-09 14:30:47,0
I been having issues with double charges to account after ride hrs later and don't know what's going on just frustrated,1,2024-12-09 14:23:02,0
Starting was good but after few months they charge useless penelety which is more then the trip amount ... Mene continue 2 days is app se cab book Kiya for medical emergency 1st day was good but 2nd day same address but us location tk aaye hi ni or ride cancel krne ko bola mene cancel Kiya to penelety ke di ₹131 ki same return me bhi yahi hua very bad experience I'm going to delete this app and never use it again 😡😡,1,2024-12-09 14:22:37,0
"Uber's service has become highly unreliable. Drivers cancel rides frequently, even after long waits. The app shows inflated prices during peak hours, and estimated arrival times are rarely accurate. Customer support is ineffective, providing little to no resolution for issues. The convenience once promised by Uber is now completely missing, leaving users frustrated and disappointed.",1,2024-12-09 14:19:47,2
Was my first time ever using Uber was very nice thank you,5,2024-12-09 14:16:09,0
You guys are cheated with the customer..my last ride from nayapatty chock mondir to Bananta Water Tank.. when I was book the car showing the price rs 439 and when I came to my destination it's showing rs 498. How come this type of fare...,1,2024-12-09 14:04:20,0
Very good experience 👍,5,2024-12-09 13:57:35,0
Always welcome need to pay cash no one accepted online payment and discounts. What's the use of online payment options here in app,3,2024-12-09 13:52:22,0
Very reliable and quick,5,2024-12-09 13:51:47,0
"I forgot my charger in the cab, trying to connect with he cab driver from last 3 days, he pinged me that will give you the charger back, but didn't return, also I raised complaint in uber help centre and no one is helping. If I compared grievance handle team of uber and ola so definitely vouch on ola now, even I'm deleting this app, and my colleague too and family member will also do.. THANK YOU FOR YOUR KIND SUPPORT UBER 🙏",1,2024-12-09 13:42:30,0
"Very good in some cities... not good in some... example Guwahati, drivers dont switch on the AC, also the directions are not accurate and they are not used to online payment",3,2024-12-09 13:40:21,0
Very good experience 😃,5,2024-12-09 13:36:49,0
Easy to use and user friendly,5,2024-12-09 13:29:58,0
Helpfull. Good experience 👍,5,2024-12-09 13:23:35,0
"Try fast and high fare ,over all best",5,2024-12-09 13:03:07,0
Sometimes car take too long to come,4,2024-12-09 13:02:48,0
Uber is a good but fees it's a expencive,4,2024-12-09 12:58:29,0
"Safe, comfortable with soft and soothing music. Thanks, Temba.",5,2024-12-09 12:56:35,0
Good service best rider nice guy,5,2024-12-09 12:49:22,0
"All is well, navigation is too good",5,2024-12-09 12:27:36,0
"Lol your CEO should keep eyes in the back of their head with these surge prices, $65 for a 10 minute ride is a bit much don't you think?",1,2024-12-09 12:25:05,0
Professional drivers!!,5,2024-12-09 12:18:16,0
All okk but Auto driver not accept the request Easily,5,2024-12-09 12:11:55,0
"Worst app.., the driver change route on its own and the fare just increased when destination reached so and when complain to him he just told that's not his problem",4,2024-12-09 12:05:10,0
Ride fare and actual fare is very different.,1,2024-12-09 11:52:41,0
"Train ticket retrieval still slow. Please can you advise as to why the ability to add travel tickets, in particular UK train tickets, to Google wallet has been removed. The option used to be there at the end of the purchase transaction but has vanished, even under the view ticket section. Having to dig around for a PDF or reley on having a good mobile signal to your app can display the ticket's is just a huge step backwards in useability. Please bring this extremely useful feature back",1,2024-12-09 11:51:40,2
Nice ride and very understanding pilot,5,2024-12-09 11:51:23,0
Best service and they should think more about the pricing for cab rentals.,4,2024-12-09 11:41:37,0
Charged bank account uber wasn't booked 😒 yous need to make it easier for customers to contact yous,1,2024-12-09 11:36:15,0
Time to long any time,1,2024-12-09 11:32:56,0
"We booked uber mini for our last trip which was showing Rupees 465 for the trip but we were shocked to see the amount of 757 but didn't got any help from driver as he is 100% fraudster & did some changes in our ride's payment+now after paying the amount of 757 which he showed us,now it's showing the left balance payment of 101...have booked many trips before too but very much disappointed with this last trip..I request Uber to pay back my extra amount of 292",1,2024-12-09 11:30:49,1
"UBER is BEST for all the CUSTOMERS. RIDERS DRIVERS ARE GENUINE EDUCATED AND WELL MANNERED. UBER DRIVERS ARE GOOD. OTHER COMPETITORS ARE DOWNGRADE LOW QUALITY. ONCE A UBER DRIVER SAID "" UBER CUSTOMERS ARE LIKE - PRIME CUSTOMERS """,5,2024-12-09 11:29:02,0
Fare is higher side most of the day. Otherwise it's good,3,2024-12-09 11:26:09,0
Reliable and low fare,5,2024-12-09 11:22:32,0
"I booked a auto, initially showed a fare of 61, at payment time, I was charged 120 driver's shows his mobile it shows double amount going to uninstall the app",1,2024-12-09 11:20:29,0
Excellent service. Ontime picked up,5,2024-12-09 11:14:12,0
Good car lovely drivers Very smart clean and neet afotable,5,2024-12-09 11:10:11,0
"Works great, a bit cheaper than others but app has bugs. Update Uber has taken the Uber go from my options. Sent an email requesting they fix it, they told me nothing was wrong. Will not be using the app any more",2,2024-12-09 11:08:24,0
"Free trial user beware. If you try to cancel a day or two before Uber one renewal, it won't let you cancel the buttons go away because it says you're close to your renewal date. Scam!",1,2024-12-09 11:00:28,0
Uber has changed for the WORST over the past recent years. They way over charge every passenger and charge insane surge type prices on riders from the Airports and events all while drastically reducing driver pay and then guilting passengers into feeling the need to tip and tip excessively to supplement the drivers pay FOR UBER who is screwing us BOTH! All put in place and enforced by the above stated pirate screw the customers and drivers billing practices. Uber started as a good idea then..,2,2024-12-09 10:56:15,0
"The feature to switch mode of payment has been redundant in India since the launch of the app. It is high time that Uber fix this bug. This leads to a high number of cancelations and drivers insisting on going directly without the app to meet their minimum cost. For riders this becomes difficult no one wants to be unfair to the drivers but, this also comes at the cost of safety of the riders.",3,2024-12-09 10:48:34,44
Very worst app I haven used don't use this app for auto bookings it is showing 31rs for 2 persons and at last after droped me he was saying 60rs worst app and driver,1,2024-12-09 10:38:50,0
It's been a long journey it's been fun i love it,5,2024-12-09 10:35:42,0
"The fare has been updated up to three times from the regular due to high demand. Having a pickup from Ahmedabad railway station to my home was a bad experience for me. I got a fare of 148/-, but then the fare was raised to 450/- due to high demand. The intention behind this was to deceive customers and make additional income from the situation. Uber is not my recommendation.",1,2024-12-09 10:27:00,2
"Pathetic support , amount auto deduct from card and no reversal, driver came 10-15 mins no issue, we delay 3-5 minutes additional charges...for improper response",1,2024-12-09 10:13:16,0
Got the lost baggage very quickly through the app,5,2024-12-09 10:04:15,0
Have been booking rides in Uber almost daily since last October/November. Observed not only booking amount going up significantly but also drop in service quality overall. Honestly a very dissatisfied customer. I don't know if that matters to Uber. Have complained through other official channels as well.,3,2024-12-09 09:56:55,0
Worst app. No driver accept the ride and then after accepting and wasting 10-15 mins they cancel the ride at their own end. Worst than worst app and service it has started.,1,2024-12-09 09:51:12,0
"Uber drivers can be wonderful but the app itself leaves much to be desired. Choosing the source or destination address involves a finicky user interface wherein one feels like fighting the app to achieve the desired ride is the only way to get anywhere. The 'reserve a ride' feature is also quite disappointing- the ride almost always arrives 10 or 15 minutes earlier than reserved, and this makes the cancellation policy obscene- I had to rush carrying five bags only to have the driver cancel.",2,2024-12-09 09:51:09,0
Very reliable service,5,2024-12-09 09:40:37,0
Worst app Auto and cab not available at night whenever needed Shows long waiting time,1,2024-12-09 09:39:51,0
Not very good experience.. Almost every driver ( except few ) stand at there comfort location and asked me to come there... If I have to go to the driver then why I booked car/ bike and paying extra money?? Except that almost every driver demanded extra money. I am a regular custom but I have to tell your customer service is very bad.,3,2024-12-09 09:33:12,89
It is too helpful as we get auto or cab from our location...but i have one request cant we upgrade uber as if some people are ill or specially for the preganant lady we can hire a driver who can drive actualy very carefully...and also uber should hav ean option,4,2024-12-09 09:26:15,0
At a time of emergency if you are not available what's the purpose of cab then.... Worst app ever,1,2024-12-09 09:16:05,0
"Because of Amazon pay add appearing on the uber screen continuously, it was not possible to check the real time location of the cab, nor it was possible to talk to driver. There was no option to remove the add. It was not possible to cancell the trip also. Hence waited for more than 15 minutes and took other means of conveyance. Some how I could manage to catch my flight, travelled by an auto. Please remove that add otherwise cutomers have to switch over to Ola. Worst experience ever with Uber.",1,2024-12-09 09:13:20,72
Great and faster service,5,2024-12-09 08:59:05,0
Not happy on of your delivery people missed place order,1,2024-12-09 08:54:08,0
"All the drivers keep on cancelling the ride even when they are so near to the destination, without any valid reason.",2,2024-12-09 08:41:50,0
Worst App last ride 1699 charge and invoice not sharing last 5 days I tried to connect with uber team but they have no official mail ID and Customer care no for complaint purpose. Totally dissatisfaction,1,2024-12-09 08:32:34,0
Good sometimes but I really got to get a car,5,2024-12-09 08:11:19,0
"Worst experience with Rental and uber chat support today, travelled 38 km but app charged for 53 km. Support service not ready to understand this. If your map is not working, its your concern, it should not pay by customer, no where mentioned additional convenience fee. Uber user ,be aware when booking rental with uber.",1,2024-12-09 08:10:38,1
"I've been fooled by the courier delivery agent, he took money for my ride and took my food parcel and vanished, I've been calling him In the number provided to contact the agent, it doesn't connect to him, and my order is still ongoing I can't find help support cos it shows only after the order is delivered. What a pathetic service. Extremely disappointed.",1,2024-12-09 08:04:39,0
Will use lift when ever possible because these guys intentionally made it difficult to cancel a ride - even when the wait time is ridiculous,1,2024-12-09 07:56:07,1
Sbse Ghatiya Application Hai....Jb Jrurt Hoti h jb ride kbi bhi confirm nhi krte...time bht lete hai...,1,2024-12-09 07:54:44,0
Such a worst app for customer service!!,1,2024-12-09 07:47:36,0
1) make it kinda harder to cancel rides by asking you many times. i distinctly remember cancelling a ride only to look at my phone and see that the driver was waiting for me. now I have to pay cancellation fees even tho i cancelled during the matching process before a driver was assigned to me. 2) more expensive that other platforms.,1,2024-12-09 07:34:31,1
prices are good but we as a customer feel that rider doesn't accept the ride easily.,4,2024-12-09 07:33:24,0
Perfect! Better then taxi,5,2024-12-09 07:28:22,0
He's so accomodating and drive safely,5,2024-12-09 07:27:27,0
Uber keeps giving the longest route to my destination and upcharging. My destination is 35 mins away but uber keeps giving the route that is 1 hour long. I can't even change the route pin or anything. The do not have a customer service rep that you can speak with either!!!!!!!!!!!!!!,1,2024-12-09 07:18:09,1
"I hate this company, drivers run a gang to artificially drive up prices and ratings don't do anything. I hate that I have to use this.",1,2024-12-09 06:59:38,0
Need a ride there always on time*,5,2024-12-09 06:48:56,0
"Payment issues are at the peak. You cannot switch cash to UPI while you are on ride, You cannot select any payment mode except cash before ride. Don't know what is the issue.",2,2024-12-09 06:46:03,0
In app adds even if I pay for the premium membership? Ridiculous,3,2024-12-09 06:40:31,0
"My experience was fine... I was a bit surprised at the cost for one person, however. Diego was a good driver and I tipped him well. I will definitely use Uber again. 😙",5,2024-12-09 06:39:23,0
"Ordered a shake, and had the wring address by accident, i tried to change address but had to call the driver told him my location, he said he couldn't make it to my location because he is in bycicle, so i tried cancelling order but had no way of cancelling it, wasted my 10 quid",1,2024-12-09 06:09:11,0
Vahiyat....not good application....UBER make costumer as fool...no cab or auto come in 20 or 30 min....please use rapido,1,2024-12-09 06:01:41,0
Uber is a complete rip-off. They murdered the taxi cab. Now they they overcharge people and underpay the driver. Complete bs Donald Trump needs to lay the hammer down on these delivery services,1,2024-12-09 05:59:16,0
Uber is tripping big time. Booking fees are the same as the fair ride or more. 14 dollars for a booking fee is ridiculous. Price gouging at it's finest. I won't be using Uber anymore.,1,2024-12-09 05:56:30,0
"The driver of the car with license plate TG850G drove right past me and canceled the trip. I was waiting for this ride for more than 20 minutes. Afterwards, there were no drivers available. Ended up getting very late to work.",1,2024-12-09 05:48:15,0
Too expensive and bad customer service,2,2024-12-09 05:46:51,0
On time. Pleasant driver.,5,2024-12-09 05:24:51,0
Changed my phone and got sent about 20 authentication codes which didn't work. Missed my plane. Long haul too. Thanks a lot you set of incompetent bastards,1,2024-12-09 05:16:15,0
This young man was a pleasure to meet and a good driver. Thanks again 👍,4,2024-12-09 05:07:03,0
So frustrating trying to tell it when and where I want to be and go. It took many attempts to get my ride set up. That was after it wouldn't let me do Google pay or enter my info without weird overlays blocking my view.,1,2024-12-09 04:58:54,1
"A bit expensive, but I can't complain about the service. Good, fast and comfortable. 10/10 definitively.",5,2024-12-09 04:52:25,0
Love it outstanding service,5,2024-12-09 04:40:20,0
Always easy to use great customer service any bad experience will be redeemed. Would recommend to anyone,5,2024-12-09 04:38:08,0
Very good Fast service,5,2024-12-09 04:37:39,0
Goodmorning keep it up,5,2024-12-09 04:37:21,0
"I set my location to my current location, you sent my driver to a wrong location (or he went wrong) and you charged me for the trip + cancellation fee",1,2024-12-09 04:37:07,0
"App was seamless, very easy to use, pick up was very quick, driver was extremely pleasant and efficient",5,2024-12-09 04:28:02,0
works well most of the time,5,2024-12-09 04:02:16,0
"Everything I need--and so much more! All the functionality I need, and not too perplexing to navigate around all the bells and whistles that I don't need and aren't all that interesting to me",4,2024-12-09 04:01:30,0
"First time using it, it was really nice, I had a kind and warm driver, I've never felt that much appreciated since I came here. This five stars are for you M. Arnaud, and I wish we will meet again.",5,2024-12-09 03:30:35,0
Needs bettr customer support,2,2024-12-09 03:28:41,0
"If you have to change screens/window to get the code in sms text, uber starts the process over and sends another code.",3,2024-12-09 03:20:09,0
God dam app changed my destination to a place I've never even been before as I pressed the pay button. This is the third time it's happened,1,2024-12-09 03:07:16,0
My experience has been absolutely amazing with Uber. I have been blessed to meet some amazing drivers,5,2024-12-09 03:05:33,0
"Most of the time it has been great! Occasionally someone stops thru the cracks, but this is extremely convenient.",5,2024-12-09 02:57:46,0
Great ride couldn't fault them at all,5,2024-12-09 02:40:48,0
Accessibility of cars have deteriorated badly in Joburg...,3,2024-12-09 02:23:14,0
I am having a difficult time trying to get help for a problem i have this is my first time using Uber Ride and i am very disapointed,1,2024-12-09 02:14:16,0
They won't accept booking and after reaching destination they will ask more money to pay so better avoid this Uber,1,2024-12-09 02:03:23,0
"Very dissatisfied with Uber rn because I'm trying to get to work and the previous driver cancelled after making me wait 20/mins now I have to wait another 20/mins for the next driver, about to cause me to be very late for work and look bad in my company's eyes for not being on time... Ugh",3,2024-12-09 01:52:29,0
Safety comes first with Uber love it,5,2024-12-09 01:44:12,0
"My driver Joshua was very professional. Got me to my destination in great time, but was so safe and made me feel comfortable even tho some one else besides me was driving lol. It's a me thing.",5,2024-12-09 01:25:10,0
First time users very impressed,5,2024-12-09 01:20:28,0
Love this app very easy to use,5,2024-12-09 01:14:19,0
"I'm very satisfied with Uber's service thank you very much, And one mejor things make me interested about the driver Mr mokter he provided us peaceful ride. Go ahead with your service Thank you.",5,2024-12-09 00:59:11,0
Sucks how drivers call to ask where you are and where you are going when it is already in the trip. And then they say they are on the way only to realise they cancelled. Uber in Kenya sucks,2,2024-12-09 00:50:04,0
Arrived in less than 5 minutes,5,2024-12-09 00:36:08,0
Good behaviour and nice person,5,2024-12-09 00:31:17,0
Good price good cars good drivers.thank you Uber,5,2024-12-09 00:31:15,0
Had a excellent driver just the 10$ for a small ride was alittle too much,4,2024-12-09 00:21:54,0
I had a save trip with respect driver by the name of Tebogo thank you.,5,2024-12-09 00:20:27,0
"Uber services have become pathetic over a period of time. The company has just become a money minting service for its promoters. The drivers ask anything over and above the fare. They also provide local uber office location and dare you to approach uber. Even if you approach uber, it just provides funny explanations. After experiencing world class services of uber, I have closed my uber account and returned to good old days of hailing an auto or calling local taxi services.",1,2024-12-09 00:18:13,2
Use it He will help another... Side,5,2024-12-09 00:13:21,0
From last week while I am opening the app they automatically booking my ride as per the last details which were mentioned and the ride is not cancelling.,2,2024-12-09 00:11:42,0
Too much money goes to Uber for the transaction that its very expensive and the drivers don't even get paid that much,1,2024-12-09 00:10:53,0
Very convienent very simple to operate,5,2024-12-09 00:02:55,0
Not accurate the location,4,2024-12-08 23:59:39,0
"Awful support, daughter abandoned on a dark road late at night by driver. Customer support are clearly corporate protection and not customer service focused. Try a different app if you care for you and yours safety",1,2024-12-08 23:51:59,0
Very good and respectful driver. But I think the app is a little complicated for the average Ghanaian. There should be an easy way to find option to share the ride with a loved one with just a click,5,2024-12-08 23:51:10,0
Time taking and not proper service. I am trying to book a cab from half hour still not accepting my booking,1,2024-12-08 23:44:56,1
Fantastic and exceptional,5,2024-12-08 23:40:00,0
Its works perfectly in Qatar and is way easy to go around,5,2024-12-08 23:26:31,0
THE DRIVER WAS VERY NICE & A SAFE DRIVER I WILL GIVE THS DRIVER A 5 STAR SERVICE...,5,2024-12-08 23:21:00,0
First experience is last experiece of uber ride. Auto ride shown 65 rs. but charged it 100 from me...worst app💯,1,2024-12-08 23:15:11,0
It works great but I can't trust the app anymore. There are way too many scammers on the app and it seems like Uber is lax with people using other people's accounts. Customer service isn't much help either unfortunately.,3,2024-12-08 23:10:54,0
You guys are very incompetent sometimes. Why is it so hard to locate the riders,1,2024-12-08 22:59:40,0
Ab Uber driver misbehaved and throughout the journey kept misbehaving .. asked to cancel the ride n get down in the middle of the highway... He said on our face that why don't we all use our personal vehicle why use uber .. n when we complain to the uber customer care they didn't take any required action... Uber will not black list such driver or fine them for misbehaving or harassing anybody this is what I experienced.. it happened in pune and journey was from talegaon to ravet..,1,2024-12-08 22:57:16,0
"Extremly poor app, when I am going to book always asking to pay 63.60 for what should I pay. Till they will not rectify i cant use this app as this is a fraud with pessengers",1,2024-12-08 22:55:04,0
"Trying to get in touch with someone to complain tjat i have been waiting for over 2h and i cant get a hold of no one, the number on the confirmation when i try to call tells me i have been blocked .. thank you 😡😡😡😡",1,2024-12-08 22:51:05,0
Easy to Book much better than other apps.,5,2024-12-08 22:41:46,0
nice premium promotion/program that applies to food and taxi 2 for 1,5,2024-12-08 22:41:18,0
fare's are too high. m looking upto 40kms distance but uber is asking for triple fare of the distance. n m daily user still it's very high.,1,2024-12-08 22:38:06,0
I installed and Booked the cab. However the App showed me initially showed me an amount which was reasonable but after the trip it showed me 30% Increase in total fare. It's a straight forward cheating case. Really a Horrible experience with these cheaters.,1,2024-12-08 22:36:19,2
Don't install this uber app.. totally waste of time because drivers no one accepting online payment but you are giving online discount then why this offer ... And there is complaint number and customer service... Totaly waste service.. without proper customer service then why you running this service...I can't able to complaint against drivers and no one giving proper solution.. so please give me any suggestions to provide before one star so that I will minus star to this worst service,1,2024-12-08 22:34:51,0
"Uber bans you for being a polite rider apparently. I am waiting for my ride, I give tips. I am nice. I just take rides to work but I guess it's bad? Lyft will continue my business",1,2024-12-08 22:30:55,0
"I see Uber is price gauging yet again, $12-$18 dollars for 5-15 minute ride is a bit excessive. Once again, people rely on this service for school, work and other priority destinations, spiking the prices in this way is an insult to the customers and likely to send them to find another service. In this economy, a ride shouldn't be overpriced. There needs to be some revision in pricing.",1,2024-12-08 22:30:42,17
Prompt and Coustomer Friendly,5,2024-12-08 22:25:32,0
Disrespectful driver. Shut the trunk door on my nephew that caused a huge cut bleeding everywhere and now left a scar. Will never use Uber again and wouldn't recommend to anyone.,1,2024-12-08 22:19:21,0
Excellent service and an asset to the Company,5,2024-12-08 22:09:24,0
"Reliable and fair pricing ,internationally.",4,2024-12-08 22:07:27,0
Really disappointed with service and the riders are unprofessional and they use bad language after accepting the ride they don't come and tell us to cancel Uber don't have any safety.... I raised a complaint but they didn't solve it but in rapido is we raise any complaint they will solve immediately... Uber is worse....,1,2024-12-08 22:06:19,0
"The support is terrible. They charged me twice on the Uber One. I asked to fix it and they just cancelled my Uber One without any refund. Theirs bots are really stupid! I hope they are bots because if they are human, it is a shame.",1,2024-12-08 21:59:42,3
I have to wait about 20 to 40 minutes until someone accepts my trip,1,2024-12-08 21:54:09,0
A very convenient app for faster delivery,5,2024-12-08 21:43:50,0
"Great app makes things convenient, only complaint GPS isn't that good.",4,2024-12-08 21:22:06,0
Safe journey and fast journey,5,2024-12-08 21:06:59,0
Bekar h phle kuch or price dikhte h or fir kuch or lete h,1,2024-12-08 20:56:52,0
"Wrong information about driver arriving time, whereas the driver is already dropping some other passanger...and your driver's keep cancelling",2,2024-12-08 20:56:06,0
"Thank you Shepard for a professional, safe ride home!!",5,2024-12-08 20:45:54,0
Very convenient and efficient,5,2024-12-08 20:27:20,0
"The drivers are fine. The customer service is non existent specifically when trying to correct payment errors where, for example, a payment option is deselected, but charged anyway. This is a very poorly run company that ultimately can be rendered obsolete by any competent competitor.",1,2024-12-08 20:21:54,3
God no. This is the worst app. No proper map routes. No customer support. To much prices for small distances. During nights don't even ask. Share rides are the worst. Co riders who join after you gets to be dropped first. You will sit for hhr to hr for a 10 to 15 mins journey. I really hope there will be another company who will start a similar competitive company. (BTW I have used Uber for almost 5 years) I would really ignore it if there was another mode of transport to my destination.,1,2024-12-08 20:21:47,1
Very bad experience unnecessary deduct money,1,2024-12-08 20:17:01,0
Reliable and timescale and easy tovl use with good prices,5,2024-12-08 20:16:04,0
"Terrible app for people with Adhd or tend to be forgetful!!!!!!! I left something brand new in a taxi and I had to PAY £20 to get it back! Not only that, once your trips ended you can no longer contact them to let them know!! They 10000% would have kept it, no doubt in my mind, and it was for work and was expensive, I do not recommend the prices go up and down like crazy yes it's good when it's cheap but its not good when it goes to 58 pound for a £15 trip! They seemed nice in the car till that",1,2024-12-08 20:16:01,15
No response is app is very froud,1,2024-12-08 20:12:24,0
"All the drivers in uber are charging extra for every ride i have taken using uber, rapido and ola are not doing so. It's shows little more amount than uber but are true amount. Uber amount are false.",1,2024-12-08 20:09:45,0
"Hello Uber Team, I am experiencing an issue with a payment that is still reflecting in my Uber account, even though the payment was already made to the driver. Because of this issue, I cannot use the application. Additionally, when I tried to contact the call center, I did not receive any response. This is my first time facing such an issue, and I find it very irresponsible. Please check with the driver and ensure that this payment is cleared from my Uber account.",1,2024-12-08 20:06:51,2
Bad service I book another place but he drop me another place very bad don't use this app,1,2024-12-08 20:06:25,0
Worst experienced !!! I booked a share Uber the fare was 33qr. Then someone booked after that she didn't show up. I asked the driver maybe my fare will be high? He said no the same 33qr. When I reached to my location the fare that I need to pay is 63qr. Im really disappointed what happened. I reported it to the Uber I sent an email and message but no reply and no action.,1,2024-12-08 19:55:14,0
This app called s goods i like this,5,2024-12-08 19:34:59,0
Worst app and the worst Dev's who designed it. First it's not a banking app why the hell you guys logout the account again and again. Even when logging in it pathetic to ask password and OTP EVERTIME? wth? What's anyone gonna do hacking my uber acc? Book a ride to rob a bank 😂? C'mon uber you gotta remove this again and again login feature and keep a single login better is OTP and your otp system usually don't work so in that case use password 🙏 plz,1,2024-12-08 19:19:57,0
It awesome but m your regular rider so please provide good discount 🤪😜,5,2024-12-08 19:17:01,0
"Even with Uber one subscription the fare estimates shown to me were much higher (at times $10+) than others for the same distance, route and time. For Uber eats order, items were missing and despite multiple complaints, there was no resolution. So basically, I paid extra for uber one membership, higher rates for ride and for food items which were missing in my order without any resolution. I wish I could give a 0 rating!",1,2024-12-08 19:15:58,0
"I took an Uber un mexico and paid to driver in cash (never had an issue in Argentina with this). The driver marked the trip as not paid. I disputed with Uber and my trip was marked as paid, but now the Uber says the trip wasn't paid and I have to pay on next trip. And all the links to support inside app say ""you have already received your money""",1,2024-12-08 19:10:36,2
Best travelling app in UK and India thank you!,5,2024-12-08 19:07:56,0
Worst service ever.... whenever tried to book any ride take longer than usual time with no results....,1,2024-12-08 19:06:24,0
Uber fastest and fast accepted location,5,2024-12-08 18:37:32,0
"Driver asking double amount, cancelling ride if not paying, Uber not having any control",1,2024-12-08 18:33:37,0
"Stop pairing people that are super far from the person requesting a ride or that is dropping someone else off, especially when there closer drivers.",1,2024-12-08 18:33:02,0
"Always driver cancelled, i have to pay amount",1,2024-12-08 18:26:30,0
The lack of people that want to make money is disheartening and sickening,2,2024-12-08 18:25:37,0
Very bad Trip charges are changing when booking and after trip completion Charges are showing different for customers and drivers,1,2024-12-08 18:13:36,0
"Rides aren't transferred quickly, waiting time is often too long",3,2024-12-08 18:13:29,0
GET A GRIP ON SENDING NOTIFICATIONS ITS GETTING BEYOND A JOKE IF IT CONTINUES I WILL BE CLASSING IT AS SPAM AND HERRASMENT the wait times for pickup ups are getting beyond a joke get it sorted,1,2024-12-08 17:59:48,0
Why am I not getting calls on uber?? What's wrong with you all. You don't show any option how to fix the problem.,1,2024-12-08 17:52:03,0
"It used to be great, but lately it takes very long time to get a driver than usual. Sometimes the driver cancel your booking, and it looks like they can pick customers whether they want to do it or not. And now it charges a lot more than other taxis. Will stop using Uber now and start using other taxis.",1,2024-12-08 17:41:16,2
Comfortable and prompt,5,2024-12-08 17:37:21,0
Good offers and rates,5,2024-12-08 17:25:00,0
Customer support is almost nonexistent,1,2024-12-08 17:21:19,0
"The wait time is never real, not even when there is no traffic.",1,2024-12-08 17:15:49,0
When I book Uber then price is 189 rupees after reaching destination price is 253 I shocked. Uber service is better but price change is not good,3,2024-12-08 17:15:42,0
Awful prices At this point I am better off walking 6 km thru city than paying that much (and its a capital city we are talking about).,1,2024-12-08 17:13:24,0
It's good and very low cost. Service A+++,5,2024-12-08 17:07:50,0
They keep going in my bank account taking $9.99 out every week I'm tired of this mess they keep doing it to a few people I know.,1,2024-12-08 16:59:36,0
I Paid My trip but show my UPI balance,1,2024-12-08 16:58:41,0
"Check your bank accounts.. I had more than R2500 deducted out my account for Uber Eats transactions, all in the space of 10 minutes.. I don't even use Uber Eats.. Bank is investigating fraudulent activities..",1,2024-12-08 16:58:12,0
great option for quick means of movement,5,2024-12-08 16:54:09,0
Decided to give you guys a chance. But 300% fare increase is abhorrent.,1,2024-12-08 16:42:46,0
"Abit pricier than other Cab apps, but promising.",5,2024-12-08 16:41:11,0
"Service is good, the charges on the higher side. In shuttl the ticket prices are now exhorbitant which is expected without any direct competition!",3,2024-12-08 16:38:52,0
Highly recommend. Great rate(price).,5,2024-12-08 16:28:43,0
Good price range.. and nice service,4,2024-12-08 15:52:43,0
Nice app and great service,5,2024-12-08 15:50:46,0
Why do you suggest a more expensive ride? Also shorter rides are more expensive than longer ones.. it feels unfair. I'm writing this here because you don't make it easy to tell you directly,3,2024-12-08 15:50:31,0
Took me fast and comfortably,5,2024-12-08 15:23:48,0
"East to book, fast, friendly service. Thank you",5,2024-12-08 15:23:27,0
Wrost experience in need no response by driver can not depend in such a bad app,1,2024-12-08 15:23:25,0
Take extra amount after dropping at destination,1,2024-12-08 15:21:46,0
Okay All ways on time,5,2024-12-08 15:13:27,0
Love how I can get an Uber at anytime og the night. Unlike Lyft,5,2024-12-08 15:10:12,0
"Very fast response, excellent work experience was very nice",5,2024-12-08 15:08:14,0
Schofield needs to have options that are on base. Maybe it encourages drivers to get visitors passes so they can get on. The nearest gate to me maybe miles away from the nearest driver. But otherwise a fantastic app that enabled those without cars. Fort Cavazos was way more efficient than Schofield btw.,3,2024-12-08 15:07:36,0
Waste app ...😡🤬 driver's are not accepting rides ... worst experience with this app,1,2024-12-08 15:05:24,0
I have lost my mobile on car on 1 December...driver said he had given to next customer who sits after us....so pls find my mobile as soon as possible.....there is no customer care number to contact...,1,2024-12-08 15:03:40,0
Very good service and price is good,5,2024-12-08 14:59:02,0
"My experience is very bad with uber.Firstly,the driver confirm the pickup than cancle it at end time,also when uber gives discount no auto driver can come to pick up.",1,2024-12-08 14:58:13,0
Great response time in Kisumu. I'm impressed. Great service,5,2024-12-08 14:57:43,0
It takes almost an hour or more for a ride booking,1,2024-12-08 14:50:12,0
I am the most happiest person ever 😌❣️ in using this app it's makes me feel special 🙏🏿 thank you so much for the add ❤️☺️,5,2024-12-08 14:14:29,0
Fire rider who take extra money and forced to cancel the ride,1,2024-12-08 14:03:21,0
"Ordered a taxi Friday evening waited nearly an hour and then was cancelled by uber there was 3 cars around us, and no one took the information on unless you live in cardiff. Don't bother with the app it's useless out side cardiff city",1,2024-12-08 13:52:21,0
On time and very friendly,5,2024-12-08 13:50:44,0
"Really disappointed!! Bought uber one but it's really waste of money cause I'm not saving anything here instead paying more just checked the prices on other locations the price is difference is noticeably, I uber one user is paying more... Other app was asking 202,211 but here uber is asking 254 after 10% credits it's still more than other apps",1,2024-12-08 13:47:08,0
I tried to book an auto but even after long time no vehicle was booked due to less available vehicles. And finally I had to take other options.,1,2024-12-08 13:28:12,0
Nice service and good attitude by driver to help us p,5,2024-12-08 13:27:13,0
Fraud app. They show different fare before ride booking and then charge whatever they want once ride ends. And there's no use of complain as well.,1,2024-12-08 13:24:57,0
My fair has almost doubled in the last month and nothing has changed in terms of my journey. Uber is biting the hand that feeds them. Alternative is arranged. Bye bye 👋 uber.,1,2024-12-08 13:20:59,0
Very Bad Experience. Just wasted my time and money on them would recommend other apps over them. Was not willing to give even 1 star but had to... sadly. Didn't expect them to hire such cheap drivers. Yuck×infinite.,1,2024-12-08 13:18:09,0
uber is waste company I'm don't download n not use this time,1,2024-12-08 12:55:55,0
Best GO TO app for outstation rides,5,2024-12-08 12:52:30,0
Drivers cancel ride on their own while making us wait for a lot of time. It wastes a lot of time,1,2024-12-08 12:44:40,0
Very worst waste app Never download They make you wait and cancel ride Very useless app,1,2024-12-08 12:28:34,0
Good app with nominal prices but is unavailable in some areas.,4,2024-12-08 12:23:20,0
Good app but sometimes it's hard as hell to get a ride plus a lot of drivers like to take your ride then have u wait and then they cancel at the last min and it's not fare to us cause when we book a ride and then we cancel it we get charged a cancellation fee but again when the driver does it what perk do we get NOT A DAMN THING,5,2024-12-08 12:07:19,0
"Reza was exceptional professional and friendly, priceless for a safe journey",5,2024-12-08 12:06:18,0
"Uber is taking too long to book auto,cabs.... applying 50% promo code is just waste of tym...they are trying to manipulate customers and wasting our tym",3,2024-12-08 12:04:43,0
Pathetic.... I was waiting for more than 30 mins ... 2 rides has accepted and cancelled... increasing the fare still can't find a ride,1,2024-12-08 11:49:15,0
"Thank You Uber ,Fast Sarvice,very Good Driver Mr. Ajay From MP Keep it up",5,2024-12-08 11:44:41,0
Reliable service most of the time,5,2024-12-08 11:43:07,0
"When booked cab, cab arrived, Uber app logged out,I was not able to give code, it was very difficult to log in again. Asking for password, it was worst experience. After booking cab when I tried to call driver. There was no option to call. Uber improve your App. I had very bad experience.",1,2024-12-08 11:42:04,10
"When i pay online it take more than the amount showen every time ,and the support didnt help in it, payinc cash is fine",1,2024-12-08 11:30:22,0
"No cancel option , within 10 seconds i tried for cancel but They removed CANCEL option from app",1,2024-12-08 11:25:47,0
On time u reached the location Fast service,5,2024-12-08 11:25:30,0
Costly compared to others,4,2024-12-08 11:16:40,0
"I had a bad experience today because when I copied the address I was going to and pasted it in, the Uber app sent the driver to the same address in a different city! I don't know why it did that, but it cost me extra time and money. The app didn't give me a chance to review the address before sending it out to potential drivers.",3,2024-12-08 11:00:51,5
"Fast and efficient, clean ride",5,2024-12-08 10:49:21,0
Cabs been way to much for a ride home and to work everyday. Can it get cheap sometimes please.,2,2024-12-08 10:46:15,0
in NYC it grossly underestimates your travel time,3,2024-12-08 10:44:56,0
"Someone needs to remind them that taxi cabs don't charge surge fees.... my ride is $15 dollars plus tip, I have multiple receipts from multiple cab companies. Under no circumstances can you justify $54 before tip. Stay in school and don't do drugs",1,2024-12-08 10:43:03,0
"Sometimes it works ok, but if you ever have a problem, it's a nightmare. Non existent customer service. I found out Uber takes way too much of the ride cost.",2,2024-12-08 10:40:47,0
"Always quick for service, friendly and great route options as well as other ride options with great discounts. Thank you",5,2024-12-08 10:39:19,0
The app is very bad because it shows other rates and the driver charges more money,1,2024-12-08 10:25:01,0
Nerer had a bad experience!,5,2024-12-08 10:12:11,0
They make you walk 10 blocks before they cancel you. Even worse is the drivers have no idea.,1,2024-12-08 10:07:30,0
Uber drivers are getting unfair price they are human too (we are) and I'm one of them!!!!,2,2024-12-08 10:07:11,0
It's quite good and reasonable prices and the quality of work,5,2024-12-08 10:04:06,0
U cant find taxis easily !!! Its so irritating,1,2024-12-08 10:00:57,0
Need more advertisement in rural areas in Kerala,5,2024-12-08 09:59:07,0
"It's a good service, but the billing is getting out of hand. The rate changes on almost every ride you take from what you choose for the car type. Traffic, weather and time shouldn't change the agreed on price.",4,2024-12-08 09:49:51,2
Excellent and very fast pickup,5,2024-12-08 09:20:27,0
Please fix the app because it keeps putting on the wrong address by itself.,1,2024-12-08 09:20:22,0
Works great! Does what it's supposed to do.,5,2024-12-08 09:11:42,0
"I have had mostly good experience, except when they send the driver to the wrong location, but that's more of a gps issue. Still isn't fair when they try to charge you for the mistake, when you are in a strange place to you.",4,2024-12-08 08:58:54,0
I don't know whose at the fault for the situation I faced the amount generated after the ride is completely different from when booking and it's non negotiable after completing the ride I had to pay extra after my ride I had all these issues previously and literally stopped using uber and I just installed it back days before and the 3rd ride on justgave me a reason not to use it again and the thing is the price hike is only showing on the driver end and not mine and he did talk rude about it too,1,2024-12-08 08:47:39,2
Total Fraud I have charged two bill bills. Actul bill for ₹177 and another for ₹ 66.46 this way Uber charged me Rounded of amount ₹52.51. This is terrific fraud. This app shoud be banned,1,2024-12-08 08:36:54,0
"The app and getting all of it to request a ride is absolutely awful, it's difficult but the driver was a very nice gentleman and he drove great. If the can make the process to request a ride easier and more efficient I will use again but if don't change the process I will use someone else.",5,2024-12-08 08:33:28,1
"I had a terrible experience with the Uber app today. I requested an UberX, and after 6 minutes, the app showed I was ""on board"" even though I hadn’t been picked up. There was no way to report it, and the driver claimed it was a glitch. After 30 minutes of hassle, I booked another ride but couldn’t cancel without a fee. The second ride was so far away and took longer than estimated. Worse, I’ve been charged three times for just two rides. This situation is unacceptable and frustrating.",1,2024-12-08 08:27:53,48
Mr. Raju is our rider....and he is an excellent rider.,5,2024-12-08 08:26:35,0
Very nice trip & Driver's behaviour,5,2024-12-08 08:17:57,0
Good customer usability,5,2024-12-08 08:16:27,0
Really chill and awesome Uber Driver 🔥 -Mary,5,2024-12-08 08:03:31,0
"Charged my account for Uber one without being authorized. Unable to contact support. Said I signed up with Google play membership, no membership existed. It's only $10 but dirty to do that.",1,2024-12-08 07:36:53,1
Pick up was very fast. Drivers were friendly and professional.,4,2024-12-08 07:33:10,0
Tried requesting for someone else but not a single driver came to pick them up even though there were plenty of drivers nearby,1,2024-12-08 07:32:32,0
App was easy to download. Installed quickly. App was easy to use (my first time). Driver was on their way to me in three minutes. Driver was friendly and cheerful. Brought me yo my destination in record time. Wonderful experience. Thank you.,5,2024-12-08 07:27:39,1
"Timely, convenient, clean professional rides",4,2024-12-08 07:24:34,0
"worst service ever!!!!!!!! my order never came, support even called me to double check my address and even so they weren'g able to deliver!! this is the third time this happens. awful service",1,2024-12-08 07:17:00,0
Exceptional service. Our driver was helpful and nice.,5,2024-12-08 07:01:14,0
Waiting time is 1 hour.....wow,1,2024-12-08 06:57:05,0
"horrible app, bad company tbh",1,2024-12-08 06:21:17,0
"Just once, literally one single time I would be happy if you did this, you can give me actual pickup time estimates instead of double that amount after I've confirmed a ride but before I can cancel it and use something else like Lyft? Update: several months later, this is still a thing. From a one minute pickup on the order screen, to a nine minute wait once confirmed. Do better. Update: a 10 minute $100 pickup magically turns into a 22 minute wait. Wild. Classic bait-and-switch.",1,2024-12-08 06:14:18,21
What a worst service by Uber ...never accepted.. Finding near by drivers and took more than 20 mins... Making fool to their customers.....🤮🤮🤮🤮🤮🤮🤮,1,2024-12-08 05:58:05,0
Way better and safer than bolt. The cars are clean and the drivers are nice.,4,2024-12-08 05:57:57,0
UBER do not have control on their cab drivers. I will say zero control and they don't care about customer issues. Cab drivers cancel ride as per their convenience after booking. And it's a regular feature. My yesterday experience was also similar 3 rides cancelled by driver before I get 4th attempt. Uber is not fit for services,1,2024-12-08 05:45:16,2
Excellent Service my first time won't be the last,4,2024-12-08 05:43:05,0
Another day of waiting ages for an uber for them to cancel or just keep us waiting again. Thanks for stranding me AGAIN.,1,2024-12-08 05:37:46,0
"Not value for time, never get any ride during emergency nearby aiims new delhi.",1,2024-12-08 05:36:39,0
"Super nice, and friendly.",5,2024-12-08 05:26:24,0
Signed me up for Uber one without consent and won't let me cancel 0/10 never using Uber again,1,2024-12-08 05:20:37,0
Driver nit good.. He asking me more amount and also cancel the ride,1,2024-12-08 05:20:17,0
It takes really really long to connect to a driver. And sometimes they dont even find any drivers near,1,2024-12-08 05:17:50,0
Everytime I try to book a ride the app closes on its own. Uber needs to update their maps. This app frustrates me!!!!,2,2024-12-08 05:11:04,0
I have booked the ride by 4 30 then the driver reached the location by 4 10 and that time called me that he reached then I had asked him to wait for 20 mins and he said OK too but I got late by 10 mins and he cancelled the ride without even connecting with me once and then Uber charged me the charges too and then there is no system to type this type of review for that ride. Such disgusting so unfair,1,2024-12-08 05:09:57,0
He was a good man cheers prem,5,2024-12-08 05:01:47,0
"Trash all the way through..... literally standing there when the driver shows up but still get charged a waiting fee, HOW?????🛑 Check your bank Acc. Regularly because uber will over charge you refund some of it then charge you again and there is no way to call and speak to customer service just automated txt. Just straight up CROOKS!!!!!!!",1,2024-12-08 04:55:47,3
"Pick up on time and where agreed, 👍🏼",5,2024-12-08 04:31:01,0
"You stole my money, I didn't order an Uber, you took money from me, and I called you saying there was a problem, I didn't order, and you didn't answer me. You're scammers 🤬🤬🤬🤬",1,2024-12-08 04:28:19,0
Pleasant and efficient.,5,2024-12-08 04:17:08,0
Balls the drivers are incompetent,1,2024-12-08 03:59:11,0
I had no idea Uber was so easy and affordable!! Gr8 app!,5,2024-12-08 03:05:17,0
It was a great experience with your services,5,2024-12-08 02:54:53,0
Awesome experience always,5,2024-12-08 02:49:15,0
Very affordable price,5,2024-12-08 02:32:33,0
1st experience was great 👍🏽,5,2024-12-08 02:27:56,0
This was a great ride today. Being an Uber driver has also been a wonderful experience as well.,5,2024-12-08 02:25:18,0
"It was a great experience, and Navi was very friendly",5,2024-12-08 02:21:45,0
"Driver's cancel jobs 1 minute away, or the app sends them to the other side of shop's. 1st booking $11.45 next $21 and last time I waste my time. The app keeps sending them to wrong street. Back to taxi it is",1,2024-12-08 02:11:04,0
Great.Andrew was excellent,5,2024-12-08 02:09:59,0
"Charges me the wrong ammount then says I owe money. Also, as no driver accepted my ride I got charged and refund not issued. Tried calling but it says they don't offer support via phone. Messages but who knows how long they'll take on a weekend night to reply let alone solve this riddle. As a regular customer and as I pay premium on Uber eats and Uber I think I'll be using other companies from now as of this",1,2024-12-08 01:57:31,0
You automatically signed me up for Uber One. I'll be using Lyft from now on. Jerks.,1,2024-12-08 01:46:51,0
"Chor company, driver ko koi benifit nahi hai,software very poor,anytime hacker hack id ,company never saport u, I m victim Last 4 years,my id blocked,even not my fault,",1,2024-12-08 01:40:08,0
"Overall I've only had one driver that was anything other than great. All have been prompt, very nice and all their vehicles have been clean. Their prices are equal to the other large operation that has pink letters. As a rule anytime I'm using those services i check both to see who's cheaper as they alternate.",4,2024-12-08 01:35:10,0
Update: worst customer service ever!!! They just close your tickets without resolution. Virtually hang up on you.,1,2024-12-08 01:31:19,0
"My trips are long and drivers ask what's the destination and cancel. Or they show up, pull up the address and cancel the trip when they see the address. If your drivers don't want to work, send them home. They're worthless...",1,2024-12-08 01:24:50,51
"Awesome in New York City, as always.",5,2024-12-08 01:18:28,0
Takes ages to get a ride,1,2024-12-08 01:10:44,0
"The customer support has always been terrible, but for the last couple months it has somehow found a way to become abysmally worse. Issues that used to be a matter of navigating an obnoxiously complex menu have become an issue of having to wait for an unresponsive support team that doesn't do anything to repair issues faced by their customer base. Absolutely horrendous company. If you're in a position to never do business with them, avoid them like the plague they are.",1,2024-12-08 01:10:36,0
Good driver legit clean car everything went good,5,2024-12-08 01:00:28,0
This app is horrible the diver arrive after 5 min but in the app it was given 2min but when app is showing arrived but the diver is not here yet . Diver's car number is ( 4342) This happens with this diver but else This app is not good 😐 the worse to worst 😑.,1,2024-12-08 00:51:13,0
"If you ever need to contact support, good luck, no one to help you except endless bot messages sending you to a help article page",1,2024-12-08 00:49:33,0
Driver are too slow and giving excuses and wrost part is that app is charging us... For cancellation,1,2024-12-08 00:47:12,0
"The driver was polite, personable,professional and an excellent driver!!",5,2024-12-08 00:46:57,0
In Bangalore the auto drivers are asking more money to go somewhere but the uber make the trip low price but I security thank you so much,5,2024-12-08 00:36:14,0
"I have been trying to cancel my Uber One membership for a week. When you try to cancel, it continues to direct you to pausing your membership. Then, after jumping through those hoops, it makes you contact a representative for 'help' to cancel. 5 days later, I finally hear back from a 'representative' only to be asked if I would like to pause my membership for 1 month or 2....I WANT TO CANCEL!! This issue is still unresolved, and it feels like a very slimey tactic to keep me paying.",1,2024-12-08 00:32:27,19
Uber I ordered and waited for suddenly disappeared from the app leaving me to pay more for a priority one. Not the first time.... Uber usually more expensive than local firms. Driver and journey fine but the company does not impress.,2,2024-12-08 00:22:58,0
"I have only had best experience,low fares and short arrival time of the driver, definitely recommend.",5,2024-12-08 00:19:20,0
Good riding option for family,2,2024-12-08 00:19:05,0
Amazing...app faster pick up shortly time Thanks uber ❤❤,5,2024-12-08 00:16:10,0
great experience and informative.,5,2024-12-08 00:15:31,0
Best and reasonable charges.,5,2024-12-07 23:59:45,0
"Ripoff Uber eats prices, they might as well change double.",2,2024-12-07 23:57:04,0
The drivers are OK. It's the app that keeps charging me for rides I haven't requested or even charge me twice for ONE Ride. It's really infuriating.,1,2024-12-07 23:50:16,0
"very annoying, I wish I could give zero (no) star. customer care ""Mikee"" is a very poor representative of Uber, I must say. why would Uber want to charge me twice for a ride? I called customer service, and the above-mentioned name was so sluggish",1,2024-12-07 23:49:35,0
Very good driver. Please give the drivers better remuneration,5,2024-12-07 23:25:27,0
"I was charged for cancellation of trip for no responce of driver for longer period and second time the trip was cancelled by driver. I was penalty 57 an 40 rupees these amount were collected by next trips, kindly avoid use this app because they penalise the commuters regularly.....",1,2024-12-07 23:13:57,0
"This app does exactly the things I want it to do in the exact ways I want it to do them. It's also good about introducing me to new features, intuitively. All-in-all I now understand the success of Uber as a whole. Highly recommend.",5,2024-12-07 23:04:31,0
"Easy to use, great service...",5,2024-12-07 23:02:19,0
"Lovely lady smooth trip, thank you!",5,2024-12-07 23:01:47,0
"Cheat Drivers be it for cab booking or delivering packages. All goons and nothing else. I doubt Uber KYC/onboarding corrupt process for hiring such culprits. Uber app. is deliberate designed shows cabs when you confirm booking but they surely have no controls over their drivers who even accept booking when they are even more than 30 min away, hence, all crooks scratching each other's back and loot in the he name of fake generated demand fare making you wait Uber One is no different in behaving!",1,2024-12-07 22:59:48,0
They took my money for the ride then called the ride and kept my money. Just use Lyft it actually works and they won't rob you l.,1,2024-12-07 22:59:45,0
"Very poor service... If you do not have control on your driver's, you should shut down your services. You take five minutes in connecting with driver. User wait for another ten minutes for selected drivers. And two three minutes before, he cancels booking.",1,2024-12-07 22:55:57,0
Love the app and convenient application,5,2024-12-07 22:53:34,0
Easy to use app. All costs are disclosed upfront leaving you to decide if you want to use the service.,5,2024-12-07 22:46:57,0
Nice place for drive pickup and drop wonderful,5,2024-12-07 22:29:30,0
"Very worst experience. When I was checking, I saw low fares, but when I booked, it asked for more rent. 👎👎👎",1,2024-12-07 22:18:04,0
Am helpful low charge then good driver,5,2024-12-07 22:08:37,0
Works very well. Not a fan of dynamic pricing..,4,2024-12-07 21:58:32,0
Rider is good co-operative,5,2024-12-07 21:54:10,0
"Who charges 542 rupees for 8km, it's a very useless app",1,2024-12-07 21:49:19,0
Spot on time and Tracy is What you would expect from a Professional!,5,2024-12-07 21:42:02,0
It is unreal to reach customer support! System made the worst way possible and takes forever to use! No way I am going to use Uber again.,1,2024-12-07 21:37:57,0
Some drivers are not accepting ride and demand for extra money,4,2024-12-07 21:31:24,0
Respectful driver. Thank you,5,2024-12-07 21:28:59,0
Affordable....most driver's are professional,5,2024-12-07 21:28:13,0
Worst Service according to me,1,2024-12-07 21:26:35,0
Taking cab rides to another level,5,2024-12-07 21:16:30,0
"Really saved the day..... Swift pick up, polite staff",4,2024-12-07 20:58:32,0
It is not as it used to be. It takes too long to find a trip and many drivers are rude and unprofessional. It seems that Uber don't care about the passengers' experience anymore,1,2024-12-07 20:53:01,0
Never ever use Uber package / courier. A bunch of cheats and fraudsters. You may lose something too valuable. The best part is they will keep telling you what the driver said and will refuse to even understand your part.,1,2024-12-07 20:52:36,0
"Ubers prices feels ""made up as we go"" I understand there are increases in demand But 3X is insane Also their customer service is dog shxt The way the manage car crashes are outrageous They are very reluctant when it comes to refunding you if you were to cancel a trip (I'm referring to canceling before the driver is even close to you, drivers that take way too much time than necessary)",1,2024-12-07 20:46:53,0
Uber Shuttle booking is not happening and asking uber payment option to change. Worst app and worst company. Every time driver issues are there. Very unsafe. No complaint management. Extra charges and wrong charges are there in every journey. Uber is most inconvenient. Criminal type of drivers are there and UBER is sucking money using such drivers.,1,2024-12-07 20:46:19,1
"Very positive, 10 min wait ,driver on time , skilled and polite.",5,2024-12-07 20:42:48,0
"The newest update, forcing you to pay fo priority (unless you plan on waiting well over the standard time for you ride) makes the app useless. My Ubers keep cancelling, meaning it can take over 30 minutes to be picked up. I can only assume that because I am not paying for priority none of the drivers can be bothered to pick me up, preferring to wait for closer priority-paying customers. Please remove this greedy, app-debilitating feature. Thanks",1,2024-12-07 20:42:35,21
"Fast reliable and safe I use it for my older relatives and it saves me time and effort. Pick up are usually within the estimated time, all in all, I'm very satisfied.",5,2024-12-07 20:40:06,0
"Prompt, friendly service.",5,2024-12-07 20:37:44,0
"Shocking that a driver can accept a ride. Then reject it as another might come in which they prefer, leaving you stuck once a driver accepts a job that should be binding. Shocking service.",1,2024-12-07 20:36:18,0
When u need in emergency To much waiting tym After waiting Cab driver cancelled the cab,1,2024-12-07 20:32:46,0
Likes to charge you without actually getting you transport charges me 60 dollars for a ride to cancelle and not refund.,1,2024-12-07 20:29:32,0
Reserve a ride feature is awesome and I'm living it alot!😋,5,2024-12-07 20:26:33,0
"Their is literally no ubers at all in Busselton WA after it even says on google that uber supports 24/7 in any towns or cities all over Australia and Busselton is a pre amazing town that is very much loved by alot of travellers all around not just Australia but the world too, maybe your company UBER should really look into it as I've had to request over 3 times daylight and at night time too and it was pre important to be able to get an uber an it never happened I had to order a taxi😔‼️.",1,2024-12-07 20:21:06,0
Very good driver and very good service,5,2024-12-07 20:08:09,0
Great App... Love updates,5,2024-12-07 20:05:23,0
Was good and comfortable and so calming as he agreed to play the music,5,2024-12-07 20:05:05,0
An unacceptable bug occurred. I requested a ride to my home and the app simply displayed the location of where I was. It charged the price of the address I wanted for an address I did not request (it listed my current location as the dropoff). Then I changed the address and it simply charged me double. I no longer use the app so I don't run the risk of having to pay double again.,1,2024-12-07 20:01:17,20
Drivers are very slow to turn up now so they can upsell you a more expensive trip. Very cynical.,1,2024-12-07 20:00:29,0
Great experience. Driver was fantastic.,4,2024-12-07 19:55:06,0
"I had my phone and bank card stolen, so now I can never use uber again, apparently. When you login to Uber, they ask you for the CVV of your bank card. That card is long gone, and there is no option to change the card info. I tried emailing uber to have this resolved, and all I got was an auto generated message telling me to access the helpdesk. However, I CAN'T access the helpdesk without logging in. What a stupid set of protocols",1,2024-12-07 19:52:05,0
"Prices are getting to high, switched to Lyft.",1,2024-12-07 19:40:31,0
bikers not catching on time,1,2024-12-07 19:39:11,0
Very good service and good response from driver amazing ride and reasonable price,5,2024-12-07 19:35:38,0
"This app is good for nothing, it's take too much time for booking 👎",1,2024-12-07 19:34:57,0
I work as Ticket Collector at Uber Parking for Dubai Airports.,5,2024-12-07 19:27:10,0
"Can't find rides on weekends anymore, causing me to be late. It used to be so easy to get a ride, and I'm in a busy area near a major city. Saturday mornings you have to order your Uber like 45 minutes before you want to arrive at your destination, because they'll take 15 minutes to find you someone...who's a half hour away. What the heck?",2,2024-12-07 19:22:49,0
Very good. We are very satisfied.,5,2024-12-07 19:10:56,0
Absolutely loved it drivers are kind and caring and love to have a chat,5,2024-12-07 19:10:04,0
"Some additional amount is shown to the passenger before booking the vehicle and after arrival the amount is immediately increased and presented to the customer. This is very bad behavior of Uber people, first I booked Ola cab but after its sudden closure I started booking cab from Uber but Ola never did such scam as Uber has done. Please keep in mind that whatever amount is shown to the customer by Uber should remain the same in the end because these small amounts are very profitable for Uber",1,2024-12-07 19:09:56,2
"even if the driver cancels the ride , why should I pay any kind off tax , worst app ever",1,2024-12-07 19:03:21,0
"One of the best user friendly apps I have ever used. At the airport in a foreign country found the pickup place, time, car, driver without any issues... Other companies should look up to Uber.",5,2024-12-07 19:00:05,0
"Of all the drivers of Uber, what does number one say? There is a desire to give a street, no one takes booking.",1,2024-12-07 18:42:39,0
Bloody worst app useless and unreliable.,1,2024-12-07 18:30:01,0
Shite takes ages to try to find a ride now,1,2024-12-07 18:28:16,0
Takes ages and cancels a lot.,1,2024-12-07 18:23:13,0
lowering the driver's pay while leaving a hole in the customer's wallet.,1,2024-12-07 18:20:20,0
The worst app ever ..... Not even a single ride booked since morning,1,2024-12-07 18:19:20,0
"I am forced to pay for an amount of an order that I canceled within a minute. I refuse to pay for it. I've sent numerous messages to support, and no ever comes back to me.",1,2024-12-07 18:15:50,0
"In Germany, was waiting for ""Locate your driver"" several times. Then was asking me to pay an extra cost for priority to find a driver. Guys if you do not operate in an area or you have no available drivers just say ""Sorry, no drivers at your area"".",2,2024-12-07 18:07:40,0
when you first use the app the prices are reasonable but after a few weeks. They triple in price it's ridiculous for people who use this to get to and from work.,1,2024-12-07 18:03:57,0
"First time I've used it, but won't be the last. Flawless and convenient.",5,2024-12-07 18:03:48,0
Affordable price and best ride,5,2024-12-07 18:01:51,0
"Words will not cover the disappointment I have experienced with them today. Apparently am supposed to pay before I get to my destination, before I even see the vehicle and before they confirmed the ride or pick up.",1,2024-12-07 17:55:36,0
Waiting time takes too long and not even sure you'll get a driver.... Been requesting for the last hour and still no one available. Ended up walking and being very late.,1,2024-12-07 17:48:44,0
It's very easier am very happy doing business you,5,2024-12-07 17:32:43,0
Very bad app don't book any rides from this app,1,2024-12-07 17:27:45,0
"They openly cheat customers and lie about upfront pricing. They add all kinds of extra fees they add in at the end. Review your bill always. You have to keep disputing these cheats for their predatory cheating add ons. Also their priority pricing is an evil joke, often coming after rideshare. These people are unethical cheats mocking us",1,2024-12-07 17:21:12,0
Worst app. All the drivers are cancelling the ride and charges imposing on users ...,1,2024-12-07 17:16:36,0
I have a business account and cannot get any assistance,1,2024-12-07 17:10:02,0
"Always looking to charge u more. 620am the charge showed $10, I tried to process the ride...ofcourse it diesnt go through and next attempt for the exact same ride maaaaybe 2 minutes later and uber charges 50% more for that same ride. Time to go back to Yellow 🚕🚖🚕🚖🚕",1,2024-12-07 17:01:41,0
"Sometimes it keep saying we are connecting you in 5, 6, 7 minutes and after such await the riders cancel the order. If that can be changed?",5,2024-12-07 16:57:25,0
Driver always comes late...,1,2024-12-07 16:52:46,0
"New and clean vehicle, very good driver",5,2024-12-07 16:50:57,0
Very comfortable safe.,5,2024-12-07 16:45:15,0
One of the worst services one could expect. Shittiest of shittiest app Doesnt deserve of even a star rating The driver cancels the ride and then UBER asks for compensation fee from the customer.. Good way to loot money..,1,2024-12-07 16:32:18,0
Best privacy and costomer support,5,2024-12-07 16:28:27,0
too price increase in road jam.,1,2024-12-07 16:24:34,0
"Useless app. No proper means to connect with customer support for an upcoming trip. Vehicle arrived for my trip. However, the driver is not able to start the trip due to a glitch in his uber app. He is not able to cancel the trip. Even I am not able to cancel the ride without charges. Bad customer support.",1,2024-12-07 16:20:19,22
No waiting and very friendly drivers,5,2024-12-07 16:19:07,0
Wahiyat app paise kuch or batata or mangte kuch or h cheater,1,2024-12-07 16:16:53,0
It's the most amazing and reliable means of transport I have used so far....keep it up,5,2024-12-07 16:10:59,0
Very very very bad experience with Uber car I never go anywhere with Uber car the driver is very rude behaviour I never chose Uber can or any Uber facility for my next destination 👎🏻👎🏻👎🏻👎🏻👎🏻👎🏻👎🏻👎🏻👎🏻👎🏻👎🏻👎🏻👎🏻👎🏻,1,2024-12-07 15:58:04,0
Sure beats public transport in the UK at the mo'!,5,2024-12-07 15:39:52,0
First time user and driver was good.,5,2024-12-07 15:36:36,0
"Uber is a rip off! I had vouchers for a trip whic reflected to be R383, however after the trip Uber charged me about R499 for the trip which included some rediculous charges! The driver was lovely though but it seems, Uber knows how to steal money from people!",1,2024-12-07 15:08:48,0
For one ride charged twice please refund my amount,1,2024-12-07 14:46:46,0
Worst experience with this app,1,2024-12-07 14:46:26,0
Always locating driver. For to confirm trip only it takes minimum 30 mins,2,2024-12-07 14:35:38,0
Today dtd 7 dec 2024 there is lot off issues in uber app . I had put kandivali location on mapp but destination drop me malad . The worst thing is i had oay more then 1000 rupees so this is not happened once this happened with me 3 rd time i recommend to all Don't trust this uber mapp.. worst experience i had ever faced,1,2024-12-07 14:28:26,0
Driver's don't accept the rides and sometimes after accepting cancel the ride after making wait for a long time.,3,2024-12-07 14:09:01,0
Bad experience with ride initial fear was 205 rupees and after drop It was increased to 336 rupees same route no change but fare was increased tried to contact customer support no number in app worst experience ban the app fraud Uber money laundering.,1,2024-12-07 13:55:42,0
Extra charge but uber not responding,1,2024-12-07 13:52:25,0
This guy is so nice. I like the way he drive nice and easy. Thank you so much,5,2024-12-07 13:47:35,0
Uber is a safe way of transportation,5,2024-12-07 13:44:00,0
Punctual. No cancellations by them. Compare to other service providers it is good.,5,2024-12-07 13:43:49,0
The cost of a ride has gotten ridiculous and extortionate. And all for greed.,1,2024-12-07 13:40:53,0
"Good,pocket friendly ride compared to other or offline.",5,2024-12-07 13:34:09,0
Thanks you so much for safe ride and affordable price thanks a lot 💓,5,2024-12-07 13:29:18,0
Wonderful behaviour service charges keep it ❤️❤️❤️❤️,5,2024-12-07 13:26:34,0
"The driver didn't come and I was charged the cancellation fee , no way to contact the customer support",1,2024-12-07 13:19:09,0
Many features not working and available. 1. Map not work properly. 2. Not options available wallet amount transfer to accounts. 3. Ride booking time amount price show low and after Ride complete amount show double or highest.,2,2024-12-07 13:14:58,0
Always have friendly drivers that make sure I'm safe,5,2024-12-07 13:13:55,0
Very good experience I appreciate thank you,5,2024-12-07 13:09:45,0
"Terrible experience with Uber South Africa. I have forgotten my keys in the Uber. From the moment I have tried the option to contact the driver, his number does not exist. Clearly Uber does not screen their drivers. I have offered a reward to get my keys back, I have pleaded and tried everything. Uber support does not care and does nothing to help me. They are now ignoring me. If this is how they treat a their customers, do not expect any help from them for a more serious incident.",1,2024-12-07 13:07:46,2
The drivers ask for more money always. And they are very disrespectful. I had a lot of experiences in Guwahati,1,2024-12-07 12:57:58,0
Very polite and very professional,5,2024-12-07 12:57:08,0
Way too expensive for short rides,3,2024-12-07 12:56:41,0
Best app as compared to ola and rapido,5,2024-12-07 12:53:43,0
"Delivering wrong parcel, making customers in trouble and cheating them by taking their money. Customer care says to talk to local authorities instead of asking help from them that too the problem which they have created. Never use this app for any type of rides, especially parcel.",1,2024-12-07 12:48:36,0
Bait and switch pick up times,3,2024-12-07 12:43:17,0
I love to ride with uber,5,2024-12-07 12:34:52,0
"The app has become worse over the years. There is no customer service - only a poorly written chat but that only understands basic issues. It won't submit a support request either. During one recent case, my pickup was was quoted at 5 minutes. After requesting, it jumped to 20 minutes. It took 35 minutes. There was no reason and no recourse. One of the worst apps ever, these days.",1,2024-12-07 12:28:40,42
Drivers are late and can just ignore you because they have a technical issue. Ride price changes in the middle of the ride. There are better alternatives indeed,1,2024-12-07 12:21:21,0
The Worst app you can ever imagine They can't even book a ride even after paying in cash. Its not even capable of booking.,1,2024-12-07 12:08:20,0
"I recently redownloaded the app after getting a new phone, intending to continue using the service. However, the constant barrage of notifications and emails - sometimes multiple times a day, urging me to book my ""first"" ride was overwhelming. I decided to uninstall the app, unsubscribe from their emails and switch to Bolt instead. Way to chase away a long-term user of your service - I'm not sure who thought this approach was a good idea...",2,2024-12-07 12:02:24,15
What is this my minimum distance ride ammount 73rs. And other get rs. 35 to 45 for minimum distance ride. What the hell with you Uber. WTH still showing double amount from others users. What you think about it. I think uber for you every user are not equal.,1,2024-12-07 11:56:52,0
"Good but the taxi rider some of them have to be more professional, they have to avoid smoking and using mobile during the trip",4,2024-12-07 11:54:53,0
You charged me to cancel my ride. Clearly something on your end is not right,2,2024-12-07 11:49:51,0
Good vehicle.. clean..well behavioed driver,5,2024-12-07 11:48:44,0
"Beware while using this app. This is a scam of the highest level. Your driver will force you to pay in cash when you are done with the trip and then when you do, the app will still ask you for money, when you raise an issue about this, in app support will not help at all and rather keep on going around in circles and keep on asking for more money. They are legit scammers. Beware! Do not get scammed by installing this fraud app. Note: my friend also had similar experience. Be aware. They do this",1,2024-12-07 11:37:25,0
"So far going to have to give Uber 1 star, I ordered a ride and was charged 2 different amounts one for 38$ and the other 40$",1,2024-12-07 11:03:22,0
Excellent easy to use,5,2024-12-07 10:59:29,0
very good behaviour of rider,5,2024-12-07 10:59:17,0
Bhai please ager booking hota hai tho please dhyan do usper hum log ka time ka bhi value hai,1,2024-12-07 10:51:18,0
Excellent Driver was in good Manner 👍,5,2024-12-07 10:50:13,0
Very using app every parson ❤️❤️ I like this very nuch 😊,5,2024-12-07 10:43:52,0
"I use Uber in the UK as well as whenever I am in Nigeria. The experience is very good and it is very convenient in so many ways. I know the cost of the journey in advance, and I pay Uber through my bank account. The drivers always turn up on time, and they never charge me any extra money. Uber is the best and most convenient way to move around anywhere in the world. 👌👍❤️",5,2024-12-07 10:39:16,65
"Ordered an uber for 4 hours in advance, one came in 30 mins. Terrible. Got charged $25 for cancelling my drive within seconds of noticing the mistake.",1,2024-12-07 10:34:32,0
"We enjoyed the ride. No problems. Super polite. He played good, calm, and classic music. 100% recommended able. He was super nice. :)",5,2024-12-07 10:20:53,0
All the drivers are Canceling hyd airport. Shame,1,2024-12-07 10:19:44,0
Damien was excellent and covered all details. He was a professional in all aspects.,5,2024-12-07 10:19:26,0
Bad location location error location problem,1,2024-12-07 10:12:29,0
Mostly time fare increase after dropping time,1,2024-12-07 10:11:51,0
Uber is a great and convenient app ! For me wherever I am I can request and there are always users nearby. But.. Just a small but lol. It's more of a request. Is it possible for the tech team to create a uber pets ? For eg for those who don't drive and would love to take their dogs out for the day like to the park or beach that's would be fantastic and also At a affordable and reasonable price.,5,2024-12-07 10:10:11,12
"Got charged duplicate amount for my trip, I paid the driver driect through gpay but he had already marked the trip as done.Now I have to suffer for it. Tried to reach out to the support many times but they didn’t resolve my issue also the support team is reaching out Very late and poorly, I even shared the transaction 's screenshot where mine and the drivers upi and number is visible still it didn’t get resolve yet. Worst experience",1,2024-12-07 10:04:12,2
"Simple, fast, efficient, comfortable. Thank you.",5,2024-12-07 09:46:24,0
Nice first experience,5,2024-12-07 09:44:52,0
the average cost is honestly just ridiculous not to mention if there any traffic what's so ever automatically 30-50$ for 1 20 min ride do not recommend,1,2024-12-07 09:39:16,0
"I hadn't used Uber for quite some time. My driver was great! The map directions weren't so good, but he kept looking and eventually found the hotel. Thanks so much.",5,2024-12-07 09:27:46,0
Your service is very slow and the driver does not come on time we are shame to choose Uber,1,2024-12-07 09:24:51,0
Peter was an amazing driver,5,2024-12-07 09:24:04,0
Drivers are professional and serive is seamless. Uber can save the day when the rain is hitting hard and you have to get to that appointment and motorcycle isn't an option...,5,2024-12-07 09:21:49,0
It gets me from point a to point b,5,2024-12-07 09:17:39,0
I didn't ask for this Thier subscription. Uber has charged me without my permission. Using fishy way to hide subscriptions and difficulties to cancel it through my accounts.,1,2024-12-07 09:05:05,0
Thanks for the driver bro,5,2024-12-07 09:00:24,0
Very bad driver did not take me to my destination but collected the same amount,5,2024-12-07 08:52:20,0
"I had to pay double. once my ride finish, again in next ride they took money for previous ride.",1,2024-12-07 08:38:48,0
I had a terrible experience today as no drivers showed up. It seems drivers are avoiding Uber because they’re being paid less and opting for other apps or minicab offices instead. It’s disgraceful that Uber isn’t supporting its drivers and riders properly. This might be the beginning of the end for you if things don’t change.,1,2024-12-07 08:37:14,0
Nice driving and reasonable price.,5,2024-12-07 08:27:45,0
Good app it has taxis and many more. Yesterday we should go to secundrabad station urgently . Their taxi took us very fast to the station before the train started to move.,5,2024-12-07 08:19:40,0
I cannot connect with the customer support for my problem there is no optionto chat or call... My ride has completed yesterday and yet does not recieved my hold amount which is still kept on hold on my Amazon wallet I need urgent assistance...I am away from my home need the amount to be released urgently This is the last tym I am booking any uber worst experience in terms of payment,1,2024-12-07 08:10:36,0
I can really appreciate the specifications and options offered for rates and time. I'm 45 and I remember waiting 40 minutes at the least for a cab with no options of seating room and every car feeling like the back seat of a cop cruiser. We have truly advanced in some areas of living and this is one of those things.,5,2024-12-07 08:07:23,1
"I started using UBER six months ago, and its standard operating procedures are efficient. The drivers arrived early, so I arrived early for my doctor's appointments. The drivers also possess great customer service skills. The PRO is that I no longer rely on public transportation for my medical appointments. The CON is the increased cost to use UBER. At the age of 70 health dilemmas, I had to compromise.",5,2024-12-07 08:04:23,10
Very good Uber driver. It would be more useful if the app can provide a portion to note child seats and boosters and or bags carried. It will give driver a good understanding of whether things will fit or not. My driver was very generous and helpful in a lovely way benefited the family travel to Airport.,5,2024-12-07 07:57:48,0
Friendly and convenient each time I use Uber,5,2024-12-07 07:54:42,0
Bad experience using app Placed order for pickup and they sent a driver to my house with the food -.- i tapped the confirmation for instore pick up and everything. Reached out to customer care and they didnt care got charged an extra 10 dollars and watched my friends eat 😑,1,2024-12-07 07:48:56,0
Ride cost is not correct when we schedule ride. Cost only shows fare not booking charge. When it comes to pay final bill then Uber is showing extra 100rs. This is really frustrating experience coz just 10 min ago before starting ride i see almost half price of my booking price and then you are charging extra cost on already fixed high cost,1,2024-12-07 07:35:21,2
Very pathetic service driver took amount & uber still charging me as unpaid amount,1,2024-12-07 07:28:23,0
Perfect and professional.,5,2024-12-07 07:22:53,0
"Go for other apps. Day by day uber are more into fraud. Uber increases cost at the time we end the ride. It happens more than 50 times, i book ride seeing cost of trip and then when the trip ends..it shows different price...plus price us so high nowadays",1,2024-12-07 07:12:28,0
Numerous times I've had to wait an hour to be picked up after work whilst seeing people who ordered after me being picked up. App crashes a lot and notifs for found drivers don't always work,1,2024-12-07 06:52:56,0
Please show nearby riders only. I'm in hurry and 7 km driver accept my ride. This is really irritating.,3,2024-12-07 06:39:14,0
Best services of Uber,5,2024-12-07 06:34:07,0
"Drivers constantly accept and then never arrive, looking for better deals on other apps. Very frustrating customer experience all around.",1,2024-12-07 06:29:48,0
"App is a little daunting for a first time user, but I was able to sort it out in the end.",4,2024-12-07 06:26:13,0
"Been using Uber for years and it used to not be so bad, but it's just awful now. Rides that used to cost me $10 now cost $20, seems like no matter what time or day it is they attempt to push predatory tactics to force you into paying more money. 2pm on a Tuesday? It's busier than usual! My 10 min ride to work is now $50 for the next hour! 10-15 wait time? Nope, the only person in the entire city who's available is 35 mins away, apparently, unless I spend extra money for ""priority pickup.""",2,2024-12-07 06:23:10,1
"I've ordered front Uber Eats a few times, and until now, I've had no issue. Tonight was totally different. My order was missing both drinks. Customer service in this situation is/was virtually nonexistent - difficult to find, incomplete. Driver was rude when contacted about the missing items. For what i paid, I expected much better service. My advice is pay close attention to what is going on. Don't let the driver leave without checking the order first.",1,2024-12-07 06:11:34,66
"I order a trip in Amsterdam while I happen to be within an Uber-defined exclusion zone, so the pickup point is actually a 10 minutes walk away. Trip gets cancelled by Uber when I'm 100m away from pickup point. I get charged €9.50 for cancelling the trip. I use a taxi. Uber gets 1 star. End of story.",1,2024-12-07 06:05:46,2
Never available on time pathetic service,1,2024-12-07 06:05:06,0
"Always have a good experience, it's always prompt and the drivers are always super courteous and they get me where I'm going on time and safely. I don't have to use Uber often, I can't really afford to use it much but when I do need it I know I can rely on fast service! Thank you!",5,2024-12-07 05:44:02,0
What will we do now without UBER 🤩🤩,5,2024-12-07 05:32:08,0
App and company useless Overcharged users and give drivers the least amount of payment to make the most of their own profits. Company and profit first over customer and staff. DO NOT USE IF YOU CAN.,1,2024-12-07 05:28:24,0
Please reach out in Hawkesbury as well 😅😅 do add on TV pz,5,2024-12-07 05:28:11,0
Please dont include bangali driver,5,2024-12-07 05:21:14,0
Easy even for an old man,5,2024-12-07 05:18:05,0
Uber rides always changed my credit card 💳 after I purchase a ride charging my credit card 💳 extra money 3/ 4 o'clock in the morning hours late after my credit card 💳 and email showing I already paid for my ride.. BAD experience riding with Uber I always have to blocked Uber business from my credit card ACCOUNTS from taken money from my credit card 💳,1,2024-12-07 05:11:04,0
Good and easy of life,5,2024-12-07 05:06:46,0
"I'm very happy with the app it's safe ,comfortable and the drivers wait outside to make sure you enter your house safe and sound thanks to Uber keep doing the good job we need this as a country",5,2024-12-07 05:04:16,0
"Marius, excellent driver, keen to help in any way he could. Made a tough ride very simple.",5,2024-12-07 04:43:41,0
My first solo Uber ride. It was great. Super friendly driver.,5,2024-12-07 04:27:18,0
Good app. Would recommend highly.,5,2024-12-07 04:25:55,0
"Prices have been ridiculous lately and can't get rides, makes it useless",1,2024-12-07 04:22:10,0
"Go to lyft. Much more reliable. This app will constantly allow drivers to cancel or sit in parking lots waiting for you to cancel and then charge you a fee bf it was within a certain time frame. They have no humans to communicate with. Only a select choice of prompts to complain about. If your city has taxis use those, if not lyft. Do not use uber",1,2024-12-07 04:14:27,62
Great reliable transportation but only gives the drive 50% which is kinda unreasonable but very reliable and great for last minute rides,4,2024-12-07 04:09:37,0
"Uber drivers just don't accept certain trips. On the last trip, the driver just said they did not want to go to a concert destination and drove off after accepting the trip.",1,2024-12-07 03:47:23,0
Cheaper than Lyft by a lot,4,2024-12-07 03:45:23,0
Can no longer see the incoming driver's car when ordering a ride and unable to message,1,2024-12-07 03:26:35,0
"Update (12/06/2024): Company is the most obnoxious business in history. In any world other than clown world they would fined/legislated into extinction & already bankrupt. Oh how I long to read about their CEO getting ""Brian Thompsoned"" someday. Their latest cuntyness is spamming you with marketing notifications at times that their research indicates will be the MOST irritating or inconvenient. They obviously realize that muting notifications will interfere with the app & most won't bother.",1,2024-12-07 03:25:50,4
Have a better experience ride was safe and hastle free.,5,2024-12-07 03:25:07,0
"I must admit that it is times that I depend in need a ride and me Uber have our ups and downs, advantages and disadvantages but I sincerely do appreciate the drivers and I will continue to support them period there are a few areas that Uber need to tighten up on but I sincerely appreciate the services",5,2024-12-07 03:24:56,0
Most Hated app ever seen....... I never got timely booking.......worst service and no option to talk with customer care n all,1,2024-12-07 03:07:17,0
Heard about lawsuits and expensive rides so never tried,1,2024-12-07 02:58:56,0
Very nice. Tip in cash,5,2024-12-07 02:46:52,0
"Why is SHARE a ride FIRST NOW???? I booked a shared ride by mistake!!!! I do not share Ubers!! For me it's taboo & uncivilized 🤢🤮. Now I'm charged $5.50 for the mistake. What is SHARE 1st, UberX should be 1st like it's always been. Always fixing something that's not broken smh",1,2024-12-07 02:32:31,0
"It works nice often. But it happened to me a few times when a nearby driver accepted the trip, then didn't move for a long time, no answers to messages or calls. For quite some trips we waited for 20mins+ without being canceled (when the expected pick up time was 2-3mins). I couldn't find any options to contact customer service for this matter when it was happening or after I had to cancel it eventually, all I could do is to waste all the time and wonder when i have to cancel a trip.",2,2024-12-07 02:31:12,90
The app charged me more than the price that was stated.,4,2024-12-07 02:25:16,0
Fabulous! So efficient. And you save a ton of money. Uber are the business.,5,2024-12-07 02:23:38,0
Uber service was excellent.. driver was very cooperative ...and he dropped us very safetly,5,2024-12-07 02:23:36,0
Almost always exactly what I want and need.,5,2024-12-07 02:12:08,0
Where is the Uber Eats option?,1,2024-12-07 02:08:31,0
Love Uber. Always get great service. A++++,5,2024-12-07 02:04:46,0
"Is greatly appreciated and perfect, polite drivers",3,2024-12-07 02:04:35,0
"Great! Uber is one of the apps I trust these days , especially as a young female if ykyk",5,2024-12-07 01:57:12,0
Fast and reliable... Thank you,5,2024-12-07 01:38:06,0
This app is trash!!!🤬 If they don't take your money in your bank then it's them just cancelling rides. A driver of this app had a car accident with me and yet still they didn't do anything about it. Nonsense!,1,2024-12-07 01:28:41,0
Charging higher than usual. Their amount is always the the double of the ride. Definitely not going to use it anymore.,1,2024-12-07 01:05:21,0
Rate hike after mentioning lower rate.paid Rs 470 at 7.30 pm and Rs 460 at 11.40 pm,1,2024-12-07 00:56:04,0
His very kind and thoughtful,5,2024-12-07 00:48:49,0
"Set pick up point, scroll map, pick up point remains where it was on the screen. A pretty fundamental bug in software that Is supposed to help you meet with drivers. If I could rate 0/5 I would. Near useless.",1,2024-12-07 00:38:56,3
Forgot my bag when I got out. Tried calling the driver ( who has their phone infront of them the whole time ) no ansewr. Voicemail and not much help from the UI either. I don't think I'm getting my things back.,1,2024-12-07 00:37:21,4
"Canceled the ride ,didn't get the money back.",1,2024-12-07 00:35:00,0
This stupid app does not work. I can't even set up my account because it sends a code to my email but resets to the beginning of setup when I check my email. Worthless!,1,2024-12-07 00:33:41,0
Always errors. Never managed to actually get a taxi,1,2024-12-07 00:25:25,0
Quick pickup on a rainy night and good service!,5,2024-12-07 00:25:08,0
"My ride was so amazing,the driver was friendly and very nead,the car was clean and smells nice,",5,2024-12-07 00:24:24,0
Driver was friendly and a safe driver. Uber also notified us when we were stopped for a few minutes to ensure everything was ok and we didn't need any assistance.,5,2024-12-07 00:23:33,0
Mharram was a very nice driver. Very professional. Highly recommended.,5,2024-12-07 00:20:36,0
"Great experience , helpfull and quick response 👍🏻",5,2024-12-07 00:04:52,0
The Help function is AI driven and does not allow user to describe other issues with the trip. I requested a ride and the driver started the trip about 10minutes before pick up. App help is useless if the user cannot describe the problem. I'm very disappointed by this.,1,2024-12-06 23:59:47,4
"Rips off drivers and the customer. Has done nothing about scam drivers that try to farm cancels, too.",1,2024-12-06 23:57:40,0
Not proper working its always having technical issues not,1,2024-12-06 23:45:07,0
"Good service, very professional",5,2024-12-06 23:39:21,0
"Hv been using Uber for so many years, but never faced such an appalling situation like today, where one cab driver named Samuilla of Park Circus outright rejected my request of turning the AC on and in turn started to abuse me aggressively while telling me to cancel the ride which I had boarded after waiting for over 10 mins. Really disappointed with Uber and its policy of choosing the driver for providing services to us. Will stop using Ubet services henceforth.",1,2024-12-06 23:38:51,0
Uber drivers provide efficient and very professional customer service.,5,2024-12-06 23:36:18,0
Too personal. But good ride prices,3,2024-12-06 23:30:54,0
Consistently better than the others.,5,2024-12-06 23:30:24,0
It's not as much the apps fault as it is the system that empowers the drivers. The ability to cancel on you at anytime even after a long delay is terrible. I personally hate this app as a result,1,2024-12-06 23:26:10,2
Better price than rapido,5,2024-12-06 23:20:25,0
Fast n friendly service,5,2024-12-06 23:18:29,0
"Sidwell is the best, quality service 👌🏽💯",5,2024-12-06 23:18:11,0
Cost is ridiculous. I'm not going to keep using this for a way to work much longer.,2,2024-12-06 23:12:35,0
I always have a good experience with safe and nice drivers,5,2024-12-06 23:03:24,0
Better than renting a car for travel,5,2024-12-06 22:51:08,0
They gave me 70% promotion 😂🥰,5,2024-12-06 22:47:37,0
Pleasant driver safe driver. I appreciate him I am older and no longer drive so he was great.,5,2024-12-06 22:46:17,0
Uber driver service is very bad Uber auto driver night demanding extra money & behaviour very rood.,1,2024-12-06 22:38:12,0
My personal experience was very bad with uber and waiting time is tooooo long they should have to focus and not waste time for others,1,2024-12-06 22:35:43,0
He was exceptional and very helpful.,5,2024-12-06 22:32:22,0
They over charge. They won't let you cancel your Uber one and they will continue to take the payment for the uber one. Even if you deleted the app. Then when you contact them they are going to say they don't see the transaction for you to call your bank. Your bank will tell you they are lying because it shows they took. Uber is a rip off for real. Then I just took a ride for 11.66 and I was charged 12.78.,1,2024-12-06 22:23:07,0
I was able to schedule ride day before; driver right on time & excellent drive to airport! I hope he is paid well & receives all of my custom tip🙂,5,2024-12-06 22:19:27,0
Awesome compare to Bolt services... Trusted with the reliable good vehicles...,5,2024-12-06 22:14:50,0
Over a dollar a mile? No thanks.,1,2024-12-06 22:13:58,0
Long delay to find the ride,2,2024-12-06 22:12:34,0
Suggesting drivers are nearby but they won't come. I'd give 0/5 of possible.,1,2024-12-06 22:12:11,0
Mostly experience is very good but one thing that 1) driver not come form time. 2) helmet issue.. Not in good condition 3) driver said that cancel ride for your side after cancle customer paid extra cancellation charegs. 4) wait time show 2 minutes but driver come 10 minutes why if emergency than? Improve some points for best service,4,2024-12-06 22:11:22,0
"It's become unusable now they've added an option to get a faster pickup for an additional fee. Unless you pay the extra fee, you don't get an Uber for ages. Typical company trying to squeeze more money out of customers unnecessarily. Will be switching to another taxi provider from now on.",1,2024-12-06 22:05:48,14
"I would recommend uber anytime they fast and reliable, very happy and satisfy with thier service",5,2024-12-06 22:03:30,0
Too many recent glitches,2,2024-12-06 22:00:44,0
I had a wonderful experience well done Uber for your continied good service,4,2024-12-06 21:53:59,0
"No problem, seems to work as intended. Good UI",5,2024-12-06 21:39:53,0
Excellent service and drivers,5,2024-12-06 21:35:22,0
Awesome Driver Very positive,5,2024-12-06 21:33:52,0
Otp didn't received from uber aap and unable to book car .... Not worth it 😔😮‍💨😓😠,1,2024-12-06 21:28:28,0
Worst app I ever seen in my life reason that me and my friend book a ride it was auto that was abusive and harrassing both of us and my friend complaint to Uber customer service that take a strict action or we will take legal action they just locked my friend id,1,2024-12-06 21:22:34,0
Amazing service with affordable pricing,5,2024-12-06 21:22:30,0
Useless app drivers wont accept your ride if they dont think its worth it. Got stranded at 2am because nobody would accept the ride so i was forced to walk nearly 2 hours to get home,1,2024-12-06 21:20:52,0
The final amount payable upon reaching the destination is significantly more than the one shown while booking. Why is that so?,3,2024-12-06 21:17:03,0
Uber is the best service,5,2024-12-06 21:13:35,0
"This app is absolutely the worst. Everytime I use it, nothing goes well. Either the taxi teleports everywhere, it randomly cancels, the taxi won't even be in the same town as me, the timer increases out of nowhere and at one point, one of the drivers literally stopped and went shopping while I'm out here waiting. I'd rather take a bus or any other type of transport instead because saying Uber is terrible is being generous. Don't use this app unless you enjoy having problems every day.",1,2024-12-06 21:11:25,0
Got charged for a ride that was canceled not the first this has happened uber sucks big time no way to complain,4,2024-12-06 21:06:59,0
Timely and great driver,5,2024-12-06 20:55:39,0
Worst experience today. Driver took totally double than what shown before the trip. Waste app which I didn't like it. Kindly revert me back with my amount you have collected from.,1,2024-12-06 20:53:50,0
just wait time are longer in some areas otherwise everything is seamless and quick,5,2024-12-06 20:53:29,0
I booked auto in Uber app for my son to go to his tuition. When I have put the location in the map of the Uber. He took the auto to the another residential society I called him 23 times but he didn't pick up when I saw his location I called him then he pick it . The total fire was 248 rupees when I gave him 250 rupees when I asked for my 2 rupees back he said that why are you taking 2 rupees are you so poor. I have request to Uber that please to show some respect to their customers,1,2024-12-06 20:49:50,0
It is better experience in ride,5,2024-12-06 20:48:30,0
You are overcharging this festive,1,2024-12-06 20:37:52,0
I added rs 150 gift card for a trip and after the trip started (costing rs 143) my wallet balance is rs. 7. But when checking the current trip details..it says you need to pay cash. It's so confusing because then you have to wait all the way till the end of the trip for the driver to confirm the payment status. And while checking the wallet section it says that rs 150 was added and is valid till next year. So it means that there is no was to know if your gift card is being used or not.,1,2024-12-06 20:36:02,1
Please remove the forced auto translate feature! It's crazy we are forced into it and there is no option to turn it off.,1,2024-12-06 20:32:43,0
"without asking my concern, money has bwen deducted from my account that is 4 GBP. when i trued contacting customer support, another hectic process.",1,2024-12-06 20:29:59,0
Some of challenging trips you have made smoother.. I felt a great partnership..,5,2024-12-06 20:23:58,0
The worst taxi app I've ever used,1,2024-12-06 20:23:17,0
Very fast and trip fair,5,2024-12-06 20:16:09,0
"Very nice gentleman, God bless him and his family....",5,2024-12-06 20:13:58,0
Very nice behaviour of DRIVER and in time.Excellent experience.,5,2024-12-06 20:09:41,0
It's amazing but most of my orders especially motorbikes were canceled by the drivers and left me frustrated,5,2024-12-06 20:03:58,0
Takes long to find me an uber,1,2024-12-06 20:00:43,0
Very affordable 👌 top notch service,5,2024-12-06 20:00:16,0
Debits money before securing a driver,1,2024-12-06 19:42:30,0
While giving estimate please provide breakup too because drivers always demands entry fee seperately in cash which are also included in your cost.,3,2024-12-06 19:38:45,0
"Worst experience ever I had in my Uber travel experience. In the London city, I was waiting for almost 1hour to accept my ride request and none of the drivers accepted the ride. This is ridiculous at night why the drivers are so choosy on accepting the rides based on location. Hence I'm putting down my rating.",3,2024-12-06 19:34:20,0
"Simple to use, easy to figure out for beginners but should make the prices more fair 8 out of 10.",4,2024-12-06 19:32:58,0
Uber Auto rickshaw not available in kolkata indias 3rd population metro city for short distance commuter,1,2024-12-06 19:27:57,0
Drivers non stop cancel in Brisbane get your people together Edit: 2 years later and uber is still worse then a 3rd world country on a Friday in Brisbane how have you done so badly?,1,2024-12-06 19:27:21,0
App is life changing in all it's aspects,5,2024-12-06 19:12:50,0
She was awesome and very friendly Very sweet lady.,5,2024-12-06 19:01:32,0
"Refuses to allow me to login for some reason. Have used the web app without any problems, but now the actual app is not even letting me in! What's the point?",1,2024-12-06 19:01:28,0
"Years of using this app and it has always been fast to get a taxi, within like 4 mins TOPS but now they randomly added a pay more and get a taxi faster option and now I have waited over 20-30 minutes for a taxi? Yeah that seems legitimate and not like a money grabbing scam at all, it's already way more expensive than any other taxi firm but this is just disgusting.",1,2024-12-06 19:00:26,2
We received a nice and clean vehicle. Driver drove well and very friendly and pleasant.,5,2024-12-06 18:59:11,0
Very good experience 👍,5,2024-12-06 18:57:20,0
The best app to travel,5,2024-12-06 18:53:21,0
"Terrible service from Adelaide Airport, taxi prices are 6 times the normal fares. Shifted to using taxis. The cancellations from drivers are immense and terrific.",1,2024-12-06 18:35:50,0
I was charged a cancellation fee when I wasn't able to edit the route. That's not fair. Plus I was charged more than the 2 rides I actually took. That's a shady business practice. I'm not compensating the driver if the ride is cancelled. That's your job!,1,2024-12-06 18:35:18,2
Unnecessary exceeded fair charges . Their donot cancels the ride n they charges us more for cancelling the ride. Their riders donot come on time,1,2024-12-06 18:34:11,0
Good aap for instant go any where,5,2024-12-06 18:27:55,0
"No customer support. Paid trip amount to Driver Directly, as he asked for the payment through cash. Still showing pending in App and unable to book any ride.",1,2024-12-06 18:21:42,0
Good service but few drivers use uber for getting easy customers through UBER . They try to cancel trip to get full payment.They must recognised by UBER itself. This type of drivers have no rights to do this type of act. Rating is 5 for UBER service but rating for such type of drivers is 2. They are damaging the reputation of UBER services. Especially in evening most of the drivers ask the money and if it is less they cancel the trip. It getting worse and I also thinking to ....,5,2024-12-06 18:17:53,0
for the waiting time of the last update,1,2024-12-06 18:13:27,0
Amount that was giving wasint the amount I had to pay. Had to pay more. Will never ever use Uber again,1,2024-12-06 18:08:05,0
I need help with how my Uber,5,2024-12-06 18:00:18,0
"I am not satisfied with the Uber application. First they made me wait for a long time and then when I cancelled and booked again, they increased the price.",1,2024-12-06 18:00:10,0
Couldn't see where the travel time was?,4,2024-12-06 17:56:56,0
Thanks my brother you are a good driver and also friendly,5,2024-12-06 17:55:30,0
Services and the price which they offer is better than Ola or any other taxi provider.,5,2024-12-06 17:48:13,0
Most worst app for cab booking. The booking took 30 minutes to book a cab. After 20 minutes I left looking for the cab and put the app in background and after 15 minutes I am getting a message the partner has arrived and charged me for that.,1,2024-12-06 17:30:05,0
Amazing and fast trip,5,2024-12-06 17:22:56,0
On time and reliable!,5,2024-12-06 17:14:34,0
Great love it the best,5,2024-12-06 17:12:47,0
"Very affordable,fast and reliable",5,2024-12-06 17:05:22,0
All well. Drivers friendly. This is an awesome/ Is a godsend,4,2024-12-06 16:52:55,0
"I booked my ride for the 1st time with this app and fare was showing 90 rupees, when I reach the destination the driver asked me for 140 rupees. It was not driver's fault, he showed me his phone that in his phone he was showing 140 for the same ride. Kindly solve this type of issues in your app as it creates discripency.. worst experience even in 1st ride using this app..",1,2024-12-06 16:49:28,0
There is now no way to actually contact uber if you have a problem. It's all AI and chat bots. There was no way to report or talk to someone about my issue. I had a scheduled pick up for this morning but the driver was assigned to a different trip and I was never contacted and another driver was not assigned. I've used uber a decent amount over the years. Probably switching to Lyft now.,1,2024-12-06 16:43:59,5
Drivers are very humble..... And excellent service,5,2024-12-06 16:41:58,0
Please update your map or what ever is the navigation app or tool you have. I have to wait for too long and cancel several rides because your navigation map pointing the driver in wrong direction and road closures.,1,2024-12-06 16:40:19,2
Very useful application!,5,2024-12-06 16:39:25,0
High quality services at reasonable prices.,5,2024-12-06 16:38:03,0
Very worst app ... Always cancel the ride after booking.,1,2024-12-06 16:37:12,0
"Uber is becoming the scam of the century. Reserved a ride 6 wks ago 4 miles to the ATL airport for 16.46. 2 hrs B4 my scheduled PU my card which has never been a problem and has more than enough money on it was Miraculously DECLINED. After being hung up on 2x by some jackass who was clearly at home because, I heard his kid in the background, I was finally able 2 speak 2 a less jackass who insisted on booking me for the same trip @ 22.42 but I'm looking now and was charged 25.46. Bunch of BS.",1,2024-12-06 16:32:08,0
"Very accurate, pleasant ride, right on time.",5,2024-12-06 16:31:02,0
"""Hands down the best Uber ride I've ever had! The driver was punctual, polite, and the car was spotless. Smooth ride and great conversation. Highly recommend!""",5,2024-12-06 16:29:12,0
"Just flooded with people who do not speak or understand English anymore, prices are higher than before and you can not get real people to help in support anymore . Just went and bought a car tired of dealing with the headaches .",1,2024-12-06 16:28:18,0
"Simple to use and choose ride , better than that Ola",5,2024-12-06 16:26:23,0
"3rd class app . There was a different fare when I booked, a different fare on arrival",1,2024-12-06 16:24:55,0
Best taxi in hartlepool,5,2024-12-06 16:18:56,0
Uber is very good app and money is less I think everyone should use Uber. Better than any other service,5,2024-12-06 16:17:42,0
Need improve driver partner support team manegemant..... otherwise it's good public transportation platform for gag workers.,5,2024-12-06 16:16:13,0
Their services have really gone very bad .,1,2024-12-06 16:11:11,0
Great initiative Uber 🫶,5,2024-12-06 16:05:32,0
"Ok Uber, I have no outstanding balances. My app is up to date. Always been a 5 start customer. I keep getting error detected when I request a ride. This is extremely annoying when I'm booking it for a plane trip. This has happened many times throughout the years.",1,2024-12-06 16:02:28,8
Professionalism on Point.... Well done!,5,2024-12-06 15:35:28,0
company need to work on their drivers....they are doing manipulation while customer are booking there driver...when the price is ok for XYZ ride drivers are not pick the ride....but if customers are cancel the ride and book instant for same ride location suddenly drivers pick the ride.....but there's about 100-120 price difference between the last and current ride....this is daily routine of drivers.....and uber don't take any action on their drivers.......worst drivers experience all the time.,1,2024-12-06 15:33:12,0
Very good and cooperative,5,2024-12-06 15:31:44,0
This app is very useful,5,2024-12-06 15:03:15,0
Dropped on time... No problem occurred,4,2024-12-06 14:56:11,0
Auto never received when needed. At every railway or airport transportation not available so have to take up with ola,1,2024-12-06 14:49:50,0
there no option to connect with support team just ai generated queries and that also not helpful.. I am facing a problem with payment issue but there no way to contact the driver of that specific ride niether there is any option to get my issue resolved.. worst app,1,2024-12-06 14:47:16,0
Uber you're cancelled. Lack of communication and common sense,1,2024-12-06 14:31:12,0
The Uber drivers are very slow confirming the requests,1,2024-12-06 14:30:34,0
First time using Uber and I love it. I love the fact that they let you know everything step by step. They give you a courtesy call so you won't miss your ride. Most importantly they are very respectful and the was clean/smelled good.,5,2024-12-06 14:27:31,0
"Third class service long long time waiting then we cancel the ride thay will charge us this is not good ,.,....................................................,................................................",1,2024-12-06 14:05:26,0
I like the way the app lies and says the driver is 2 minutes away,1,2024-12-06 14:00:09,0
Very good especially when in Edinburgh as all taxi pre booked so this app is necessary and really god send to have,5,2024-12-06 13:48:13,0
Great service and on time 👍🏻👍🏻,5,2024-12-06 13:42:00,0
Wow such a beautyful people ride,5,2024-12-06 13:41:14,0
why most of bike drivers demands extra money even after high price on uber ??,3,2024-12-06 13:32:01,0
Worst app It will not take source location precisely if you are booking for others No wonder how this app tested and got deployed in Play Store Such a pathetic app,1,2024-12-06 13:18:52,0
"Uber drivers keep ignoring my trip making me wait 20 minutes for a confirmed ride, plus I booked an Uber trip the other time and canceled the trip. I had to pay a cancelation fee for R10 which I didn't mind, but the rest of my money didn't come back.",1,2024-12-06 13:18:07,0
I am using oppo find x8 with Android 15. In my device uber driver app not is working. Giving notification as you may need to use a different device or update the app Plz help resolve this app issue for Android 15 divce,1,2024-12-06 13:17:34,0
"It keeps saying that my payment method is invalid, irrespective of the payment method I choose, even with cash.",1,2024-12-06 13:17:32,0
"Worst app, I tried to book a ride in which I prepaid the amout but after huge waiting the ride was cancelled but I didn't got the refund. When I complained about it ,got no response . Disappointed",1,2024-12-06 12:53:39,0
Ur Uber taxi is fake.. Whenever we tried till now we have not got the taxi.. And then we have to waste time waiting for it.. After taking the ride they don't come to the pick up locations..,4,2024-12-06 12:45:10,0
The worst app I have ever used ... Don't show where driver is even change the fare in fraction of second.. waiting time tooo long .... And when driver is to long and we have change our mode of transport then also we have to pay them The worst app,1,2024-12-06 12:45:02,2
very disappointed. They cheat with me. When I book a car fare shows Rs. 449 but when I reached my destination then fare shows 581. After reaching my destination I paid extra 131 rupees. Fully cheater,1,2024-12-06 12:44:19,0
Very very nice they always come on time and find drivers very easy in less time but there's only one problem that occurs sometimes that fair price becomes very high as compared to other apps pls work on it otherwise this is the best,4,2024-12-06 12:44:18,0
Needs to work on location accuracy,3,2024-12-06 12:42:44,0
This app is getting worst day by day. Locking genuine account without any reason.,1,2024-12-06 12:40:58,0
"I have always had a very pleasant experience with Uber as compared to other moto apps. Whether its auto, cabs, suvs or uber package, this has been my preferred transport. They often give me diacounts and fares are far lesser than other app rides.",5,2024-12-06 12:39:28,1
Amazingy and lfiide chamg8ng,5,2024-12-06 12:29:23,0
Fast service provided,5,2024-12-06 12:13:08,0
When I go for booking I don't see fare price in my app,5,2024-12-06 12:07:03,0
Feeling good experience 👌👌,5,2024-12-06 12:05:49,0
I usually never have to wait long at all for a ride and they get me to my destination quickly,5,2024-12-06 12:03:19,0
Constant cancellations by drivers.,1,2024-12-06 11:55:31,0
🚫👎❌💩👎 Very bad Very bad Very bad Very bad Very bad 👎💩❌🚫👎,1,2024-12-06 11:50:48,0
Good until I lost a wallet and now can use the app as all my details are different,1,2024-12-06 11:50:04,0
Nice app and best' price,5,2024-12-06 11:29:11,0
British travelers. Very helpful we are happy,5,2024-12-06 11:26:00,0
Too long waiting time and no option for cancel the trip,1,2024-12-06 11:18:44,0
"Uber Performance is good. Only some of Uber drivers do not agree to go after acceptance,they ask addtl amnt. Later they do not cancel and forced the customer to cancel. In that case customer no option to put the note with uber for drivers behaviour. Request to look into this matter...it is in general and facing several times in bhubaneswar, odisha.",4,2024-12-06 11:11:54,0
Really good experience every time.,5,2024-12-06 11:07:47,0
Always driver says they show extra amount aap . Very bad,1,2024-12-06 10:58:24,0
"The service is top notch, but you people really need to tell you drivers what amount they should be asking for, like when they finish the ride there's an amount which is shown in our app too, and then they ask for the amount that is shown later on after finishing the ride, which I guess if their profit amount. You need to change that.",5,2024-12-06 10:56:57,0
"Uber in India has no standard, especially when it comes to auto booking. They accept and cancel the bookings more faster than the speed of light. They have no sense and they understand no emergency of the passengers. Cancelling my 4 rides after accepting the bookings uber expects me to rate them!!! I would rather walk than taking an uber.",1,2024-12-06 10:52:33,3
I use it sometimes and so far I like it 💗💗,4,2024-12-06 10:52:31,0
I am using uber daily but yesterday your driver did not call me and cancelled the ride from their side but i had paid cancellation charges. I was already late at that time. so i booked rapido. I thought rapido driver is far better than you guyz,1,2024-12-06 10:47:11,0
"Tge trip was fine, the driver was calm throughout the trip. I enjoyed my ride",5,2024-12-06 10:43:15,0
How come i dont get the 15% promo while all of my collegues are getting discounts at the same destination?,3,2024-12-06 10:26:23,0
The cab drivers kept cancelling on me without a reason when I had to get to somewhere urgently. I waited for half an hour for my cab to arrive only to see it being cancelled.,1,2024-12-06 10:19:48,0
Best features for safety,5,2024-12-06 10:09:16,0
Good job and good service,5,2024-12-06 10:05:35,0
"Pathetic service, during time of booking lot of cans , once you select cab type and destination, waiting time and cab availability gone sucks. Longer than expected and wastes 30 min in search of cab.They don't know how to improve service only wasting time of customer. Better to switch to different app.",1,2024-12-06 10:03:47,0
"The app is great and all but whenever I try and request a ride, it always tells me there's something wrong with my connection and the app... I just installed it and there's nothing wrong with my connection. I don't understand why it does not want me to request. And if it does it ends up telling me it's out of the drivers boundaries and it's probably just 10 minutes away as I know it's not out of boundaries coz Ive went further then 10 minutes. I kindly don't recommend using Uber, unless its fix",1,2024-12-06 10:00:12,46
For me personally Uber is convenient and safe however the only problem I'm facing is that the fare goes up while you in the Uber which doesn't work because what if I only have enough cash as the amount shown when I requested,4,2024-12-06 09:56:32,0
"Mate left his wallet in the uber, they don't want anything to do with it, i literally can't contact anyone, absolutely useless",1,2024-12-06 09:52:19,0
It is impossible to enter correct home address.,2,2024-12-06 09:44:48,0
Very good App.Thank you,5,2024-12-06 09:42:19,0
Why are there not a -star because uber deserves a -5 star rating in sylacauga alabama. It useless here waisted space. They just do not have drivers..... and I do not kn8w why.......,1,2024-12-06 09:37:46,0
Uber sucks now. they don't hire good workers who care about their rides but hire ones who don't cancel rides so that they can price gouge.,1,2024-12-06 09:37:38,0
The two factor authentication takes two devices. The app crashes if you leave the screen to read the temporary pin and you start all over again in an endless loop,1,2024-12-06 09:33:52,1
Good driver. Car is in good condition.,5,2024-12-06 09:24:31,0
Nice app please soure,5,2024-12-06 09:07:25,0
Good app and professional,5,2024-12-06 09:03:19,0
Great driver and great service,5,2024-12-06 08:58:35,0
Driver made me walk to pick location and he cancelled the trip... Very bad service from Uber. After that I book cab from Ola and their driver so kind.,1,2024-12-06 08:57:21,0
"It's terrible, no longer reliable at all, waste of time",1,2024-12-06 08:56:44,0
It's the worse app and by day by day it become more worse than I think. It takes much time to finding a driver and when I finally found one the driver cancel the trip. I really don't want to give them a single star but I have no option.,1,2024-12-06 08:50:09,1
"This whole company is sham. Overcharged me over a scooter. I have reached out twice, no response from support. I was charged $23 for riding a scooter for less than 25 mins. That is very overpriced. Yall will not be getting that $23. I'm contacting my bank to dispute the charges and have uber blocked from attempting to take that ridiculous payment amount.",1,2024-12-06 08:49:53,0
The app is not working properly making so many updates but still not working very bad experience kindly see to the glitch problem and solve it uber 😀,1,2024-12-06 08:45:56,0
My go to always. No matter what my needs are Uber always has my back ❤️,5,2024-12-06 08:32:54,0
"Excellent service, jesse was on time and friendly. Great service",5,2024-12-06 08:17:17,0
Good professional courteous friendly,4,2024-12-06 08:11:49,0
They keep updating the app and auto update never works...,5,2024-12-06 08:08:46,0
"Extremely bloated app. Far too many updates. Unlike Lyft, still cannot send a text message to driver.",1,2024-12-06 07:55:40,0
"Drivers accepts the ride and cancel on their own. Often gets late for work.... Don't waste your time waiting for Uber. Better use Rapido. Yes, the price will be a little higher than Uber but still the drivers will arrive on time without canceling the ride. #UBER DO SOMETHING",1,2024-12-06 07:52:17,0
"Uber is great , convenient,and a life saver . I've been in a pinch a few times and Uber has my back , at this point I don't know what id do without it!!!!",5,2024-12-06 07:46:07,0
"Love this app, half the drivers speak little to no English, don't follow the gps and make wrong turns, the app says 5 minute pick-up for 30 bucks then gives you someone a half hour away, and if it's closer the driver will sit still for 10 minutes before canceling and you have to get a new driver anyways so wasted time",2,2024-12-06 07:36:51,0
Car and drivers must be cleaned,4,2024-12-06 07:29:35,0
"It was 1 of the best in the market in providing quality of service. Now, it has the worst service ever. You cannot find easily how to talk to customer care service, their mail support is not available now, their call support is also not available and in chat (if you find that option) they cannot help because of their updated Uber policies. All the best for the company & the users!",1,2024-12-06 07:20:25,1
I wish you got a ride immediately instead of having to wait 2 or 3 hours sometimes,3,2024-12-06 07:14:34,0
"PREDATORY. Used Uber, and they somehow made me sign up for One. No way to contact support if you are a rider or use another service. Perhaps they were hoping I wouldn't notice? Don't save your payment info on the app. Or better yet, don't use an app that is sneaky and predatory. The only way to contact customer service is through email. Edit: So they respond once, saying they canceled my membership. I had already canceled to get my card off the app . Charge back plus BBB and ftc complaint filed.",1,2024-12-06 06:51:38,86
Good service more than,5,2024-12-06 06:22:25,0
uber changed price from original 🤬,3,2024-12-06 06:11:06,0
not paying the driver fairly. I was charged way more than the driver received. I'd rather book through a local company than through Uber.,1,2024-12-06 05:56:37,0
Great ride Nice Driver,5,2024-12-06 05:47:18,0
Worst customer support Being worried about safety,1,2024-12-06 05:40:02,0
It is deeply insulting they don't have phone assistance and their support is so slow and makes it nearly impossible to work with an agent.,1,2024-12-06 05:08:27,1
Too expensive And bad drivers,1,2024-12-06 04:24:26,0
Terrible app without customer service,1,2024-12-06 04:17:40,0
Gee there seems to be a LOT of 'surge pricing' going on... Greedy scamming bastards,1,2024-12-06 04:13:04,0
"The Uber app is incredibly convenient and reliable! It’s easy to use, with a seamless interface that makes booking a ride quick and hassle-free. I love how I can track my driver in real-time and get an accurate ETA. The payment process is straightforward, and having fare estimates upfront is a huge plus. The drivers are generally professional and friendly, and the availability of different ride options is great for any budget or occasion. Uber has made getting around so much easier.",5,2024-12-06 03:33:35,132
Dec.4 booked a ride to celebration but drive did nit come in 2hrs waiting ..but they used my card for 28.74,1,2024-12-06 03:14:50,0
"Thanks Uber for the kindness of your service in lille France when we were left behind by our coach, On a way day for from Kent England. Xx my gratitude for the courtesy of your driver.",5,2024-12-06 03:00:45,0
Uber eats and Uber drivers are 👌🏽,5,2024-12-06 02:55:04,0
Everything was about timing,5,2024-12-06 02:53:07,0
I use it often. It's very useful.😊,5,2024-12-06 02:41:43,0
Always use uber for a fast reliable ride,5,2024-12-06 02:39:26,0
"Good trip with kelvin, so calm no disturbance",5,2024-12-06 02:38:33,0
"Excellent service, thanks",5,2024-12-06 02:27:26,0
"We had a great driver. Left my phone in his car, he delivered it to me.",5,2024-12-06 02:26:29,0
"I recommend anyone new trying to sign up, don't. The code I got is incorrect.",1,2024-12-06 02:03:26,0
"AVOID AT ALL COSTTheir driver passed me. Passed the person they were paid to pick up. I watched him drive by, no idea where he was going, but it clearly wasn't to me. I watched both the driver and his ""location"" on my Uber app, go past my pick up point. I immediately cancelled and used a different more reliable ride share. Uber charged me $5, for cancelling the trip that I clearly wasn't going to get. Look at their stock price value!! It's decreasing daily because this company is on its way out",1,2024-12-06 02:02:30,0
"VERY UNHAPPY Driving part prob works fine. It takes too long to set up. Then when I TRIED, NOT SUCCEEDED to delete my information it gave me the run-around and I CAN'T DELETE MY INFORMATION. I can delete the app but it still has my information.",2,2024-12-06 01:40:28,1
"The service seems fine, yet it freezes up to the point of absurdity halfway from point A to point B during a couple of trips.",3,2024-12-06 01:40:02,0
I see uber moto saver on other devices but not mine,1,2024-12-06 01:39:53,0
"First time in Poland, glad we had Uber.",5,2024-12-06 01:28:08,0
"I'm starting to get ****** off with their rating system. I go out of my way every time to be pleasant and respectful to their drivers not once have i had any issues and yet my score drops, I even tip when i can. Either Uber is doing it or their drivers are doing it for the fun of it eitherway I'm taking my money to another company where it'll be more appreciated.",1,2024-12-06 01:24:57,1
It's always provide nice experience,4,2024-12-06 01:20:15,0
My UBER's 1st Ride is a Good start!,5,2024-12-06 01:17:04,0
Enshittification at its finest.,1,2024-12-06 01:11:11,0
"It has been awesome, don't change your ways",5,2024-12-06 01:07:32,0
What a rubbish app....!!,1,2024-12-06 01:00:56,0
For the most part the drivers make you feel safe and are amicable.,4,2024-12-06 00:54:31,0
The best app ever I love it,5,2024-12-06 00:42:35,0
verry good app thanxuber,5,2024-12-06 00:13:31,0
"Worst payment experience on any app I have used so far. Still unable to add that UK train tickets purchased in-app to the Google Wallet directly. Also, with Uber eats and train / flight ticket options added, the app is too cluttered and confusing to use. Train tickets QR codes cannot be accessed from the Uber app either. (Have to use the PDF received via email only)",1,2024-12-06 00:05:11,22
"Professional, warming",5,2024-12-05 23:59:00,0
"Very good driver very professional, he had a very nice van. I would recommend him to anyone",5,2024-12-05 23:54:53,0
Best Uber among others 👍👍👍,5,2024-12-05 23:46:21,0
I just had such a wonderful driver. She made my day!!,5,2024-12-05 23:33:40,0
Auto driver's and taxi drivers ask extra money. If we are not accepting they tell us to cancel ride,1,2024-12-05 23:33:33,0
They have gotten worse will pay you $8.00 for a 45 minute ride,1,2024-12-05 23:19:14,0
I trust and prefer Uber for all my rides 🙌,5,2024-12-05 23:10:25,0
since I opt for uber one . drivers don't pick me up .food delivery is even worse .will have to stop subscription:(,2,2024-12-05 23:09:55,0
Good experience good service.,4,2024-12-05 23:08:23,0
"Please let me turn off auto translations in the messages, I don't need them, they're kind of annoying. Or at least, let me change the language within the apps. Also, let us report drivers who cancel trips because we're not paying with cash.",3,2024-12-05 22:52:38,0
Very best appp seriously loving theee app fare,5,2024-12-05 22:50:11,0
The Uber app is still not as user friendly as it should be after all these years. I often need to request a ride more than once before the app accepts my request,4,2024-12-05 22:46:22,0
Good and very smooth trip.,5,2024-12-05 22:44:49,0
Disgusting and pathetic app uber people are fraud and their drivers as well you guys don't even provide proper customer care number shame on uber. If this reaches you I need a call back urgently.,1,2024-12-05 22:42:43,0
Last driver I had made sure I was at the right hospital before he drove off because I had a broken leg so I tipped him 12 bucks.,5,2024-12-05 22:38:26,0
"Terrible service, I have Uber one and yet I can never find a taxi. They make you wait untill your eventually give up and buy priority even as an Uber member!",1,2024-12-05 22:34:43,0
Very smooth and affordable price.,5,2024-12-05 22:33:02,0
Very good I am very happy with my ride,5,2024-12-05 22:31:59,0
"Increase fare almost every time after ride, that's a deception",2,2024-12-05 22:16:55,0
"Safe , convenient and affordable 👌",5,2024-12-05 22:02:12,0
"In my town I wait for 10 min to connect to a driver, than another 3-5min for the driver to accept it and after this sometimes the driver cancels the ride after accepting it. They only have like 2-3 cars availeble at one time. Too small of a fleet in this area. Unusable. At this exact moment while i write this review i am on hold for 12min. No driver accepted my ride",1,2024-12-05 21:56:37,0
Very disappointed canceled a ride because was taking long to find a driver said I was not charged for it but still took the money off my card and put hold on it still has hold on it and made it where I couldn't request a ride cause money didn't go back on my card,1,2024-12-05 21:53:00,0
"This is not good at all, I talked for two minutes and tried a lot but still he did not come, my movie also came out and got missed",1,2024-12-05 21:49:09,0
Cheap relyable service👍,5,2024-12-05 21:48:54,0
Uber is good but There are some issues available when it's comes to riding with Uber. Sometimes it is very good and working very fine. but some times there are issues such like processes are not working properly and the options are bit unfair when selecting or changing things. If you like further discussion I am available. I have several suggestions as well to improve the Uber customer satisfaction. Thank you.,3,2024-12-05 21:44:37,0
"Excellent service, pick ups on time, vehicles spotlessly clean and drivers who are well spoken, well mannered and not over- bearing. Thankyou.",5,2024-12-05 21:43:38,0
"This Uber Rides App stinks & sucks! Why U may ask?? I used 2 C d price b4 I ride, I could determine how much 2 spend, so I could budget my money, since the update, now I can't! At least w/a restaurant U can still C d price tag 4 food! Another corrupt thing that Uber has done to both the Driver, & d rider! I'm tired of d bull-🤬! It's time some1 does something about this! It used to be a pleasure 2 ride Uber when it was affordable! It's no longer worth it! It's cheaper w/Lyft!🤔🙄🫣🤫",1,2024-12-05 21:42:46,0
Very easy to use fast response from drivers,4,2024-12-05 21:39:10,0
Awesome service all the time,5,2024-12-05 21:25:36,0
It's very good for everyone,4,2024-12-05 21:16:20,0
Awesome transportation company,5,2024-12-05 21:07:24,0
Too many unprofessional riders. Uber share should only be 1 rider but often having more than the allowed!,1,2024-12-05 21:04:32,0
Wonderfull app and trusted drivers and affordable fares,4,2024-12-05 21:00:59,0
Horrible had so many issues with drivers being rude and canceling rides especially when ordering a ride for my 79 yr old mother they jus left her there because she had a walker so ridiculous if u can bring people with walkers don't drive and don't be rude and cold about it,1,2024-12-05 20:56:01,0
Worst app ever wasting my time to find ride i will never use this app again,1,2024-12-05 20:45:37,0
Would not recommend using Uber As an update I gave to them a safety concern regarding one of their drivers and they just ignored me. So for that reason decided to no longer be a customer of Uber anymore.,1,2024-12-05 20:43:10,1
"Very poor, I had already paid to driver, still app is asking me pay again in app. Poor customer very difficult to even reacg and no resolution no response nothing.. Tried to connect on social media.. Same no response.. Malpractices.. To make me payment twice for same ride.",1,2024-12-05 20:41:57,0
"Horrible experience! Scamming money out of customers by showing high fare! Showed a difference of approx Rs.1000 when I booked the cab and when it cab dropped me off. Raised complaint, the difference was paid back to wallet! Why? To get scammed again and use my extra Rs.1000 on uber only? Getting a confirmed order of Rs.1000 again? Raised issue again, They said I will receive refund through payment link to redeem amount in 7 days, it's been 7 days, no amount refunded to my source account!",1,2024-12-05 20:40:35,1
Uber is very convenient,5,2024-12-05 20:39:58,0
Terrific driver! Great experience!,5,2024-12-05 20:36:41,0
Wrong location located on map,1,2024-12-05 20:31:35,0
Cannot cancel subscription for Uber One without contacting support after it was renewed? That's a joke. Should be illegal.,1,2024-12-05 20:16:54,0
This was my first ever ride. I waited only for 2 minutes. The driver's nature was friendly and cooperative. I enjoyed the ride.,5,2024-12-05 20:15:09,0
They're alright. They could work on their map system. They are pretty good at vetting drivers for the most part.,4,2024-12-05 20:11:03,0
Amaging experience and too lowest price in other platforms keeptop well done as a user Uber,5,2024-12-05 20:06:12,0
App is fine but drivers sucks always asking extra money💀🤡,1,2024-12-05 20:01:48,0
Uber is a scam I just tried to get an Uber three blocks which says 5 minutes in GPS but Uber is LYING!! saying it's 13 minutes I'm still trying to figure out how is that so,1,2024-12-05 19:59:49,0
"Worse app and service ever, deceiving",1,2024-12-05 19:59:03,0
prompt and courteous .,5,2024-12-05 19:57:52,0
"""I really like the Uber app. I've booked cabs many times and often found that the fare price increased significantly upon reaching the destination. However, whenever I complained about it, I got my money refunded immediately "".",5,2024-12-05 19:57:02,0
Better than other apps,4,2024-12-05 19:54:30,0
wery wery best service. ...👌👌👌👌,5,2024-12-05 19:43:06,0
It is very difficult to make contact regarding a driver or an issue. Can't you make this app easier to navigate with a subtitle or such so one can tap & it gives a direct area to write a problem to you instead of tapping on one area then open that area up and tap on another and so forth just to get to the help one needs. Please make your app senior friendly! I depend on you for rides. Thank you.,2,2024-12-05 19:37:18,171
"Need to improvement busy areas, Booking not confirmed if booking confirmed cab drivers asking more money. Otherwise all services is good in Uber.",4,2024-12-05 19:34:30,0
Only some driver getting more than 50 rs extra from received amount.,5,2024-12-05 19:15:28,0
"Good app but, hey, hire better software developers! It can't be possible an update every a couple of days. Plus, every time I update, it's using 85 Mb of data.",3,2024-12-05 19:12:04,0
£5.99 taken from my account finding it difficult to get a refund,1,2024-12-05 19:03:21,0
"Charging extra fees for nothing, cant order in time, expensive, not worth it",1,2024-12-05 18:49:37,0
Good service am really happy with ur rides 👍,5,2024-12-05 18:47:50,0
"Useful for travel, not great receiving notifications for uber eats at 5am.",2,2024-12-05 18:46:39,0
Pathetic app.. don't use digital payments in app,1,2024-12-05 18:43:47,0
The app is great and the cars are always sweet!,5,2024-12-05 18:33:37,0
"Shittest app available. They connect me with drivers miles from me and they dont even actually arrive but they cancel after making me wait 20 minutes. All the vehicles are uncomfortable. None of the drivers drive well. If i instruct them to go this way, they go that way miles off where i need to be. And guess what? Driving further away just causes the bill to increase. Every single time it's more when paying than when it shows at the beginning. And the app is extremely laggy",1,2024-12-05 18:26:08,66
Good experience with uber driver,5,2024-12-05 18:25:25,0
"My driver picked me up, and dropped me at less than 1 km saying he won't accept online payment to Uber Uber, he himself toldme he didn't want online payment as hos uber account was jn negative. I pay all my rides online, for such a driver ubercharged me Rs 60. What for? Dont you check where he droped me? Dont you check who cancelled? Why should i pay for no mistake of mine There's no way one can contact customer care. Theres no way one can raise a complaint",1,2024-12-05 18:21:50,0
I took my ride for rs 105 but driver took 165 rs for it and I complaint about this thing but no one is responding to my concern I want my money back that was worst experience,1,2024-12-05 18:15:32,0
You pay for priority and it still takes a long time. The markup on food is ridiculous. Do your best to pickup instead of using Uber.,1,2024-12-05 18:12:11,0
"I appreciate the timeliness of the drivers, the fact that 98% are clean, newer cars with courteous drivers. Most are aware of their surroundings and willing to chitchat if they are engaged in a conversation. 98% of Uber drivers will follow your directions or suggestions of how to reach your destination. Overall I'm very pleased & satisfied with Uber service.",5,2024-12-05 17:57:04,1
They always charging my account twice. It's annoying,4,2024-12-05 17:50:58,0
Exceptionally good 👍👍👍👍👍,5,2024-12-05 17:37:52,0
Waste app it is showing long route even for short distance also and price is becoming high because of that. It should have option to select route so that price become dynamic based on distance. Literally pissed off,1,2024-12-05 17:35:29,0
"Uber is great. Almost the same as when I drove pirate taxi from SFO and San Francisco and was nearly arrested. Yeah, Uber is great. I could go for some Pad Thai right now.",5,2024-12-05 17:33:50,0
Worst app. Wouldnt give one star never books anytime irrelevant of traffic useless app,1,2024-12-05 17:33:19,0
I can't give u staring because last ride your driver drunk and abuse language with my family He take charges more otherwise can't stop car Your drivers so bad so poor and cheap family I can't use your this App and suggest my all friends and family This app and drivers are so cheap. This staring use only for post otherwise I can't use Star they are my black day,1,2024-12-05 17:24:31,0
Awesome experience till now looking forward also the same ...,5,2024-12-05 17:23:16,0
"Longtime uber user and I've usually had no problems, but a recent ride I had soured my mood towards uber. I booked a ride a day in advance and the price was $21, but I ended up being charged $36 after the ride the next day. Straight up robbed $15 with no refund. Also had an issue where I booked a ride and had 3 drivers cancel on me and had to place a ride AGAIN at a higher price. Makes me reconsider not wanting to use uber if this happens again.",1,2024-12-05 17:21:46,1
"Gets the job done, but some drivers take your trip to then cancel it with a weak excuse after a while and waste your time. Worst part is that you can't even report that behavior.",3,2024-12-05 17:03:07,0
"Uber is best app for traveling abroad. No matter you got local currency or not, you can have taxi service.",5,2024-12-05 16:56:11,0
Effiecient customer Readiness,5,2024-12-05 16:54:01,0
Very good price friendly driver.,5,2024-12-05 16:52:01,0
Worst app. showing different amount to passenger and driver Drivers are canceling the ride due to this and we have to pay the cancelation fee if we don't tell them the price initially they argue at the end of ride and demand extra money. don't use this app ever..,1,2024-12-05 16:42:27,1
Doesn't allow you to delete my account. Gives bad request errors.,1,2024-12-05 16:41:52,1
It's nice I love the way they behave,4,2024-12-05 16:37:53,0
"I'll never use Uber again I've been ripped off three times now because of technical issues and there's no support number for riders, only drivers. They charge me 45$ for a 15 minute ride and when they get the drop off address wrong, I can't change the destination I have to cancel and reserve a new ride, just to get charged 25 bucks because it was 55 minutes until pick up. This app is a major rip off and there's no customer support whatsoever. They're only worried about making their billions. 😡",1,2024-12-05 16:28:01,66
Bad payment charger costly h,1,2024-12-05 16:21:20,1
"I am regularly using this app since many years. Very prompt, no hidden charges, good drivers and better Service proding app. Would advise all to use it.",5,2024-12-05 16:09:07,0
Really frustrating now as it takes ages for confirming a ride. And once confirmed it gets canceled.,1,2024-12-05 16:05:25,2
Driver denies for pick and drop option. And cancel the bookings it always affects on passengers.,3,2024-12-05 16:03:45,0
Horrible experience. Got stranded. I kept getting driver info (we got it about 7-8 times and we tried on 3 different devices with the same results) and then trip got cancelled each time. No reason given. We wasted almost an hour as we kept struggling to book a trip. This app used to be really good. It has become absolutely unreliable now. There is no mechanism where we can give feedback about this trip as it shows as cancelled. Please work on improving it asap!!,1,2024-12-05 15:45:29,125
"fast, reliable and comfortable",2,2024-12-05 15:44:26,0
"Generally Uber is pretty good but they have bailed on me on ""Scheduled"" trips so I won't use that feature anymore",3,2024-12-05 15:36:02,1
Low price and good service,5,2024-12-05 15:34:17,0
So far so good No bad experience with drivers So far but let's see how far,3,2024-12-05 15:16:52,0
Why the F are you forcing customer to pay using their card. Why can't they pay cash if they want to? Why do you take people's IDs and card information and then not allow them to pay cash. Why verify them if in the end you will say they can't pay cash.,1,2024-12-05 15:12:33,0
"Uber drivers in Kenya have started asking for more payment than what the App charges, and this is after arrival. Disappointed!",1,2024-12-05 15:10:41,0
Nice experience with uber,5,2024-12-05 14:54:50,0
Best service at reasonable rate.,5,2024-12-05 14:50:28,0
Worst ride booking app ever. It's better to book from apps like Rapido or Ola than here. I have already lost more than Rs.100 here due to the indifferent attitude by Uber support team.,1,2024-12-05 14:37:45,0
"I have been using Uber for nearly one and a half year , today is the worst trip I have ever had, the driver is too rude, please verify the driver backgrounds and also please improve your payment methods it would be helpful for both the drivers and the passengers",1,2024-12-05 14:35:57,0
I am using this as a platform to provide feedback to uber. I booked a premium cab but instead was sent an uber go. I was charged the amount that was shown for premium in the beginning. It is even more pathetic that they don't even have an option for raising this issue in their menu options.,1,2024-12-05 14:30:01,11
"Great driver explaining the routine that is best, help with luggage, and kind.",1,2024-12-05 14:16:15,0
"The Driver is very professional, friendly and knows best route to take at all time",5,2024-12-05 14:14:53,0
Wrost app after cancelling ride still confirm these rides,1,2024-12-05 14:14:20,0
First ride is very sucessful driver was cooperative,5,2024-12-05 14:12:00,0
"Useless app and no cust care contact to resolve issues. I have opened ticket since long for trip not ended but NO ACTION, SUCH A POOR UBER",1,2024-12-05 14:11:53,0
It says no extra charge but all the drivers are asking for extra amount! on cancelling them from our end we are charged a fine! this is how uber is making that extra money!,1,2024-12-05 14:01:49,0
Best experience my life in uber,5,2024-12-05 13:32:57,0
I dnt have any sources to contact uber customer care number I paid extra to driver I have no number from the not even reached to uber customer care number I need my money back.....,1,2024-12-05 13:28:50,0
"Drivers ask for extra besides actual fare, dont cancel the ride from their side, and after 3 to 4 such cancellations, the app doesnt allow us to get rides",3,2024-12-05 13:10:35,0
Good service in cheaper rates as compared to other services provider,5,2024-12-05 13:06:33,0
Love uber service and fare,5,2024-12-05 13:04:09,0
Such a slow and sluggish app,1,2024-12-05 12:58:39,0
Worst experience almost 3 to 4 cab drivers cancelled the can again and again not going to use this aap again location fetching is also not acurate and fast,1,2024-12-05 12:58:23,0
It was my first experience and it's amazing. I felt safety with my child while traveling.,5,2024-12-05 12:51:38,0
"Nice service, and the drive make me happy...",5,2024-12-05 12:46:51,0
The app gets better each time I use it!,4,2024-12-05 12:45:20,0
4919 pin today moring 69 fare I paid 200 insted of returning 130 he asked 30 R change Actually he must return 150 230 - 70=130 he paid only 50 R He went,2,2024-12-05 12:37:38,0
"No problem with the driver. Not happy the promo code not accepted as first time user, costing me £5 (45% extra charge). Going to uninstall and use BOLT instead in future",3,2024-12-05 12:10:58,0
An excellent app with great drivers! I always have a discount. I've even stopped using my other e-hail apps😂🎊🎊🎊,5,2024-12-05 12:04:40,0
4 stars cuz i waited too much until the driver accepted,4,2024-12-05 12:03:52,0
My experience is great. Always have a clean car and pleasant and polite driver to take me to work in the morning.👍,5,2024-12-05 11:57:30,0
Very disappointed with uber nowadays drivers keep cancelling n i dotm even get uber most of the times I have to use other apps,1,2024-12-05 11:52:35,0
"Helpful, polite and very clean car",5,2024-12-05 11:48:40,0
"Uber became money maker, if driver is not ready to drop location asked me to cancel ,, it's driver fault , and uber asking me to pay the cancellation charges ...this how they making fool us...",1,2024-12-05 11:48:15,0
333ww33.8 every every day 2.1Human 2²²3³and ³³4.3000 5th 3.8 is a cornerstone of democracy in South 3.8,2,2024-12-05 11:32:44,0
Mr John was very pleasant to ride with.,5,2024-12-05 11:26:46,0
"Customer service is horrible, app is bloated",1,2024-12-05 11:26:19,0
"SEVERAL TIMES TODAY I'VE TRIED TO ORDER AN UBER TAXI AND HIT KEEP GETTING ERRORS ON BOTH THE APP & DESKTOP VERSION. I'M SUPPOSED TO BE TAKING MY 94YR OLD DAD OUT FOR A FAMILY MEAL AND I DON'T KNOW IF ITS, NOT BOOKED AS HAVEN'T HAD A CONFIRMATION TEXT. SUPPOSED TO BE A FAST SERVICE AND CHEAPER THAN REGULAR TAXI''S? QUOTED £170 ONE WAY BETWEEN HULL-MANCHESTER AIRPORT T2! MY LOCAL TAXI COMPANY ONLY QUOTED ME £140 ONE WAY. BUT IF I GO ON A 4MIN TRIP, UBER ARE £1.80 CHEAPER.",1,2024-12-05 11:19:26,0
it is good experience with uber.,5,2024-12-05 11:18:09,0
Always nice drivers !!!,5,2024-12-05 11:17:40,0
I tried to book an Uber to go to the hospital urgently but looking at the app has been of no use other than wasting time,1,2024-12-05 11:17:09,0
no refund on a order I placed within minutes,1,2024-12-05 11:08:15,0
Fully satisfied with Ride. full satisfaction,5,2024-12-05 11:04:08,0
Thanks for the shuttle,5,2024-12-05 11:01:32,0
I like uber because of quick service and easy to book,5,2024-12-05 10:58:06,0
okay I thought for starters Uber has waiting time costs so why the anymosity by drivers when they have to wait a minute or two. secondly some locations are not picked up by the app and then when you tell the driver you picked the closest to you it becomes an issue.,2,2024-12-05 10:46:33,0
Worst management ever show less price while booking but then driver shows extra payment also then the price in the app also changes according to driver. Rapido charges more fare but no problem like these happens there.,1,2024-12-05 10:36:25,1
App constantly gives me drivers that are further away has another job and is often slower than public transportation completely unacceptable,2,2024-12-05 10:36:21,0
"Please get hold of drivers ... Unprofessional behaviour, rude tone,extra payment and unnecessary calling and on top of that wrong vehicle number..it can't get worst than this I suppose!",1,2024-12-05 10:32:05,0
Love whoever invented Uber and Uber eats very convenient,5,2024-12-05 10:29:48,0
The latest update of one pass is more troubling than helpfull. They only book top rated drivers under it and it's taking minimum 15 min to get any ride confirmed. Plus the drivers are usually more than 8min away. This was supposed to be helpful. Please don't buy Uber one pass.,1,2024-12-05 10:29:40,2
Not having your own transportation makes it hard to get anywhere so thanks for Uber to be there for us awesome 👍,4,2024-12-05 10:25:24,0
It used to be my go to app but now it is near to useless because no one accepts the request.,1,2024-12-05 10:20:24,0
car was super. Driver also proper and well behaved. clean and well maintained vehicle. enjoyed.,5,2024-12-05 10:19:47,0
"Depending on the network connectivity and coverage, it might or might not work! Can be unreliable during any circumstance. Caveat Emptor! Update 18-apr-24: The dynamic pricing is pathetically skewed so no drivers want to accept low fare rides for a 30 km distance in the Navi Mumbai area, the app support function is HORRIBLE!!!Update05-DEC-24: Finding an uber is the worst experience now for us, with drivers either cancelling or asking if we can pay them in cash.",1,2024-12-05 10:15:09,3
Best app but The amount changes when you book a ride,5,2024-12-05 10:13:48,0
"Uber standards for drivers has dropped significantly over the years. I have gotten some very terrible drivers recently. They also keep jacking up the prices seemingly at random. There are four Uber drivers in my immediate area (more than normal) and what is normally a $12 ride got jacked up to $30 out of nowhere. Lyft was 11$ at the same time, so I will be switching, as I use this to commute to work and can't afford the cost of Uber anymore.",1,2024-12-05 10:03:19,2
Please start uber bike badlapur to thane location.,5,2024-12-05 10:03:18,0
"Third class , rude driver today by the name Mulue. My wife and 4 yo son was scared. I wish I was there to have a conversation with him. Reported him on the Uber as well.",1,2024-12-05 10:00:38,0
"When you schedule a ride in advance, they charge you, then cancel the ride and then charge your a se time for a higher price. Do not trust scheduling in advance. First time trying Uber. After this experience, I recommend going with other ride shares.",1,2024-12-05 09:58:37,0
"Uber is completely unprofessional, i had booked and cab and driver cancelled saying he need cash and uber charged me 137rs for the same. After multiple followup they are not updating anything. They don't want to retain there coustomer who have corporate account as well. Completely dump company",1,2024-12-05 09:42:20,0
"Damn shame they drove all of the reliable taxi services out of business. Now if there's inclimate weather you're screwed because the drivers drive when they want and take the rides they want, instead of the structured schedule of a local business.",2,2024-12-05 09:30:30,90
Dont use this app y because mere saath bohot bada dhoka hua aur froud hua kyu k book karte samaye mujhe 149 dikhaya aur drop k time pe 250 pucha drivar aur hum ladies ko bohot battamizi se pesh aya aur ye app se mujhe security bhi nahi thi ki mai customer care ko callkarne k liye so mujhe bohot problem hui aur wo mujhe bohot battamizi kara ye ek security pr nahi hai uber so b carefully gys.,1,2024-12-05 09:21:19,0
Too much pricy for shuttle,1,2024-12-05 09:18:44,0
Nice driver and Wajib paisa,5,2024-12-05 09:17:51,0
Don't increase the price everytime after the ride,2,2024-12-05 09:15:43,0
Very nice application,4,2024-12-05 08:58:24,0
It is such useless app they always show long route and their driver also are very intelligent they cannot follow even map on their screen,1,2024-12-05 08:58:13,0
Too much traffic but ride was comfortable,5,2024-12-05 08:47:23,0
"The worst cab app , i booked bike and he took 15 min and the called me and said that my bike is broked , so please cancel. Then i booked an other ride he stood at same location for 10 min and didn't even picked my call up . I missed my very important meeting. I am not happy and i will never install thes app ever again. The worst cab app , i booked bike and he took 15 min and the called me and said that my bike is broked , so please cancel. Then i booked an other ride he stood at same location",1,2024-12-05 08:46:23,0
"Very bad type of driver they have,my training gone Miss for his mistake... Very very bad.",1,2024-12-05 08:42:33,0
"We were waiting by the KZ7 opposite the bar Rosie's, with our elderly mother, to have been asked to walk 140 to 150 meters, to meet up with Uber drivers!!! I am paying to be picked up, NOT TO BE ORDERED TO WALK, so two Indian Uber drivers cancelled 2 times before a ( none indian) gentlemen picked us up where we were waiting ( I had ordered a comfort Uber). Disgusting behaviour, this is not a good way to make a name for your selfs.",1,2024-12-05 08:39:26,0
Every time is good for passenger,4,2024-12-05 08:32:23,0
"On ""plan your ride"" screen the scroll doesn't works to use ""the pin"" to select a place on the map, only a fix number of travel history is shown. Neither can delete travel history to ""the pin"" appear on screen has last option. - Samsung Galaxy S10 lite, android 13, one ui 5.1 JC. Fix the scroll, thanks!!",5,2024-12-05 08:25:40,2
So bakvas service all Time no one response quickly,1,2024-12-05 08:18:51,0
Very friendly service thankyou,5,2024-12-05 08:18:29,0
Quick and easy to use.,5,2024-12-05 08:09:31,0
"First 4 cars offered unable to book, only when taking the "" luxury option "" at extra cost did booking go through. Bad practice and customer service",2,2024-12-05 08:09:09,0
"They are saying that service is super fast and you will get your ride within 10 minute but I waited about 40 minutes again and again for ride, but each time after completing the scanning process , it's show that no is available right now at morning time in between 5:00 am to 6:00 am. Wrost app ever I've used.",1,2024-12-05 08:05:21,0
"absolute trash,very long waiting time if I had the option to give zero stars I would.",1,2024-12-05 08:02:13,1
This app is not good waitting too much time,1,2024-12-05 08:01:09,0
"Easy to use, very helpful",5,2024-12-05 07:57:51,0
I really like Uber they go out of there way to get a ride I have no complaints I intend to keep them for my rides.thanks uber.,5,2024-12-05 07:54:41,0
Expectations were met,5,2024-12-05 07:49:49,0
Really easy and safe to travel around the world.,5,2024-12-05 07:25:04,0
Brilliant service So helpful and reliable I'm very happy with Uber,5,2024-12-05 07:16:40,0
Terrible customer service. They charge when the restaurant doesn't have your items. Uninstall and use doordash,1,2024-12-05 07:15:59,0
Uber works for me when I need it. Overall I feel safe with Uber drivers. Worth the $$,5,2024-12-05 07:09:50,0
Charged me twice for two trips. And bot were done on next morning. And after contacted help they tell that they only charged once but they charged 348 first then again 260 for return ride. Then again 348 and again 260. So i recieve for emails and the same amount deducted from my accout twice. Still they say they only charged once. And this happend to me two days in a row. I only add ascreen shot of a one day incident emails.,1,2024-12-05 07:07:59,2
They take more money than they should,1,2024-12-05 07:07:00,0
"The customer service for billing on business trips is AWFUL. They applied a credit that I had, even though I had unchecked it for use, and ended up causing a major issue with billing on my expense report that resulted in a huge issue with my expense report and the accounting department where I work. I have asked for resolution over, and over, and over again, and they are ignoring me. I don't trust Uber at all!!!",1,2024-12-05 06:59:17,87
Great and Better than Ola always,5,2024-12-05 06:58:22,0
Awkward & extremely regimented. Choices incomplete and don't indicate problem.,2,2024-12-05 06:55:41,0
"What is the point of paying for uber comfort if the drivers are not going to respect the preferences of the user? And when asking to, they just answer, "" I can end the drive if you dont like it"".",1,2024-12-05 06:50:55,0
Hard time processing my credit card!,3,2024-12-05 06:42:08,0
"Arranging the ride was super easy, and the driver arrived right on time. The car was clean, the driver professional and courteous, and the trip was absolutely effortless. This was my first time using Uber, and had an excellent experience!",5,2024-12-05 06:30:08,2
The driver came fast to pick me up.,5,2024-12-05 06:19:32,0
Uber is very convenient and affordable.,5,2024-12-05 06:11:55,0
Driver I had was friendly funny n.very helpful carried my heavy bag to door n I'd left fone in his car which I was unaware off so he came out and gave to me anyone who has this driver be lucky as he's lovely and treats you with respect x😊,5,2024-12-05 06:07:26,0
Help - navigation sucks and doesn't yield results. You should provide better customer support mechanism,1,2024-12-05 06:06:49,0
Surge pricing should be illegal. I am not paying quadruple what my ride is worth.,1,2024-12-05 06:05:12,1
Dec2024 1. Get rid of the ads while I am enroute. 2. Improve the driver location accuracy. Terrible everyday this week. Late 2022 post govt lockdowns and lawless restrictions: the app and service is good. Early 2022 Last time I tried Uber a mask was required and some ridiculous msg was the first thing displayed when opening the app. Dropped rating due to their nonsense.,3,2024-12-05 05:40:39,75
"No customer support at all! beware of their UberOne (subscription), unsubscribe button is well-hidden in the app!",1,2024-12-05 05:40:12,0
Nothing to complain about,5,2024-12-05 05:27:03,0
"Worst experience, first of all the driver came 15 mins late and then we came to know the other cab came to take and then got scammed by them.",1,2024-12-05 05:19:26,0
quick booking and easy access,5,2024-12-05 05:12:41,0
"Drivers are horrible, they coordinate locally to inflate the prices of rides, up to 30 dollars for a short ride even in cheaper areas. Absolutely stay away from this app, their support is also bad. Canceling my membership asap",1,2024-12-05 04:24:44,1
A very good service and safe travelling from Mhlolo Frenklin,5,2024-12-05 04:19:49,0
The drivers keep changing even though the original price ($13.45 or something) and the time (15) were fine. STOP CHANGING THE DRIVER WHEN THE PRICE AND TIME ARE FINE. Stop changing the drivers all the time.,1,2024-12-05 04:18:20,0
"Hiked Fees for rides when stranded or the ttc isn't working are criminal. $169 to get from bloor and yonge to finch and Don mills is insanity. The delivery guys often can't find locations, and so many uber drivers cancel their rides last minute for bigger fairs after you've been waiting 10 minutes. Go back to the days when the consumer was the priority not strictly the profit.",1,2024-12-05 04:12:33,0
So far my experience with Uber has been awesome,5,2024-12-05 04:05:33,0
I didn't know that Uber is safest transport anytime..... Well done keep it up . End even they're cars are clean ..... Thank you,5,2024-12-05 04:05:04,0
It's fast and reliable,5,2024-12-05 03:57:41,0
One Jeremiah Enu was supposed to deliver an order to a someone I ordered the ride but he never delivered and he didn't call I called him when the person didn't get the item he told me he left and he doesn't know when he would return the item this is a very bad experience like I don't understand it been more than an hour his plate number is FST569QP a motor bike how could he take it to lekki from Victoria Island and he never even called pls I need help urgently,1,2024-12-05 03:48:49,0
Meet the coolest people cab drivers suck Uber drivers are awesome,5,2024-12-05 03:47:25,0
"Safety rules are going downhill. Drivers are constantly on their phones during rides. Non-stop chatting. It is distracting, risky, and extremely annoying to the person who has paid for a car service. Even taxi drivers are courteous enough not to do that. The app offers no good way to handle such complaints discreetly.",3,2024-12-05 03:36:02,4
Keep it up uber good service,5,2024-12-05 03:15:35,0
Trying to find the pick up area was terrible. Once found it the experience was excellent as was the driver,5,2024-12-05 02:58:20,0
Great guy great service,5,2024-12-05 02:56:40,0
Very easy and time consuming,5,2024-12-05 02:54:20,0
"Absolute scam of an app, they abuse the ""fares are slightly (or greatly) increased due to high demand"" even though there is 0 demand, intentionally raising the prices to 5x the normal price mean while they give their drivers NOTHING in comparison to the $50 charge for a 10 minute ride which normal is about $15 MAX. Fed up with this cash grab bs.",1,2024-12-05 02:30:01,0
I forgot my phone in the car,5,2024-12-05 02:27:53,0
They charged me double the price for a ride without me accepting any extra fee and they didn't even have an agent for support. All I could do was look at the frequently asked questions. Double the price of an already expensive ride is not a joke.,1,2024-12-05 02:05:49,0
Gregory was really personable. His car was very clean and smelled incredible 😊,5,2024-12-05 02:01:46,0
Jason was great. Even had a step up stool for my 80+yo mother,5,2024-12-05 01:57:19,0
takes too long to confirm driver plus always wanting soo many things....like I mean cant it be quicker nje,1,2024-12-05 01:50:36,0
"Service is good..but nowadays drivers are doing too much wrong. If u will book a ride & fixed your payment drivers will change their route, they will take unnecessary long route for your destination and will charge high. In that case u have to pay unnecessary extra money .Higher authority please look after this matter. Just for this dishonest reason I have left Ola service.",2,2024-12-05 01:39:00,1
Absolutely wonderful & safe.,5,2024-12-05 01:35:17,0
"Someone jumped in into the Uber I ordered and started riding. I cancelled since I wasn't in the car and got another Uber PICKED UP FROM THE EXACT SAME LOCATION. Uber charged me for both ""rides"" even though the other car still had the passenger. Apparently I can be in two cars at once according to Uber. Support was useless. Now I'm going to have to charge back BOTH rides so we're even.",1,2024-12-05 01:30:36,2
"It's becoming the worst app ever. While booking I got less amount with 50% valid coupon. But once after the ride is getting completed, the amount is getting changed in driver's app as thrice the amount before booking and they are demanding for more amount. Had really the worst experience in this App.",1,2024-12-05 01:29:54,7
"Horrible customer support. They charge you for a service they fail to deliver, they refuse to refund you and they just repeat the same things unable to give a valid explanation.",1,2024-12-05 01:21:51,0
I used the app when on vacation. I met every single driver at the designated spot at the designated time. I tipped every single driver. Some toxic driver gave me a bad rating for the sole purpose of being toxic and having nothing to do with my conduct. If the system is based on dishonesty and a lack of transparency then the system means nothing.,1,2024-12-05 01:21:24,0
Cannot Update The payment method to UPI!! Unable to update the payment method at all except for cash! No resolution provided nor any way to contact the support team,2,2024-12-05 01:14:57,1
The one main complaint I have with this app is the GPS is off not by a lot but the driver is one side of the street and I'm on the other. It's not always but sometimes. The GPS gives the driver weird direction. Like I thought we would be going this way but goes the other way. Like turning up the street but go back to the same street we left? I give it four stars. But overall the app is good.,4,2024-12-05 01:14:29,39
I've had great service and on time ❤️,5,2024-12-05 01:14:07,0
Good timing good behavior,5,2024-12-05 01:13:14,0
"I had a great driver Miss Patrice was nice patient, & conversed with me the whole ride I greatly appreciate her that is what great customer service is all about😁🫶🏿",5,2024-12-05 01:11:45,0
"Uber was great, now it's almost impossible to find a ride. You have to wait for like 10 minutes just for the driver cancel your ride and you start all over again. I didn't find a way to tell Uber about this issue, there is no place in the app that we can communicate this frustrating experience. I'm searching for other apps to see if they are better. At least let's us give the driver 1 star for cancelling the ride 500 meters away.",2,2024-12-05 01:04:25,22
Easy and convenient to use.,5,2024-12-05 00:47:11,0
"Wow, I hadn't used Uber app for weeks and in the meantime I had bought a new phone and didn't have the app on yet on the new phone. Just now, went to add the app to new phone and it updated and the app took everything from the old phone onto the new phone and quick quick I booked my Uber ride just like that. Great system",5,2024-12-05 00:41:01,0
There's now full screen ads instead of showing information about the trip. Spam notifications,1,2024-12-05 00:32:17,0
Safe and fast journey,5,2024-12-05 00:26:46,0
"Uber is the best. Your drivers are so nice. Your cars so clean and smell very fresh. The rides are very good,no speeding and very careful drivers. I couldn't ask for a better service Top notch!! Keep up the good work.!!",5,2024-12-05 00:26:08,0
"First of all the driver cancelled the ride and waiting period for another to accept. And before booking the ride the price is low but after reaching the destination the final amount is too high without any long traffic or changing the route.Uber has became useless to use, deleting the app and another new users don't use this app. Uber rides are scam",1,2024-12-05 00:08:58,3
Great ride and great driver,5,2024-12-04 23:57:49,0
We are enjoying 😁 I am impressed thanks for Uber ❤️💕,5,2024-12-04 23:55:32,0
Uber has disappointing customer service!!,1,2024-12-04 23:55:28,0
Easy app to navigate. Good updates received.,5,2024-12-04 23:49:33,0
"Driver is friendly, come on time, car is clean",5,2024-12-04 23:46:25,0
Got me from point A to B,5,2024-12-04 23:36:22,0
Good reason price for rides,5,2024-12-04 23:35:29,0
"I got off my plane, and my Uber was there in three minutes. Love it!",5,2024-12-04 23:26:03,0
Very nice drive and kind captain,5,2024-12-04 23:25:05,0
"Efficient, driver is professional, cost is reasonable",5,2024-12-04 23:17:27,0
Long since established as THE taxi company of the world!,5,2024-12-04 23:10:16,0
Always a joy to ride Uber,5,2024-12-04 23:06:03,0
Good driver very cautious car was very clean also,5,2024-12-04 23:02:18,0
Very professional 👏 👌,5,2024-12-04 23:01:02,0
nice e hailing in town,5,2024-12-04 23:00:48,0
Very nice and smooth talking,5,2024-12-04 22:56:15,0
Maximum driver deny to ride it's a mejar Ishu pls Uber sholw your problem I have to ride cansal driver deny to ride and ask to cansal Then after use rapido 10.50.mint knight.04/12/2024 pls update your service Today agen write to uber reting I AM NOT HAPPY TO UBER 😭😔,1,2024-12-04 22:54:11,0
friendly and attention to traffic,5,2024-12-04 22:52:27,0
Good service n Economical,4,2024-12-04 22:46:18,0
Uber not taking any actions on unsafe/dangerous delivery drivers even after raising multiple tickets,1,2024-12-04 22:46:04,0
doesn't give option to cancel the ride. it keeps serching for cab for more then 30 min .,3,2024-12-04 22:45:06,0
First time using and was great!,5,2024-12-04 22:41:37,0
Very good. Very fast.,5,2024-12-04 22:40:40,0
"Excellent right, Very appropriate driver focus",5,2024-12-04 22:39:41,0
Greate ride and clean cars,5,2024-12-04 22:39:39,0
"Uber driver takes longer routes than on GPS. Difficult to submit a complaint and when responded to, the message stated that the amount was correctly charged for the amount of time and distance. This is however irrelevant as the problem is that there is a charge for time due to the Uber taking longer routes. Really disappointed in the user experience.",1,2024-12-04 22:31:38,22
Timely Service delivery.,5,2024-12-04 22:26:55,0
The best efficient patient and very cordial.,5,2024-12-04 22:22:59,0
"The reserve option is not working , on making reservation the app stops responding.",4,2024-12-04 22:17:21,0
Good experience with Uber,5,2024-12-04 22:10:22,0
The driver was friendly,5,2024-12-04 22:05:40,0
Very supportive driver,5,2024-12-04 22:03:23,0
Some ofUber drivers are non cooperative to come certain places at Airport. No controler from Uber side to control drivers. This is embarassing for customer and it should be controlled.,2,2024-12-04 22:02:19,0
"Absolutely the best very helpful, drivers very well mannered, prefer it more than the other apps",5,2024-12-04 22:01:16,0
App showed 38INR initially but updated it to 61 after arival at destination. Edit:- Their Customer Support system is impressive.,5,2024-12-04 21:59:43,0
Hello when accept job the drop off detail scan be seen after accepting job.,2,2024-12-04 21:59:33,0
Getting better Customers happy when drivers help unload car. It's worth A better tip and that's what they'll get!!!,5,2024-12-04 21:55:56,0
Uber charged extra Rs. 21 for no fault of mine. We waited for the Uber for 5 minutes could not see any Uber taxi we had no option but move from that point and you have charged me Rs 21 instead of questioning the driver.,4,2024-12-04 21:35:08,0
"Please take a screenshot of the final amount that is displayed whenever you schedule an order. Uber will often remove any promotions applied, and the Help will ask you for a screenshot to make the adjustment. The app is designed in a way that there is no way to get that screenshot when an order is delivered.",1,2024-12-04 21:28:54,1
Uber is now like a scam I request a ride with a certain amount then when I reach my destination the price suddenly goes up bad app,1,2024-12-04 21:22:41,0
"Do not use Uber on a daily basis. Uber and it's driver are inconsistent. You can't even provide feedback if a driver cancels you when you've been waiting for 30 minutes. Most, if not all, promotions are lying to you. Especially the Klarna 50% off when it isn't even 50%. And payments go thru pending when you ask for a ride, not when you receive one. So if Uber cancels your 20$ rides 5 times, guess you dont have 100$ until it falls back into your account at some point. Terrible experience overall",2,2024-12-04 21:22:32,3
Safe driving and time saving,5,2024-12-04 21:11:58,0
In this app caption don't pick up me and automatically he went to the destination how can he stared ride with out the passenger and not cancelled ride on any request so iam deleting this app😾,1,2024-12-04 21:08:34,0
Very good series and seving ap,5,2024-12-04 21:07:12,0
"Bloody money making machine without any regards for passengers - rides are cancelled, not accepted, even accepted rides are cancelled. Drivers call, ask the destination, then cancel the ride which was accepted after 15 min. Also, never be dependant on Uber intercity, especially for urgent travel. There is no customer support or contact center for grievance redressal (and Uber knows the service is pathetic). Edit 4: Permanently deleted Uber app. It is the worst thing ever for cabs in Noida/NCR",1,2024-12-04 20:59:32,1
All uber auto drivers are interested in long route ride they keep cancelling the vehicles...wait time is always long. Poor services by uber ..,1,2024-12-04 20:58:21,0
Good service and comes very fast,4,2024-12-04 20:56:30,0
When every other company denied for the location Uber help me for the ride kudos,5,2024-12-04 20:52:03,0
Best for travelling in a city,5,2024-12-04 20:51:19,0
It's was a great ride,5,2024-12-04 20:46:16,0
Great driver thank you,5,2024-12-04 20:21:40,0
Sure ride and quality pick ups,4,2024-12-04 20:21:36,0
All was good before I tried to purchase a ride for other person. They didn't give me any notice that I already ordered smth and I've got 3!!!! identical rides without opportunity to cancel any or to answer to the poor drivers who were looking for me there. And I don't have any opportunity to complain on bad service on their website because they don't have normal customer service!!,1,2024-12-04 20:10:59,2
"Quick pickup, within 5 min. Friendly driver, clean car.",5,2024-12-04 20:03:45,0
"Cab drivers ask for drop point then smartly cancelled the request, overall it's a miss management",1,2024-12-04 19:59:36,0
Stop phishing for rides or ill turn off my notifications for Uber,1,2024-12-04 19:56:39,0
It's was amazing we got here quick,5,2024-12-04 19:54:42,0
Was first class a driver was awesome,5,2024-12-04 19:49:20,0
"Horrible , can't get through",1,2024-12-04 19:46:21,0
Always professional and on time !,5,2024-12-04 19:46:09,0
"Always a wonderful experience. Drivers are always polite, prompt, and professional",5,2024-12-04 19:40:35,0
They are double charging me I Usually Pay between 15 and $18 from home to work now they wanna charge $39-$40 out of nowhere. I don’t like that and how is uber rating 4.5 when every reviewer is less than 2 stars?,1,2024-12-04 19:27:52,0
They keep removing the option to request a new driver from rides and they've replaced their help with a completely useless chatbot that can't help with anything,1,2024-12-04 19:21:21,1
"Uber allow their drivers to charge customers to use the 407 without their prior consent. When trying to contact customer service or any form of help, it's extremely difficult to find their support line via the app. The request goes to a robot before a live person replies at their convenience and it's difficult to continue a conversation with them or find the conversation on their app. Terrible user experience when in need of assistance.",1,2024-12-04 19:20:58,25
Nice riding.more comfortable.,5,2024-12-04 19:16:27,0
Useless app Not accepting the rides Roaming nearby the pickup locations and then cancelling the rides in bangalore. Customers are not mad persons to book and wait for the rides until they cancel the rides,1,2024-12-04 19:12:10,0
Ms Safi was really nice lady i would ask her ask her all the time if I could thank you so much Safi 💗,5,2024-12-04 19:09:19,0
"Professional polite, driver, get on time, his car it is very neat and clean, and excellent driver. I recommend it. Thank you.",5,2024-12-04 19:08:21,1
Very useful and satisfied service thank you,5,2024-12-04 19:03:03,0
"I am extremely disappointed with Uber's surge pricing. Recently, I encountered fares that were 50 times higher than normal, which is simply unacceptable. This kind of pricing means that one ride could cover my transportation costs for four days! It's frustrating to see prices skyrocket just when I need a ride the most. I will be reconsidering my options for transportation in the future and may not book an Uber again if this trend continues.",1,2024-12-04 18:49:20,65
They lie to much on they're waiting time it says a driver will pick you up withing 4 minutes and then you end up with a driver that's 20 minutes away... Sometimes I feel like they take advantage of us and still charge us the max amount of money.,3,2024-12-04 18:46:52,0
Time estimates are almost completely useless when there's any amount of traffic.,2,2024-12-04 18:41:16,0
My first ride. Superb👌👌👌,5,2024-12-04 18:40:43,0
Very usefull Safe driving,5,2024-12-04 18:38:15,0
Best for a safe journey,5,2024-12-04 18:33:54,0
Fantastic service! Easy to use!,5,2024-12-04 18:24:06,0
"Quick response, fabulous driver....will use ever time",5,2024-12-04 18:16:48,0
Friendly. Great conversation. Clean car. Drives with precautions. 10/10 ☆☆☆☆☆,5,2024-12-04 18:08:23,0
It's the best way to move if you don't have car.,5,2024-12-04 18:01:39,0
Very difficult to book book cab from my location,1,2024-12-04 17:59:11,0
"Love this app, so quick and exact. Safe",5,2024-12-04 17:29:33,0
"Efficient ,reliable and cheaper than taxis",5,2024-12-04 17:25:25,0
So sick of being charged for food that latest canceled and stuff like that. Uber eats oftentimes scams me. It seems to be pretty good for transportation. Just be aware they don't care and don't mind taking money for nothing.,1,2024-12-04 17:20:42,0
Agartala city me auto driver's bohat kharab hai trip book karu to accept karke call karke cancel kar deta hai Agartala ki auto driver's customer ki koi respect nahi karta hai,3,2024-12-04 17:18:29,0
"Worst app ever, worst customer care service.",1,2024-12-04 17:15:55,1
Time to time Drop please add more avibility Add some more rules for cleaning car or auto,4,2024-12-04 17:09:24,0
Very efficient and friendly driver,5,2024-12-04 17:09:08,0
Nice and comfortable rides.,5,2024-12-04 16:58:44,0
I'm so pleased with the ride,5,2024-12-04 16:57:45,0
Good experience safe ride,5,2024-12-04 16:52:56,0
"so much easier to use tham Kakao , t ride as a foreigner",5,2024-12-04 16:41:02,0
Bring back taxi cabs. It takes over a half hour to ever get a ride.,2,2024-12-04 16:40:51,0
Such a very bad app whenever a emergency no rider accep t the ride and cancelled the ride . Very bad experience nowadays,1,2024-12-04 16:35:52,0
Good diver thanks for your lovely driving,5,2024-12-04 16:18:25,0
Drivers are asking for extra fare than expected amount. Also because of this they are not accepting the ride.,1,2024-12-04 16:09:38,0
Driver is conversational🙌🏽,5,2024-12-04 16:09:21,0
Use at own risk. Fraud. Overcharging. No way to get my money back. Charge and forget customer. Zero customer support paths that lead to real solutions (refunds).,1,2024-12-04 16:07:23,0
Cheapest thqn other...morely get taxi in within 5 minitues rather than ola nd other,5,2024-12-04 16:02:55,0
My first trip on uber moto was exceptionally wonderful. The driver was very courteous.,5,2024-12-04 16:02:11,0
"Excellent service, good drivers.",5,2024-12-04 15:58:31,0
Helps with getting by in major cities.,5,2024-12-04 15:58:26,0
Rider assign very late and any rider very rude but app is very good 👍😊,3,2024-12-04 15:46:35,0
"The worst support system I've ever seen!! I've tried several times to take help from the support team, but everytime a same guy was there to help me without resolving my problem l.. Saying I've accelerated your concern , no mail support no senior support.. Disgusting apk!",1,2024-12-04 15:43:20,1
Driver except the ride and cancel it after 5 minutes,1,2024-12-04 15:35:09,0
Best ride and low amount,5,2024-12-04 15:30:02,0
"Really, 8 Euro ""time fee"" for a 24 Euro trip when there is no traffic congestion? Just downloaded Bolt.",2,2024-12-04 15:25:49,0
"I'm always double charged by Uber & it makes me feel like they stealing my money & other people's money because there is no easy way to contact Uber for a d**m thing!!!! Uber has way over 500million people using their service & they act so greedy stealing money from customers who want to be loyal. Uber needs to be sued!!! I'm going to do my best to make it a class action lawsuit. Uber is getting out of hand. If my issues are not resolved, I know something Uber doesn't want made public.",2,2024-12-04 15:18:34,0
My driver was so friendly and a Gentleman,5,2024-12-04 15:05:58,0
Drive was on time good and respectful,5,2024-12-04 15:04:10,0
Exceptional driver with last trip,5,2024-12-04 14:59:22,0
Though last payment are pending to glitch in my card still getting services for next rides.,5,2024-12-04 14:50:45,0
How are you I am fine thank you,1,2024-12-04 14:48:40,0
Taxi are unexpectedly late,1,2024-12-04 14:37:56,0
Awesome app saved me so many times!!!!! Thankyou for your awesomeness ¡!!!! Ub4eR 4 li$3 )lofe,5,2024-12-04 14:32:21,0
Very fast rides and best prices plz 🥺 install don't wait to see reviews,5,2024-12-04 14:29:14,0
Absolute joke!!!! You're charging extra for closer cars!!!!!,1,2024-12-04 14:25:18,0
Sammy and the next gentleman who gave me rides to see my son and thr kind man who brought me home waited til I got up my stairs b4 he left I'm not too steady on my feet lately and it was such a comfort to have someone who cares. Great experiences.,5,2024-12-04 14:09:10,0
"Very perfessinal, treat me with respect and the ride was very comfortable.",5,2024-12-04 14:04:29,0
Taking too much time to join a taking or driver,3,2024-12-04 13:57:21,0
"After updating this application, become difficult to use couldn't sign in again and order rides",1,2024-12-04 13:56:34,0
Always a pleasure riding Uber.,5,2024-12-04 13:53:36,0
"Convenient rides and arrive within short time. Regards,",5,2024-12-04 13:41:05,0
It doesn't load and that is annoying,1,2024-12-04 13:24:53,0
Driver Muneeswaran was superb.He handed over the bag left over by mistake before the departure of my flight.,5,2024-12-04 13:22:48,0
Very good experience 👍👍,5,2024-12-04 13:19:45,0
Way too cool! What a perfect service for any budget!,5,2024-12-04 13:13:22,0
I love this app it's a good feeling knowing your friends in family are getting home safely,5,2024-12-04 13:04:16,0
Wonderfull app....discounts are amazing...and drivers aren't rude at all...5 star rating deserved.,5,2024-12-04 13:03:02,0
Uber drivers gets paid 17-20 a trip or order just to waste 30-45 minutes driving around random neighborhoods before they actually do the job they're paid for. Let me tell you the quality of humans that do this delivery BS: people with no marketable skills or future plans who would in no way respect other's time to be able to keep a normal job.,1,2024-12-04 12:54:08,0
V bad uber cash prepayment system,4,2024-12-04 12:50:07,0
"""It looks like there was a problem completing your request. Try again later."" Some more info so I can troubleshoot the problem would be nice.",1,2024-12-04 12:47:12,0
Easy to get uber auto very soon,5,2024-12-04 12:47:09,0
Genuinely one of the worst apps to ever use. Why offer drivers when they won't accept rides,1,2024-12-04 12:39:50,0
Wrost experience cab drivers cancel ride due to low fair... And uber charges customer for that pathetic,1,2024-12-04 12:37:31,0
I have an issue with Shuttle bus the app force me to pay with a digital method and didn't reserve any trip.,5,2024-12-04 12:23:00,0
Very good services excellent,5,2024-12-04 12:02:59,0
Right on time with nominal tariff,5,2024-12-04 11:56:10,0
Ride experience is awesome 👌😍,5,2024-12-04 11:54:34,0
Uber change price after few searches same location....,1,2024-12-04 11:53:04,0
Nice experience & Behaviour was good,5,2024-12-04 11:50:03,0
It is so unfair that the driver cancells on his side without even telling me and the uber app expects me to pay for the cancellation on my next ride.,3,2024-12-04 11:34:40,0
Easy to use app. Very user friendly.,5,2024-12-04 11:21:24,0
No earlier outstanding still charged in next ride,1,2024-12-04 11:07:22,0
Prompt service with best experience!,5,2024-12-04 11:06:29,0
"Althought It's convenient to use this app, yet, at times, the navigational aspect is not up to date. It takes you from a much longer route making you reach the destination very late than it should have been actually",3,2024-12-04 11:01:05,0
It is very good app but sometimes the fair price is different in riders app. It shows cheap fair price in mine but when the riders arrive he would say that the fair price is not what shown in my phone and charge little bit more amount.,3,2024-12-04 10:51:40,0
Helpful drivers no matter uber pets or uber always on time and Helpful,5,2024-12-04 10:50:00,0
Wonderful experience with uber,5,2024-12-04 10:44:40,0
Not pick up on time very bad service 😡😡,1,2024-12-04 10:42:07,0
Never worked properly... Stucks alot... Never find the rides on time... Worst app,1,2024-12-04 10:38:47,0
Shows less amount when starting a ride & it gets changed by ending of the ride,1,2024-12-04 10:38:17,0
Very good AAP exlent 👏,5,2024-12-04 10:31:20,0
"Good behavior, Good skill,great experience.",5,2024-12-04 10:31:04,0
"App does not load, whats happening??",1,2024-12-04 10:23:48,0
Nice and friendly drivers. They arrive on time,5,2024-12-04 10:12:59,0
"Your service is completely unreliable. Instead of fulfilling our needs, you prioritize showing off and doing unnecessary tasks. You bring us from distant places only to disappoint us. This is an extremely poor service, and I will never use your service again.",1,2024-12-04 10:05:40,0
Uber no longer shows the fare before boarding on the trip here in Australia.,1,2024-12-04 09:58:13,0
"Worst company, how can you let your Uber drivers not return an item that left in their cars. Your customer service is not doing anything they just let go of the driver.",1,2024-12-04 09:50:21,0
"Whenever you ask if I want to rate your app now or later, I pick now. And I give a one star rating. Please stop giving us a fake choice.",1,2024-12-04 09:38:00,0
always great service. i love my uber,5,2024-12-04 09:33:08,0
Fast updation of pickup and drop options,4,2024-12-04 09:22:22,0
It's amazing experience for me,5,2024-12-04 09:15:26,0
Some diver extra charge. Uber is good riding platform I love it .,5,2024-12-04 09:11:29,0
"Worst service ever, while booking the cab they will show in lower price and after the ride gets over they will charge double the price was mentioned. When you try to contact them they won't listen you also.",1,2024-12-04 08:59:09,1
No customer service. They stole almost $100 from me,1,2024-12-04 08:30:21,0
Bhout acha tarika sa or safely phocha da ta hai very good uber workers and good luck,5,2024-12-04 08:30:10,0
"Uber is reasonably priced mostly, but can get pretty expensive when low on drivers. They are always reliable, but I just wish that they had a flat rate.",3,2024-12-04 08:27:18,0
Worst app never using it again after i got out if the car,1,2024-12-04 08:25:31,0
No support or customer care number to call for riders issue with a trip. Driver cancelled the ride even after paying and I did not get a invoice for the same.,2,2024-12-04 08:21:33,0
Very comfort and economy ride,4,2024-12-04 08:10:01,0
Good but Expensive. for Family Travel best package,5,2024-12-04 08:03:08,0
Always accurate ...so far. A great majority of the drivers are very courteous and no problems with their driving. It sure beats the hassle of parking on trips!,5,2024-12-04 07:50:51,2
Ride share now takes 10+ minutes to find a driver sugma,1,2024-12-04 07:44:56,0
"Great drivers, ON time and very friendly",5,2024-12-04 07:44:27,0
App did not show me the amount until after I committed.,2,2024-12-04 07:31:10,0
"Update: Uber sucks yet again, showing misleading ads for discounts in email and push for discounted rides, making it really hard to tell Uber one only. Shady garbage company, this should be illegal and reported. Uber sucks even more than before now, shows short initial pick up times when requesting then changes it to very long, then charges you when you try to cancel cuz this is not what you ordered. Garbage.",1,2024-12-04 07:19:47,2
"It searches and searches and searches, but no driver is available. This has happened for last 5 times. But in Ola I get the cab, strange.",1,2024-12-04 07:15:00,0
It was a smooth ride with this driver. I so much like his driving.,5,2024-12-04 07:01:24,0
I would give negative stars if I could. This is the most unethical company doing business on the internet these days. They spend a lot of time and energy making sure that they don't have to talk to any of their customers. Expect multiple charges and small additional surprise charges after service is completed. Beware,1,2024-12-04 06:56:11,0
"Horrible , there is no way to describe issues with account only what they want you to select a 25$ ride cost me 938$ and i can't get by money back. This company should be under review by Google and investigation by police",1,2024-12-04 06:54:30,0
"It changes price after accepting said price, Uber is purposely secretly trying to make customers pay more than what is agreed to and accepted for route, but after the ride the said price always magically changes to a higher price",1,2024-12-04 06:53:04,0
This app is so helpful.,5,2024-12-04 06:31:10,0
77 dollars to go to my court house which is two miles away the old cab companies would charge 15 this seem like money grab company,1,2024-12-04 06:28:50,0
"Significantly more expensive than other rideshare apps like Didi & legitimate safety concerns not taken seriously - have experienced drivers cancel my trip after I'm already in their car and request I bank transfer them for a ride as they ""already saw my destination and are going that way anyway""...",1,2024-12-04 06:23:19,0
Mr. Goutam are very helpful person. Thank you so much bro,5,2024-12-04 06:20:29,0
Non stop stupid notifications on an app you need notifications,2,2024-12-04 06:18:35,0
Amazing services offered,4,2024-12-04 06:13:14,0
Good experience please try uber,5,2024-12-04 06:11:49,0
Worst service ever his driver charge extra everythime,1,2024-12-04 06:09:55,0
First time user - great service,5,2024-12-04 06:09:25,0
Uber is dishonest and greedy. I'll delete this review when they delete my $175 charge for a ride that ALWAYS costs $17.,1,2024-12-04 05:50:47,0
Excellent service and most drivers drive with care,5,2024-12-04 05:46:45,0
Very expensive for a short ride of 20 min......almost $50/ not good,2,2024-12-04 05:41:13,0
Best Option For A New City Comer,5,2024-12-04 05:38:06,0
Nice experience with uber,5,2024-12-04 05:36:47,0
Punctual and reasonable rates,5,2024-12-04 05:16:25,0
Not able to do schedule ride for my friends & family members. App Developer to do fix for this issue,1,2024-12-04 05:15:19,0
"When you deliver a packge if you don't select Express, it can take quite some time, like looking for a driver when you're already at the time of pickup, but expresses the way to go because they don't have any other stops, rides can be expensive at times, or drivers skipping over you because you're not going far enough for their liking, other than those it's fairly decent",4,2024-12-04 05:09:48,0
What did we do before Uber? Reliable and reasonable,5,2024-12-04 05:05:58,0
"Disgusting service. My trip is usually a 5 to 7 quid journey, on a Tuesday night I had to call a family member to pick me up, no one will take the trip and if they do they can cancel on me at any point, I do believe I'm being charged for cancelled trips as well. Drivers should carry out every trip they accept with no way for them to cancel until it is complete, I will no longer be using this pathetic excuse for a service, even if other options cost more, they're not stealing from me at least.",1,2024-12-04 05:05:34,3
"Drivers are amazing 👌, Uber as corporation, are ruthless, rip-off merchants! Support the drivers. 🙏❤️",1,2024-12-04 04:50:14,0
"Is your trip going to cost you $20 or $200? You have no idea as Uber no longer provides price estimates. It might tell you it will give you a quote AFTER you book, but guess what? It doesn't. You literally have no idea what your going to be charged until they charge you!",1,2024-12-04 04:46:27,0
"Charged my card 165 Euro instead of expected 20 Euro. It was corrected quickly after my complain, but I still find it odd that their system allows this to happen.",3,2024-12-04 04:45:06,0
The drivers are prompt and friendly. And met a couple of good friends,5,2024-12-04 04:44:26,0
No way to contact support.,1,2024-12-04 04:44:05,0
"Would give 0 if I could. They took money from my account randomly, said it was an ""authorisation hold"" but wouldn't tell me what for, or if my PayPal had been used by another account. Their CS ended the conversation with a survey even though I was clearly distressed as an autistic woman so they obviously don't care about disabled people! They also didn't answer my query clearly. Deleted my account, never again. Also realised they never refunded previous holds!",1,2024-12-04 04:25:40,0
Hard to navigate the app,4,2024-12-04 04:22:07,0
"I was not able to reach technical support for this app to tell the team that their app miscalculated the tip according to United States government travel regulations. All support options terminate in AI, and the support email address bounces.",1,2024-12-04 04:20:57,1
"I have been using Uber for years with no issues, and the drivers are all wonderful. But since the latest update, the app gives me a pick-up spot and gives the driver a completely different one. Not only that, but today, the third time this has happened, I was charged MORE than the initially agreed fee due to the app error! I shouldn't have to pay for Uber's mistakes. Please sort this out!",1,2024-12-04 04:20:00,124
"super duper uber i love to enjoy ride and very affordable price, pocket friendly every one wants to enjoy your ride with affordable price and good service so download now uber app and ride offers, Fast service, good service and be a part of uber family ❤️😊👍🏻 Jana he Kaha ,Uber Le jaye oha Uber He Saath , Sochane ki kya he baat I love Uber ❤️",5,2024-12-04 04:19:31,0
"Great service and very reasonable too, quick and speedy",5,2024-12-04 04:19:05,0
Terrible when you have a concern. None to address.,1,2024-12-04 04:10:01,0
Best app and the best drivers,5,2024-12-04 03:59:20,0
Driver took us home when no internet to request ride home please pay driver for ride home from our card on file.,5,2024-12-04 03:47:04,0
Easy to use and quick response to bookings.,5,2024-12-04 03:40:24,0
"It good at times, but it keeps taking my money. And there is no way to reach Uber reps. Can you provide a number please.?",2,2024-12-04 03:39:07,0
Sooooo thankful for Uber!!! Gets me to work and Wal-Mart when there's no one else to ask! Safely❣️,5,2024-12-04 03:13:48,0
Darren was very nice an pleasant. Car was very clean and smelled wonderful. Would highly recommend Darren. Thank you Darren.,5,2024-12-04 03:08:57,0
This past few week finally uber cheaper than Didi. WOW,5,2024-12-04 03:00:15,0
Bahut ahaca and fast safly,5,2024-12-04 03:00:12,0
Experience with Uber Drivers have been excellent. The ap is a little clunky to get used to but overall it is okay.,5,2024-12-04 02:44:58,0
Good experience thank you,5,2024-12-04 02:23:12,0
"Worst Customer Service ever. They want to charge me 1,580EUR instead of 1,580TRY (= 45EUR). It's been almost a month and I've just received a message responding to something that It's not even related to the topic. Now they sent a message saying that my account is suspended until I don't pay. So basically, I'm trying to solve the issue and they suspended my account instead of fixing their mistake.",1,2024-12-04 02:14:48,1
"Ashley, was very friendly and I felt safe with her. Definitely will recommend her.",5,2024-12-04 02:13:17,0
I paused my membership until December 4th for financial reasons. Today is the 3rd...my bank account has been charged the $9.99 renewal fee which I was not prepared for and I'm very unhappy about that! I've contacted support multiple times today via the online submission form. No response yet. So unfair you do not have support via live chat or phone. Desperately need this resolved today. Cancel my membership and refund my $9.99 please ASAP. I'll update my review based on how this is handled.,1,2024-12-04 02:12:46,1
"I have always gotten friendly, helpful and professional drivers. The cars have always been pristine.",5,2024-12-04 02:06:58,0
Works everywhere available.,5,2024-12-04 02:04:46,0
"Excellent app, ease of mind and drivers are very polite ☺️",5,2024-12-04 01:38:44,0
Very good application 👍,5,2024-12-04 01:35:11,0
Brian was a wonderful Uber Driver,5,2024-12-04 01:33:27,0
"so Salvador gave me a ride from Visalia to East Palo Alto.( 173 miles) After another driver bowed out. He is super respectful, hold good conversation and I even learned a few things I didn't know on the drive. I recommend him to anyone that has a longer journey. Or even a short one. I'd give him more than 5 stars if I could. thank you Sal.",5,2024-12-04 01:24:22,1
"Charged twice for making a cash payment since I hadn't ""paid the full amount"", support was no help either.",1,2024-12-04 01:19:46,0
"He was safe ,polite, and good",5,2024-12-04 01:19:04,0
"New customer to Uber and learning the app , but love my contact experience with my drivers... !",5,2024-12-04 01:10:40,0
Always a friendly and safe ride.,3,2024-12-04 01:01:14,0
"Good journey, on time, nice friendly driver",5,2024-12-04 00:55:19,0
"why give offers, if it's only going to ruin your day by arguing with drivers, am never using this app again, if its one driver ok but almost all, aiih",1,2024-12-04 00:47:53,0
Had a pleasant and comfortable ride back home. Driver was courteous and friendly and his car was clean. I ain't thinkin about using the rest out there....happy with Uber,5,2024-12-04 00:45:54,0
I recuested servis 1 time the uber. Never sho up,4,2024-12-04 00:31:59,0
I've never seen so bad support organisation like Uber support. I switched to competitor Bolt.,1,2024-12-04 00:25:36,0
Super and very friendly and patient 😊,5,2024-12-04 00:22:57,0
Every driver has been courteous and professional. I enjoyed the experience each time. Thank you so much for being there!!,5,2024-12-04 00:21:05,0
My best choice uber cab👍😃,5,2024-12-04 00:18:05,0
Quick. Much more convenient to Uber when you need a ride quickly.,5,2024-12-04 00:12:33,0
"Always quick service, and very friendly.",5,2024-12-04 00:07:08,0
"Vehicle was clean, smells good and great conversation.",5,2024-12-04 00:06:02,0
"First time ever using Uber, and I used it to help out my sister who is in another town. Thank you very much. Loving this app",5,2024-12-04 00:05:07,0
Great company great drivers and when there is issue support handles it with care and fixes the issue or make right.,5,2024-12-04 00:01:05,0
No matter if I drop my pin right on my house drivers still drive by. Always end up calling them and directing them to my location.,1,2024-12-03 23:57:23,0
The quality of uber Cars in Cape Town is abysmal. Many uber drivers have told me there is rampant bribery for roadworthy tests. The quality of cars shows. Really terrible as I used to depend entirely on ubers for social travel.,1,2024-12-03 23:41:23,0
Very nice very helpful 😃,5,2024-12-03 23:24:50,0
Best service and with fair price,5,2024-12-03 23:20:57,0
"Very friendly, but professional",5,2024-12-03 23:17:19,0
It's a very good & happy service 😄,5,2024-12-03 23:12:05,0
Interface not user friendly.,3,2024-12-03 23:10:24,0
Always fast and comfortable.,5,2024-12-03 23:00:41,0
Great driver. Early and helpful,5,2024-12-03 22:58:32,0
Terrible! Horrible new drivers are coming on and it's getting worse by the day. First it was uber eats drivers stealing food so I had to delete the app now idiots who don't know how to use GPS and can't communicate are now in charge of our lives?! Deleting this useless app!,1,2024-12-03 22:54:57,0
This is best but sometimes cab go another side for example I want to go chandpole yeh mujhe church ke samne chod diya,5,2024-12-03 22:50:52,0
Always there when I need 'em,5,2024-12-03 22:50:32,0
The worst app ever. Forcing someone to use only one mode of payment..shame on you,1,2024-12-03 22:50:31,0
Always a pleasure to ride with Uber drivers. Quick pick ups all the time,5,2024-12-03 22:50:11,0
I love how fast they are and better than the modern day cab,4,2024-12-03 22:47:28,0
Driver behaviour very good 👍,5,2024-12-03 22:42:54,0
Bad experience this aap,1,2024-12-03 22:41:14,0
Prices are honest and precise,4,2024-12-03 22:40:13,0
I told you about my problem and did not get a response ، and i still have money left for you !!!,1,2024-12-03 22:29:37,0
"He was very kind , assisted with our bags",5,2024-12-03 22:26:22,0
Uber eats took almost to deliver to a location that is less than 100 meters. The pizza arrived cold,1,2024-12-03 22:25:21,0
The ride was super nice and smelled so fresh and so clean clean ✨️ 😎🤜,5,2024-12-03 22:00:15,0
Uber must just stop this thing of saying you have unpaid balance while you paid fully Thank you,3,2024-12-03 21:57:25,0
"First taxi driver this morning was taking me to the wrong location, but luckily I realised we were going the wrong way and asked where he was taking me. I gave him the destination address again and he turned round. Wasted 30 mins of my time and cost me double the price it should have been. I am angry about this and would like a refund.",5,2024-12-03 21:55:53,0
very good with excellent understand,5,2024-12-03 21:41:23,0
Pathetic customer care service. Tried both chat support and call support but they are nothing more than uttering repeated apologies.,1,2024-12-03 21:29:37,0
Very nice company drivers always very polite,5,2024-12-03 21:27:40,0
"Once it had excellent service,but for last one year service quality going downwads. Uber auto is totally useless. Drivers except the customer but after waiting for 20 to 25 min. The driver cancelled the trip. This has happened not only in peak hours but very frequently. My ultimate waiting and cancellation by driver after 10 to 25 min. Is common with uber auto and cab both. Request you to give some thought otherwise it will not be beneficial for you and us both .",3,2024-12-03 21:20:58,57
"I absolutely hate Uber Eats. Use Door Dash instead; when they say free delivery, they actually mean it.",1,2024-12-03 21:08:08,0
"For now, you are the best!!",5,2024-12-03 21:02:29,0
Questionable wait fees. The driver was late because he said the app provided inaccurate location information and I get charged an extra wait fee?,3,2024-12-03 21:00:30,0
"Planned ride came early, left, and charged me anyways, plus a cancellation fee. #unjust",1,2024-12-03 20:56:46,0
Very Worst....Namma Yathri is a Best,1,2024-12-03 20:43:04,0
Have spent hours trying to set up an account but NEVER get there so after going round and round and putting numbers in from email and texts and EVERY time being told it is the wrong number I have given up as it is SO ridiculous,1,2024-12-03 20:40:01,0
"I wish I could rate zero. Uber is an untrustworthy, unethical, theiving organisation. We ordered a ride for R636 but paid R966 (more than 50% extra) after they added more than an hour to the trip (we were dropped at 11h39 but the ride ended 12h44). They also added more than half the traveled distance (nearly halfway back to starting point). When I queried the discrepancy, they told me the fare was not eligible for adjustment.",1,2024-12-03 20:35:04,1
I always have a good experience.,5,2024-12-03 20:33:48,0
Excellent trip with uber app,5,2024-12-03 20:33:01,0
"Polite, eager to help, on time",5,2024-12-03 20:32:43,0
Most disgusting app I have ever seen. Each and every time pay more than the ride.,1,2024-12-03 20:25:14,0
Useless application. They are practically thugs.,1,2024-12-03 20:19:21,0
Friendly and professional!,5,2024-12-03 20:12:07,0
sometimes it is the most irritating thing when waiting for more than 9 minutes. And it also provide nice rides. it is a 4 on 10 thing,2,2024-12-03 20:04:04,0
This app has developed poorly over the years. They now have hidden fees that arent applied when you order a ride then later are showed in the receipt. It is unfair and they should show all fees at the beginning of your ride. I am deleting my uber account!,1,2024-12-03 19:59:04,1
10-30 minutes waiting time still no cab was booked. What's the use of such low rates if no one was to come. Very poor service.,1,2024-12-03 19:58:43,0
The payment methods don't work in the Netherlands!,1,2024-12-03 19:58:19,0
"Overall good, just one point to improve is when drivers are intentionally delaying the ride when they want to cancel, a direct customer care contact should be available without any waiting",4,2024-12-03 19:46:56,0
"Always showing XL vehicle only, small vehicle not available",1,2024-12-03 19:45:24,0
Service was good kept,1,2024-12-03 19:43:10,0
"Uber for Business is a scam. They are unable to issue a simple invoice, so what's the point of going through the trouble of setting it up?",1,2024-12-03 19:42:17,0
"Horrible company, I purchased food from uber eats, uber sent it to the wrong location and I was charged the full amount as a cancelation fee. Go to Lyft. Do not use uber!",1,2024-12-03 19:39:25,0
Kind and friendly driver. Very clean vehicle.,5,2024-12-03 19:28:02,0
Always underestimates drop off time. Unacceptable.,1,2024-12-03 19:26:13,0
Super quick and very efficient,5,2024-12-03 19:25:21,0
I live in outskirts of Kolkata and I didn't expect that I would get uber in outskirts. It's awesome.,5,2024-12-03 19:22:16,0
Poor customer service and you are charged before you are even given a driver. This has happened to me several times and it's a hustle to get a refund when the driver cancels on you yet your money has already been taken out of your bank,1,2024-12-03 19:18:37,0
One of the best ride service I think everybody should try it.,5,2024-12-03 19:18:15,0
"The app works. The drivers are great. However, when I am running late and I pick a car that says 1m away, I expect it to be 1m away, not 5-10m. I spend tons of money on this app. Please try to make wait times more accurate if possible? Also why am I soending more money for the faster option (4m wait time) only for the faster option to turn into 6m? Make it make sense",3,2024-12-03 19:17:18,3
Reasonable prices than other apps,4,2024-12-03 19:15:43,0
"The worst cab bookinv App I have ever seen, whenever in need never got a cab or an auto due to either traffic scene or in emergency. It will be good if Uber shuts down & I would prefer to use other options.",1,2024-12-03 19:00:30,0
"All they do is rob you of your money and never return it. They overcharge for trips, drivers will cancel rides in front of you, and you still get charged a cancelation fee. Their customer support is even worse. This app is a real life scam",1,2024-12-03 19:00:12,0
"Useful but prices are higher than what the driver even receives, long wait times like 10-15 minutes unless you pay for their premium or whatever.",3,2024-12-03 18:52:46,0
"These guys get 1 star just for existing and being better, somewhat, than taxi's. I pretty sure Uber hires whoever applies. People who are on the clock but don't want to work. Accepting rides then canceling well after some time then getting stuck with ""searching for drivers"". Tldr; run your company better.",1,2024-12-03 18:51:14,0
Much better availability than OLA,5,2024-12-03 18:49:55,0
It's not working it's a bad situation it's not working very bad app 😕,1,2024-12-03 18:48:52,0
Worst experience I ever had with uber,1,2024-12-03 18:44:52,0
Easy to use. Once you know how to use it. Convenient,5,2024-12-03 18:43:41,0
Safe and nice journey,5,2024-12-03 18:40:10,0
It's very good.. I am deaf and sign language.. pls message me by whatsapp.. driver can't understand message,5,2024-12-03 18:36:12,0
"The most disgusting and most worst company ever seen. I recommend not to use UBER at all in america. Late, tricks and so on",1,2024-12-03 18:35:53,0
Drivers are slow. They will sit and wait for heaps of orders before dropping off. Results in cold food. Also had continual seal breaks. Don't even know what they did to the food. Yuk,1,2024-12-03 18:28:52,0
No proper booking. Demand extra money for 2km.,2,2024-12-03 18:23:56,0
"Great app, easy to use and book",5,2024-12-03 18:23:25,0
The lady that picked me up was very sweet nice kind I would very very recommend her to anyone she is excellent at her job I'll give her a million stars if I had to.,5,2024-12-03 18:17:51,0
Price increase without any reason after dropoff,1,2024-12-03 18:16:25,0
Very Expensive and long waits. If I have to wait extreme times it should be cheaper. USE lyft their prices never go extreme and they got fixed rates now. BYE UBER UNFAIR PRICING AND LONG WAITS,1,2024-12-03 18:14:24,0
Uber is better than other apps. It shows nearest vehicle available. Only disappointed due to 100 charges of cancellation.,4,2024-12-03 18:11:43,0
Fast Good very more sms,5,2024-12-03 18:08:47,0
This service gets worse every year. Wait times get worse. Pickup times are never accurate. Drop off time are never accurate. Ride got a little cheaper but at the cost of taking it from the driver's and making the quality of service decline. 👎,1,2024-12-03 18:07:32,0
Takes a longtime to come,5,2024-12-03 17:58:43,0
I like this application,5,2024-12-03 17:58:32,0
Service level has really gone down.,1,2024-12-03 17:48:55,0
The worst app ever... Shows you less amount while Booking when you reach the destination the fare goes high like really high. They cancel the ride 10-15 min later after confirming and we be waiting for it to arrive. Never book your ride through this app if specially when you're in a hurry to go somewhere.... Takes forever to confirm and charges you more. Other apps are way more better and reliable this one. This app really makes you so so so frustrated. Even ride captain asks for an extra charge,1,2024-12-03 17:48:36,11
Was on time and very polite,4,2024-12-03 17:38:45,0
"I booked an Uber from Nalya to Mwanda Road for 18K, but the driver got confused with the route. After waiting five minutes on road to reach the destination, I was charged 31K. Then, for a two-minute drive from Mwanda Road to the next point, I was charged another 10K, making it 41K total. Sometimes the charges are inconsistent, with different amounts shown to the customer and driver. Drivers also cancel trips themselves or demand extra charges. This needs a solution.",3,2024-12-03 17:30:54,0
delivery is not free everything gets hiked up on the orders price i understand that but don't make out it's free,1,2024-12-03 17:27:28,0
Very good in other state for quick rides.,5,2024-12-03 17:26:04,0
"The app displays one amount to the customer and a different amount to the rider. What kind of app operates like this? When we pay, it leads to conflicts with the drivers. This issue needs an immediate solution.",2,2024-12-03 17:24:55,0
It's a now a days painful service in Bangladesh.... Driver ask where want to go than cut the phone cancel trips several times......every times happening this...it's too much annoying.,1,2024-12-03 17:16:36,0
waste of time and money,1,2024-12-03 17:09:40,0
I always trusted Uber over other platforms but my last booking was pathetic. The driver harshed me by call and then uber imposed fine for the compensation. It was difficult to reach the costumer care service. It was late for the hospital. I have waited for more than 30 minutes in my location. I will never use this app again.,3,2024-12-03 17:08:22,0
Good experience 😃😊😊👍🏻👍🏻,5,2024-12-03 17:07:57,0
"Good service, rate of Rapido is little less when compare to Uber. Overall good experience.",4,2024-12-03 17:07:25,0
If You Payment Cash Or QR. But uber shows you're not done payment.. and they stopped service,1,2024-12-03 17:01:55,0
Ismael was great he arrived in 5 minutes he was very polite and helpful. I definitely recommend him as an asset to Uber.,5,2024-12-03 16:58:53,0
AI costumer service with no one actually replying to your concern!!!,1,2024-12-03 16:58:43,0
Application have many issues,3,2024-12-03 16:55:00,0
Stressful and app to confusing to use had to book repeatly got charge for app places I was at and then found it hard with driver to fix distanation and sort out ride and back really found it very stressful 😔😔,2,2024-12-03 16:43:24,0
Doesn't give any information about the driver. If we forgot anything inside the vehicle can't contact immediately. Can't even contact local office to get any information all the numbers are fake.,1,2024-12-03 16:40:21,0
They cut my money from my debt card. And they ask money from hand.so i pay them both way.and charging every time 2 riyal 3 riyal extra after departure ... very bad this app,1,2024-12-03 16:31:09,1
Was cold didn't comprehend we were cold as couldn't communicate.,3,2024-12-03 16:28:05,0
"Sobse ghatiya app, Trip amount dekhata 130rs leta 500rs.. Driver behavior is very Bad",1,2024-12-03 16:27:28,0
Good timing and price,5,2024-12-03 16:18:57,0
Drivers don't come half the time,2,2024-12-03 16:14:43,0
No drivers today and too much late in time Late more than 30 minutes,2,2024-12-03 16:12:10,0
Never find scheduled cab even booked in 1 day in advance.,1,2024-12-03 16:11:58,0
Reasonable compared to other platforms,5,2024-12-03 15:52:26,0
Good app night rate gave us 👍🏼👍🏼👍🏼👍🏼,4,2024-12-03 15:38:04,0
Great app... on time service,5,2024-12-03 15:33:24,0
Very usefull for busy people that need to work while traveling,5,2024-12-03 15:27:52,0
"It's almost always great, but when there is a problem (which doesn't happen often) it is hard to resolve.",4,2024-12-03 15:16:29,0
Great UI experience and the staff also are exceptional.,5,2024-12-03 15:04:34,0
"Very useful, accurate, and convenient under affordable rates",5,2024-12-03 14:42:45,0
Great..... service....,5,2024-12-03 14:41:14,0
Very reliable and punctual person . Wish you all the best.,5,2024-12-03 14:33:44,0
Your service boys are burgaining for the price,4,2024-12-03 14:25:43,0
poor service. auto driver misguided us like me idhar hu aap age aajao thoda chalke and he was jot their. i was with my mother to take her to hospital and she is not able to walk to long. still driver was arogant and asked us to come ahead on eastern express highway among all the fast vehicles. when i cancel the ride they are asking to pay amout for their driver mistake.,1,2024-12-03 14:08:50,1
Very good experience 👍,5,2024-12-03 14:05:33,0
Would give less if I could,1,2024-12-03 14:04:12,0
"Order Uber wait stupid amount of time, get driver who is 20 mins away sort this out it's a joke now.",1,2024-12-03 14:03:11,1
It was good experience with shiv,5,2024-12-03 14:00:54,0
Amazing experience with Uber in Cape Town the past few days.,5,2024-12-03 13:51:23,0
This app is very very worst app,1,2024-12-03 13:46:15,0
It's awesome I love it allways on point he was great,5,2024-12-03 13:26:42,0
I using uber from last 6 yrs initially the service was excellent but now it's becoming poor day to day,2,2024-12-03 13:09:59,0
I am having worst experience of booking rides nowadays in Uber. Every time I pay to driver after my ride is completed. But when I again open the app next time for booking it shows me I haven't paid the previous amount. Uber should see what are the issues here. Why drivers are marking not paid. When I am getting late for office I don't have time to raise concern by going to help section and scrolling all over the options. And other option I am left with is to pay again for my previous ride.,1,2024-12-03 13:07:27,1
"Driver drove off with my cane. Uber wouldn't let me contact her and said I would have to pay $20 for them to even inquire. First of all, please have your driver's scan behind you and not immediately bolt. My hands were full and I was exhausted for waiting on work Honda was doing on my vehicle. They didn't complete the work, so I have to get back there and it won't be with Uber! Using Lyft instead!",1,2024-12-03 13:03:22,0
Kind and nice drivers. God bless you all.,4,2024-12-03 12:57:27,0
"Wrost app , loading very slow, and slow response",2,2024-12-03 12:51:20,0
At last working in İzmir. Waited this for years,5,2024-12-03 12:48:17,0
On time & smooth riding thank you UBER,5,2024-12-03 12:40:20,1
"Good experience - airport service was real good. Once we had our bags I ordered a ride, less than 5 minutes the driver was there.",4,2024-12-03 12:35:45,0
Smooth ride and immaculate car,5,2024-12-03 12:33:06,0
"I have one huge problem - every time I book a ride, the driver keeps calling to bargain for a higher price. They keep asking for much higher prices and this is before they come pick me. There is no support where I can immediately report a driver for asking me a price higher than what was shown when booking.",3,2024-12-03 12:25:43,0
"Chipo kind , professional young man. All the best for the future!!! 😄",5,2024-12-03 12:17:48,0
"Uber one is hard to cancel, but you can text your problem to Uber, then Uber will cancel the subscription and reply to you by email.",4,2024-12-03 12:13:03,0
"Excellent service, nice behaviour",5,2024-12-03 12:12:05,0
Always show less price than other apps...,5,2024-12-03 11:54:17,0
Good service for new to city... because they don't know exact fair transport charges to their destination.... very helpful to strangers thanks uber,5,2024-12-03 11:51:56,0
"I paid the driver online and he didn't even registered that payment as done, now the app show that the payment is pending. And even after contacting support I got no response, this happened with me twice. No support.",1,2024-12-03 11:44:37,0
I will be very surprised if my rude gets confirmed within 5 min......so poor,1,2024-12-03 11:31:55,0
Driver OTP le kar deliver cancel Kar deta hai or 140 rs charger dekhata hai anand vihar railway station me,1,2024-12-03 11:23:21,0
I was charged way too much for a 10 minute ride with no surge. If I would have known that getting a ride would cost almost 30 dollars I would have not counted on Uber. I feel that the driver and myself were ripped off.,1,2024-12-03 11:19:28,0
For my experience. In the app it shows 165 and after dropping the location. Cab driver told your charge is 265 . I said how it's possible. In driver app they show the photo. And in my app it's shows 165. Very bad experience. I would not recommend anyone,2,2024-12-03 11:16:48,0
Uber driver asks for location and cancels everytime. Did it 4 times still didn't get the cab. Very frustrating.,1,2024-12-03 11:16:12,0
Very bad service I am disappointed with uber,1,2024-12-03 11:01:27,0
Fares are not showing please fix it.,3,2024-12-03 10:51:53,0
"Every time I use the app, it tells me a car is 3 minutes away. Then, when I book it, it jumps to 15 minutes away.",3,2024-12-03 10:46:53,0
Very important items for our daily life ♥️,5,2024-12-03 10:45:13,0
"absolutely one of the best apps ever made ,I highly recommend this business",5,2024-12-03 10:19:56,0
Have you started new way of begging for more money from users? Leave tip so then driver will accept your pickup. Seriously? This is how you force users to pay more money.,1,2024-12-03 10:19:20,35
Excellent!! 10 stars if I could!!,5,2024-12-03 10:06:59,0
Don't opt uber ....!!! Ull see one price at 1st when you book a cab .... When you at the drop location you will have other price much higher than that ..... For example when you are booking it shows ₹461 and when you are at you destination it shows ₹782 ....... Dokhaaaaa!!!!!,1,2024-12-03 10:06:10,1
3 Dec 2024: I am giving them one star despite using it because their customer care replied in a smart manner (sarcastic/read illogical to outright rude).,1,2024-12-03 10:00:43,0
Helpful in needful times. Thank you for your service.,5,2024-12-03 09:56:27,0
Love it. Works great.,5,2024-12-03 09:53:41,0
Is a good way to get around when needed my only complaint is that only certain cards are accepted as payment. Also and getting charged and the wait time to get refunded takes two weeks to get. Otherwise it's fair to midland,4,2024-12-03 09:44:30,0
Uber shuttle service is very good for office going personal. I recommend everyone to try it for daily commute.,5,2024-12-03 09:16:49,0
Piss poor setup. Can't set destination on map without iterating 3 dozen times,1,2024-12-03 09:14:26,0
They don't let customers know if the driver is a sex offender.,1,2024-12-03 09:14:15,1
Comfortable ride thanks,5,2024-12-03 09:13:06,0
Much better than ola service,5,2024-12-03 09:01:19,0
Fare is comfortable 🙂,5,2024-12-03 08:54:12,0
I tried to book a ride on uber but when I booked a ride it's show's a different pickup and also it didn't show me the map so I can correct it also they charge money on cancelling the ride. Even if the driver has cancelled it. That's the thing that make this service unworthy. Maybe other same service apps are costly but they provide efficiency. So much better then uber,1,2024-12-03 08:36:48,73
Perfect timing And good behaviour,5,2024-12-03 08:35:56,0
High prices. Go taxif,3,2024-12-03 08:31:04,0
Bad service and worst user experience,1,2024-12-03 08:30:07,0
"I had a great experience using Uber! The app is easy to use, and the driver arrived on time. The car was clean, and the ride was smooth. I appreciate the transparent pricing and the safety features like real-time tracking. Thank you for providing such a convenient service!",5,2024-12-03 08:27:40,1
Today I booked cab but it is not booked and taking lot of time. Plz do not use uber. Very bad service.,1,2024-12-03 08:16:37,0
"Just an FYI if you are booking a return trip form MEL airport, I cancelled when the plane landed because the driver was 50min away and was charged $35 for cancelling. I have no recourse, nor can I actually contact anyone. Don't prebook rides unless they are from your home.",1,2024-12-03 08:16:03,1
No way to see price without creating an account,1,2024-12-03 08:07:16,0
"Everything so far has been exceptional, no issues to speak of so I will continue to use them.",5,2024-12-03 08:04:54,0
One of the best. Excellent work 💯💯💯👌👌👌,5,2024-12-03 08:01:21,0
Better than taxi cabs,5,2024-12-03 07:56:00,0
Nice and fast service.,5,2024-12-03 07:54:56,0
Have you given liberty to drivers to do as they please? I have faced streak of 8 consecutive cancellations. Do their ratings not drop? I mean our ratings drop if we cancel the ride. But for them it seems like Uber has given them a pass...,2,2024-12-03 07:48:56,0
Gets me where I need to go.,5,2024-12-03 07:36:25,0
"Tried to pay with paypal, tried to pay woth cash. Demands credit card... in the netherlands fcol. Noone uses creditcards here, let alone paypal. They kept demanding different payment money. Bottomline, my money is not good. Bye Uber (garbage)",1,2024-12-03 07:21:58,0
Please take action against who are able and not pick up ride,1,2024-12-03 07:05:19,0
No use in case of dire need and drivers always charge higher than the shown amount,2,2024-12-03 07:03:44,0
"First time Uber user here. The apps and registration including payment are easy! The price is reasonable, the driver was so nice too.",5,2024-12-03 06:58:08,0
Better than lyft by far.,5,2024-12-03 06:56:50,0
"PERSONAL EXPERIENCES 2 TIMES BAD DRIVERS TAKE UNSAFE ROUTES FOR MAYBE SOME ILL INTENTIONS. MAYBE ITS IMPROVED. NO ORGANIC BODIES USING. NO PO@RN. NO FU@CKING. nr I wish 🤞 gods watches all of the drivers and passengers using your application. nr I wish 🤞 GODS watches all of the applications in all softwares. Angel said ""The day I get engaged 💍 worlds will be destroyed permanently & completely."" 😉 😉",1,2024-12-03 06:55:36,0
Being extorted on the return trip.,1,2024-12-03 06:50:01,0
Excellent and safely drive,5,2024-12-03 06:45:59,0
95% Excellent; on only one occasion in my experience did the driver lose his way and go the long way around.,5,2024-12-03 06:08:25,0
Great driver and ride was painless. Thank you 😊,5,2024-12-03 05:58:00,0
Driver was so nice and chatty a credit to your company,5,2024-12-03 05:25:26,0
Customer care service need to be improved.,4,2024-12-03 05:17:49,0
Unhappy with waiting the time for an Uber and then when it's 2min away it switches to a different driver and have to wait even longer. With it being cold outside it's unacceptable.,3,2024-12-03 05:00:43,0
It's too extra you have to go to the extreme to just create account I'd rather do lift,1,2024-12-03 04:56:52,0
a great experience. My driver was right on time. Even in this terrible weather she was awesome. Definitely use again.,5,2024-12-03 04:41:24,0
Very safe and comfortable,5,2024-12-03 04:37:51,0
"Brilliant service, but the AP is a bit confusing as I didn't realize that there were more screens to complete",4,2024-12-03 04:22:22,0
Good sarvise car bnice,5,2024-12-03 04:22:13,0
"Get lost with your CO2 stats. I want to create more CO2, not less",1,2024-12-03 04:01:21,0
I like the service but the app now requesting access to all files and images on my device is not acceptable. This is non of Uber's f***ing business.,5,2024-12-03 03:59:13,0
"Sad to say the execs at uber have let greed overtake them..the peak hours, fewer drivers, or bad weather situations and watch out, it's tantamount to PRICE GOUGING..... LYFT has been consistently $10.00 cheaper even during normal ride situations... Sorry uber, the Lil guy is just trying to get by much like how you're just trying to get over on the Lil guy, it's mutual, Se la vie.",2,2024-12-03 03:44:00,0
"support is abysmal. pre-typed responses that absolutely do not cover all bases. no ""other"" option. no ""speak to a human"" option. only pre-typed responses that are often useless. this is definitely by design.",1,2024-12-03 03:43:19,1
My experience was very great and I enjoyed the conversation with the driver that we was having.She's wonderful and I will suggest her to anybody,5,2024-12-03 03:38:41,0
"Ubers pricing is ridiculous, especially since I know that they aren't paying the drivers enough, I used to pay 7-10 dollars for a 7 minute trip to work, but now it's more than double for the same trip, there is absolutely no reason they should be charging 17-20$ for a 7 minute trip, it's absolutely outrageous and predatory, my advice, find a cheaper alternative.",1,2024-12-03 03:26:46,42
"Good but don't book an airport trip, not fair with late airline cancellations",3,2024-12-03 03:19:49,0
I couldn't find my pin after a few minutes. I should never leave the screen until the driver has the pin put in.,4,2024-12-03 03:06:43,0
Happy and will do it again.,5,2024-12-03 02:52:30,0
"I'm content with how the app works when I want to use it. But I'm deducting two stars for it sending me push notifications with offers even though I've opted out of getting push notifications with offers. It is convinced I have teenagers who are in need of Uber or Ubereats and keeps sending me notifications with offers for my non-existent teens. Dear Uber, I have zero offspring. I have a 15 year old but she is a DOG and is not allowed to order food. She also dislikes car rides.",3,2024-12-03 02:52:06,1
Slow nonexistent customer service their going to get sued for it 100% Uber one at this point is malicious subscription at this point,1,2024-12-03 02:44:33,0
No drivers found after waiting for almost 2 hours,1,2024-12-03 02:41:02,0
Very very good service and price,5,2024-12-03 02:37:13,0
Drivers only like cash,1,2024-12-03 02:07:04,0
Proffesionalism of highest order,5,2024-12-03 01:59:26,0
Unable to use it at all. Uber has determined my cell phone number to be not good enough.,1,2024-12-03 01:54:45,0
App's drivers are good but don't pickup the ride easily,2,2024-12-03 01:51:57,0
"I had exactly 100.00 on card first ride was 6.03, ending 8.92? I don't see on my account I see 8.53, I see 8.52,4.25 ,0.05 2.42 1 ride to store 1 back, they took all of 27 and still said I owe, I requested trip driver cancelled they charged me I'm really annoyed at the fact you use your monies they turn 2 uber cash, impossible to use, impossible to contact, they close chats never answer so I'm file a complaint.charge you for wait time, but waiting is lower price, but they charge me for it. 😡😳",1,2024-12-03 01:45:33,0
Clean car. Took nice short cuts,5,2024-12-03 01:34:50,0
"Uber is allowing drivers that were previously terminated and deactivated in Minnesota to re-apply to drive as of December 2024. I've already had sketch drivers in the past. Also with the new minimum pay law passed in Minnesota for rideshare, I will no longer tip drivers. Uber should lobby to have some of the new regulations reversed.",2,2024-12-03 01:31:08,0
"App performs as expected. What I'm really pleased about is that Uber Green is now available in my city; the inability to request efficient vehicles has historically made me avoid Uber/Lyft/etc like the plague, but this is fantastic. Now y'all just need to let us request an efficient vehicle for Uber Eats and there will be no deliberation over which delivery app to use either!",5,2024-12-03 01:29:31,1
Very Helpful.. also affordable price pack,5,2024-12-03 01:29:05,0
Gotta love the Uber. What a concept and only made possible by that damn technology I abhor so much. I miss the simple times of not so long ago but this is one thing good born of the present. Only recently took my first ride and now I'm hooked. Kind of like Goggle and what would you do without it? That's my story and long live Uber!,5,2024-12-03 01:26:50,0
I've ride with Uber several times and have never had a bad experience.,5,2024-12-03 01:25:55,0
User friendly and works beautifully,5,2024-12-03 01:16:18,0
"Great service, on time, friendly, helpful",5,2024-12-03 01:11:57,0
Service has become poorer and poorer over the time. Algorithm are geared toward maximum profit for the firm with zero regard for the customer. The drives are now expensive most of the time 3 times. And algorithm pushes to book expensive category or otherwise scares for extra wait time.,1,2024-12-03 01:11:26,0
I am having a better experience every time I am using this platform.. I will defenetely recommend to everyone who is willing to have a safe and enjoyable ride,5,2024-12-03 01:11:05,0
I appreciate this taxi service. It's helpful if the bus route is too long or the e- scooter isnt charged . The drivers are really hardworking people and friendly.,5,2024-12-03 01:00:28,0
Good people is there ❤😌,5,2024-12-03 00:58:53,0
"As a 1st time user, all went well.",5,2024-12-03 00:55:35,0
Even I can figure out how to use this app.,5,2024-12-03 00:52:05,0
Best aap in the world,1,2024-12-03 00:51:58,0
Good app good drivers and good trips,5,2024-12-03 00:42:37,0
They take long for the driver to confirm and the drivers take longer to arive,1,2024-12-03 00:39:06,0
Friendly and sociable,5,2024-12-03 00:32:53,0
This is the worst app. Customer support is non existent. Its absolute garbage. If you use this app keep a close eye on your bank and cards because it is riddled with scammers and there is no support to help you if you lose money to a scammer. Users Beware.,1,2024-12-03 00:30:06,1
Horrible time estimations. Says it's gonna take 2 minutes and I've been waiting in the freezing cold for 20 minutes now. Switching to Lyft after this.,1,2024-12-03 00:18:22,0
"Had a very bad experience with uber everytime I book the cab it shows me lower price and when the trip got completed they show double price, very much dissatisfied they are doing fraud....",1,2024-12-03 00:06:08,0
"Friendly, knowledgeable about the area",5,2024-12-03 00:03:34,0
You quoted me a price then charged me 15 extra,1,2024-12-02 23:54:47,0
"It was a good one, the driver was kind and drove nicely. Generally I enjoyed the ride",5,2024-12-02 23:54:08,0
Constant Cancellation. Lack of drivers. Useless in the morning. Takes money before even finding a driver. If your in a rush and are desperately trying to find a quick driver it says card declined and have to use another app.,1,2024-12-02 23:54:04,1
Worst app dont donwload ....the drivers even after taking payment puts it in your side and the app keeps showing that you have to give payment in next ride and even the app doesnt reverts that back .... Prefer trying rapido for cabs or autos even prices are inflated in this app .... WORST APP ...,1,2024-12-02 23:53:41,1
Best Service all times,5,2024-12-02 23:51:10,0
Fast efficient and friendly service.,5,2024-12-02 23:50:36,0
"I have been an Uber One customer for a long time, yet I'm charged more for every ride. I have been checking with standard Uber users, with same start, destination, and time, like today, one user without any promotion applied was $7.?? As I was $15.?? And even with 6% cash back, ARE WE PAYING TO HAVE THEM RIP US OFF? Onthe way I went to order food with free delivery and the buy o e get one free pizza it was more in fees than a second pizza is worth! This is a company that has no integrity!!!",1,2024-12-02 23:48:18,1
Great cab booking app with low rate booking,5,2024-12-02 23:40:17,0
Worst day ever went to work in a hurry got on ubber there was pee on the seat were I sat down so disgusting 😭😤,1,2024-12-02 23:32:26,1
"After cancelling the ride, you won't get refund amount! It's been 2 weeks now! I'm still waiting for the refund. No response from the customer help center.",1,2024-12-02 23:29:53,0
My driver today was great. Very professional.,5,2024-12-02 23:29:06,0
I'm trying to cancell all uber payments,1,2024-12-02 23:27:58,0
"When the drivers don't want to do your trip,this service becomes useless.",1,2024-12-02 23:21:55,0
She's good on what she does,5,2024-12-02 23:16:39,0
"It was a good drive, safe and fast enough to get me to my destination on time. Love it",5,2024-12-02 23:14:36,0
horrible application. they take the money the driver never shows and they don't refund me.horible experience,1,2024-12-02 23:10:44,0
Customer support is a joke. Only drivers can get help. Now they are charging for trips that the driver doesn't show for. Do better uber and give customers a support option. Been trying to contact support for a week now with no response.,1,2024-12-02 23:09:53,3
"Since 2019, I have been using the uber and I had the first worst experience with the driver today, it really upset me at the same time I'm really annoyed by his behaviour towards me, while I'm heading to my workplace. He kept on moving backward while I'm almost at the end of the seat holding at the back guard tightly, he chose the rough sides of the road and made me really uncomfortable. I requested him properly to ride safely but he repeated twice. The end I yelled at him to ride carefully",1,2024-12-02 23:04:43,3
It is an amazing app that eases me from stress,4,2024-12-02 22:48:07,0
Easy to use app....Excellent drivet,5,2024-12-02 22:40:42,0
Very easy to request a ride and share it.,5,2024-12-02 22:26:17,0
I'm not the kind of person to spend the time to give compliments but I have had really genuine people that actually care about somebody give me a ride and I want people to know how much I appreciate them,5,2024-12-02 22:24:59,0
"Experience as a female travelling alone, driver then added a charge a day later trying to take advantage. I have reported it to uber as only just seen the invoice on my card. I will post his driver details avoid at all costs... waiting for uber to find a resolution remove the drivers ability to do this without proof and refund me. I will name and shame.",1,2024-12-02 22:20:41,1
No feature to report taxi drivers that overcharge or refuse to accept the ride because is too short. Something that happens often in Greece,1,2024-12-02 22:18:30,0
If you cancel they charge you more next time,2,2024-12-02 22:02:01,0
I am grateful for this service in my area 😊,4,2024-12-02 21:51:36,0
auto driver charged me 230 rs instead 173. still amount not refunded seriously worst experience I I'll never book Uber am uninstalling,1,2024-12-02 21:49:40,0
Clean and healthy cabs with good driver behaviors,5,2024-12-02 21:48:57,0
There is no good customer service,1,2024-12-02 21:45:43,0
Drivers are always courteous and punctual.,5,2024-12-02 21:44:41,0
Uber sucks hardcore. You now have to order all rides in advance. You cannot schedule for immediate pickup it takes you into schedule a ride then it says one is available in 15 min but then you get an error cuz you have only schedule a minimum of 30 min in advance. Until you change this I will be using lyft,1,2024-12-02 21:44:25,0
All the drivers I've had have been very polite and pleasant. On time and drove safely. I definitely recommend DeAngelo!,5,2024-12-02 21:36:42,0
Best of for travelling,5,2024-12-02 21:36:39,0
Uber is always fast efficient in the drivers are very courteous friendly and professional,5,2024-12-02 21:34:08,0
"The driver act like they are doing you a favor more than a paid service, as well as the time that you have to figure out where the car is when you arrive. The GPS always takes the longest route with the most construction. The pricing is competitive & and fare, but the wait might be the equalizer to how fare the price but not the service. I use both lfyt & Uber as a means of transit & lfyt may be a bit more the cars. Drivers are a bit more accommodating, but Uber was the first n will always be ok",2,2024-12-02 21:32:07,2
Very safe and convenient.,5,2024-12-02 21:27:00,0
The worst and terrible app I have used. They will charge at a fixed cost and the drivers won't accept pre-paid payments because they want more payments from the customer. I personally had a horrible experience of booking a cab and the driver dropped me off from the car forcibly asking for more money in the middle of the night and the driver had a very harsh behaviour with me asking more money to give in hand other than paid in app. They will not consider your situation rather will demand money.,1,2024-12-02 21:17:53,0
Great rides from top rated drivers!,5,2024-12-02 21:15:50,0
Good one. Real clean car nice guy,5,2024-12-02 21:12:37,0
worst app dont install it. changes prices and drivers are very rude no safety no support nothing. for women its highly unsafe.,1,2024-12-02 21:11:04,0
"Experienced driver , with excellent driving and communication skills.",5,2024-12-02 21:09:42,0
Can never see the cab on my screen once I successfully book one. Can't lead the driver to me without any hassle. Very bad experience. Hence reducing from 5 star to one star. Kindly fix ASAP.,5,2024-12-02 21:05:13,7
Never got a cab on time please shut ur business.,1,2024-12-02 21:03:56,0
"The app update is not very user friendly, it is slow and inconvenient to navigate, it won't even let me track my ride when requested for by someone else",1,2024-12-02 21:01:40,0
India No.1 public and goods transportation services,5,2024-12-02 21:00:17,0
"Hey uber team, from last few days i am seeing 76rs as auto price for nearer places and also farther places. Need really help on this , I was using uber regularly before , but because of this issue I stopped using this and using someother app instead , hope you people fix this issue asap , so that I can use uber again",1,2024-12-02 20:50:34,1
"Never had an issue. Always my go to! 🙊🙉🙈 < This comment was my first, now let's update. The prices for my morning commute is inconsistent. 36 for a round trip was the average, and now some mornings soar to 55 for a round trip. It would be understandable if the vehicles were up to date, in good condition, or had a decent smell. Overall, you get want you pay for, but just hear out some of you customers Uber.",5,2024-12-02 20:48:37,0
"Excellent service! Uber's app is seamless, efficient, and reliable. From easy booking to smooth rides, Uber has made transportation hassle-free. Kudos to the team!. 5/5 stars!",5,2024-12-02 20:46:13,0
"Gets me where I need to go. I would love drivers to disclose when recording. The new comfort feature is cool. Sometimes, I have the coolest driver and want to rebook.",5,2024-12-02 20:46:12,0
"Worst app and membership program ever. Customer service is useless, and if you have a problem with any of your food items, don't think they will refund or replace anything. They charge you randomly and more than they are supposed to. When I went to cancel my uber one membership,they convinced me to keep it and charge me $1.99 for the next 3 months, so I kept it. Days later I was charged $3.00 and then $9.99 again. Customer service told me it was a pending charge and would not go through but nope",1,2024-12-02 20:43:56,239
Very easy to download App and use while at Melbourne Airport Terminal 2 at 12 midnight. Got my taxi within 5 minutes of requesting for taxi. Automatic payment and tipping via Google Pay convenient and effective!,5,2024-12-02 20:33:06,0
"Worst Payment System, Showing one amount to driver and another amount to passengers very bad",1,2024-12-02 20:32:16,0
I had a very sweet lady drive me home and she was great! Thanks,5,2024-12-02 20:24:03,0
No coustomer care number is give in app and no solving complaint when I send in chat box and his auto driver is extra money when is drop on location. I suggest all people Don't book ride on uber app it is a fake application,1,2024-12-02 20:21:15,0
They make it real nice.,5,2024-12-02 20:21:00,0
"I am very disappointed with Uber's service. Since last week, I am facing the problem of drivers not accepting rides from my area even though it is a prime location in Bhopal. Despite being close, drivers refuse to come. Please do one thing when I enter the pin code of my area, the app should reject the booking itself so that I don't waste my time trying. If you can't provide service here, please stop operating in our area. Seriously Uber is providing such poor service.",1,2024-12-02 20:17:20,2
"Very bad experience wait time is always too long drivers first accept the request ride then after cancel it chutiya Uber, bhadwe driver.",1,2024-12-02 19:59:26,0
Its so expensive. The rate is unreasonable. Its like im going outside Doha with the fare rate!,1,2024-12-02 19:55:10,0
"It worked great TWICE, then, it said that PayPal wasn't an acceptable payment. I tried entering a debit card in the UBER app, directly and it wouldn't take it either. 12-2-24 edit It works great. Out of about 60 rides in the last few months, only 1 driver did a no show, and I did a reverse charge through my bank. But, like today, the driver was very nice and safe. Nirebi is a gem. Thanks.",5,2024-12-02 19:53:43,5
Very good fast .. quick,5,2024-12-02 19:49:17,0
Very good. Behaviour of driver was nice,5,2024-12-02 19:49:13,0
"Had a great ride , was totally worth it and keep up the great work❤️‍🩹🔥",5,2024-12-02 19:35:40,0
I don't know what's wrong with uber these days whenever i m in hurry my ride can't be booked sometimes i feel why i installed this app so uber i m gonna uninstall you now with this hope that u fix these issues soon byee.....i m fedd uppp with your glitches,1,2024-12-02 19:20:15,0
"My experience while using this app has been awful these last few months - I can't change my display to 'dark' mode anymore, and I keep on having to use a 4 digit code that is sent to me via SMS to be able to log in (I can't stay logged in either), and after I complete this process I receive an email informing me about a 'new device log in' like the app doesn't recognise my phone anymore even though I have had the same phone for the last four years (my number hasn't changed either).",1,2024-12-02 19:18:12,16
Convenient and easy to use,5,2024-12-02 18:59:18,0
Worst app ever endless cancellation and can't even exit the situation the app just keeps on going to find other rides.,1,2024-12-02 18:52:05,0
The service is good & prices arre affordable ⭐⭐⭐⭐,4,2024-12-02 18:44:44,0
Long time waiting ride,3,2024-12-02 18:44:34,0
"I book ride and i pay from paytm, but transaction take time. In maximum time this type of transactions are failed i think it failed. But after 2 minutes its show paymet successful. But i also pay cash between that cab driver go no fault of cab driver. When i message customer support there is No solutions in uber app",1,2024-12-02 18:42:22,2
Good experience of ride safe,4,2024-12-02 18:38:37,0
"As a first time user, the customer support system i got was very very poor And rapido was better than this for customer support",1,2024-12-02 18:37:14,0
Awful app.. Doesn't let me log in my account.. Pathetic,1,2024-12-02 18:31:19,0
The pickup was nice the driver was nice the vehicle was clean the only thing I didn't like is that they had the address wrong for the pickup so I had to walk a block to get picked up on time,4,2024-12-02 18:24:01,0
Vere bad app no response one of the worst ride in my life,1,2024-12-02 18:19:15,0
One of the worst app i stuck an emergency I book uber and failed many times very worst and disgusting🤢,1,2024-12-02 18:17:40,0
"One of the best way to travel because it is affordable, safe and very much comfortable.",5,2024-12-02 18:14:14,0
I'm not able to pay my outstanding balance because no payment option no proper support from Uber,1,2024-12-02 18:12:09,0
Worst app never work on time,1,2024-12-02 18:11:43,0
Punctual and polite. Got us to the airport early this morning with no worries!,5,2024-12-02 18:02:51,0
You people have the worst service ever being used.,1,2024-12-02 18:01:31,0
Best service company👍,5,2024-12-02 17:54:23,0
Uber service is very professional and reliable plus the drivers are friendly and helpful. Great Service Everytime. Thank you Uber,5,2024-12-02 17:44:46,0
On time and very respectful,5,2024-12-02 17:44:21,0
Uber has brilliant service and drivers.we just need more drivers in sunridge area,5,2024-12-02 17:43:50,0
Maintain life time quality work keep it up 💪,5,2024-12-02 17:42:58,0
"No customer, no discounts,over rated. Not safe to travel in auto.",1,2024-12-02 17:35:50,0
Unsubscribing is a 4 step process. Illegal,1,2024-12-02 17:30:47,0
Very bad The app did not show correct fare while booking Fare was raised double on drop,1,2024-12-02 17:20:10,0
Reliable and efficient.,5,2024-12-02 17:11:55,0
It's good and comfortable,4,2024-12-02 17:08:33,0
Service late but price reasonable.. pls work on more convence.,5,2024-12-02 17:04:26,0
Ride accept hone k bad cancell hoti rehti h bakwas experience,1,2024-12-02 16:55:48,0
Low price with fast service,5,2024-12-02 16:54:34,0
"Worst Customer service in USA. I lost a bag in an Uber in LA on Wednesday 27th November, and till now I haven't had any response from the driver. Uber Helpline assured me that they also tried multiple times but also unsuccessful. They keep saying that the driver is unavailable and left a notification on his app. They would also notify me if any response from the driver, but still nothing.",1,2024-12-02 16:53:46,2
"All positive, it's been good.",5,2024-12-02 16:52:06,0
"The app used to be pretty good, but now it has become almost unusable. It takes ages to find a driver, and when you finally find one, the driver ends up cancelling the ride after a few minutes anyway. Absolutely horrible service. Other apps like Rapido take 5 minutes tops to connect you with a driver. Never using Uber again.",1,2024-12-02 16:49:31,159
"Great service, safe and convenient.",5,2024-12-02 16:47:30,0
Don't have any complaints.,5,2024-12-02 16:44:04,0
Id rate it 5 but my S3 card isn't showing,4,2024-12-02 16:36:19,0
Taking more time waste of time,1,2024-12-02 16:31:36,0
Best experience than rapido and ola also cheaper than other 💞☺️,5,2024-12-02 16:26:58,0
"Great cars great drivers,",5,2024-12-02 16:26:20,0
Very good aap and the price also reasonable to other aap and the driver also trustable,5,2024-12-02 16:26:15,0
very good and exciting in all the public transport,5,2024-12-02 16:16:38,0
Felt comfortable with the drivers so far,5,2024-12-02 16:08:28,0
In madurai everyone ask extra money and uber just teasing along with drivers as like taking complaint. But nothing doing,1,2024-12-02 16:04:47,0
Fake price on app worst app,1,2024-12-02 15:51:18,0
Some time it's showing writing too much,4,2024-12-02 15:44:24,0
This trip was very good from Sangli to Pune,5,2024-12-02 15:24:24,0
Very use for your concept very well or better for near to other street dropping..,5,2024-12-02 15:17:27,0
Using Uber for the first time and I couldn't be happier. I am loving the experience and will surely use it more often. Thank you so much Uber ride and Uber eats! 😁,5,2024-12-02 15:17:18,0
Horrible and awful I ordered and paid Service fee and Delievery fee and didn't get what i should and deserve food quality was bad and somw thing was missing but they ignore it.. I cannot even get refund this basic stuff?,1,2024-12-02 15:04:19,0
Uber charges a premium compared to other taxi services. Please reduce it.,3,2024-12-02 15:03:12,0
Overall this is a good app but still there are problems in getting pick up location and drop location .,4,2024-12-02 14:52:23,0
Very cheeting not customer drivers f........uber,1,2024-12-02 14:51:03,0
"need there your riders or your vehicles more areas like tellapur , kistareddypet that is except this wonderful about the uber shettle ride",4,2024-12-02 14:43:19,0
"Driver cancel karta aur paise humse lete hai, bohot ghatiya app hai",1,2024-12-02 14:37:00,0
Good service resnable rate of service,5,2024-12-02 14:35:11,0
But the location it's not good 👎,5,2024-12-02 14:30:57,0
No cabs available anywhere. They don't know how to operate a cab service. Unprofessional and not sincere about the business they have.,1,2024-12-02 14:26:37,0
There are so many things to be improved. 1. Uber driver should not cancel the trip once he accepted. 2. Don't increase the price after the trip has started. It annoys the loyal customer. 3. The customer are annoying when the drivers do unnecessary cancellation,2,2024-12-02 14:21:53,2
Affordable.. For years I used to feel indifferent about their pricing in comparison ...,5,2024-12-02 14:19:04,0
"Uber would take all awards if there ever was a competition for which app can leave all its users enraged. Your customer service is a joke, you don't pay your riders well, they charge extra and regardless of numerous complains, there's no change. Once, I had to pay a driver extra 40/- and then I raised a complaint, then Uber ""refunded"" me 40/- as uber cash, and guess what, the ride prices were hiked up by 40/- on my account only, I checked on other ppl's phone, no such price hike.",1,2024-12-02 14:09:21,0
"Since becoming disabled, life is different becoming dependent, really stuck in the house with no transportation. Long story short not depressed anymore and my days are better with my Uber. I see my family and friends even though I can't walk as fast or drive. Uber allows me to get out and most importantly be there for my daughter and keep up with her...so thanks a million.",5,2024-12-02 13:55:18,0
My last 2 trip were hilarious. Disaster customer support. Even Rapido and Ola has excellent service.,1,2024-12-02 13:48:30,0
"All okay, Card payment setup not working properly.",3,2024-12-02 13:45:05,0
They brought me a gift card now I can't use it because of the system they have🚩,1,2024-12-02 13:44:35,0
Always on time. Never disappointed : ),5,2024-12-02 13:40:09,0
very prompt a good around,5,2024-12-02 13:36:30,0
I am really very upset with this app...it glitches too much firstly it wasn't open then is cleared my app history and then when i book cab i have already received the otp and driver details but it again start the process of finding driver...it waste my time .,1,2024-12-02 13:30:27,0
Promote this app in yavatmal and wardha also,4,2024-12-02 13:29:31,0
"Third time an airport transfer is cancelled last minute and no alternatives are offered. Waste of time and complications for my travels, no point in relying in them",1,2024-12-02 13:19:59,0
Very fast service at affordable price.,5,2024-12-02 13:19:26,0
it used to be the best app setime back but now it's becoming the worst app... drivers can't find the location and ask you to cancel the rides and also they won't come on time also.,1,2024-12-02 13:16:13,0
Pathetic Customer Support Experiece. Charge high and then there is no way to talk to customer support executive. Reply time is extreme high (7-8 hrs). Several other options available. So uninstalling this pathetic app and going with OLA and others,1,2024-12-02 13:12:11,1
"Nice drivers, but wished they made more.",5,2024-12-02 13:01:28,0
Fast and efficient driver,5,2024-12-02 12:56:30,0
Best service. Sometimes uber driver call and speak extra money for the trip,5,2024-12-02 12:54:19,0
"It has so many problems, price sometimes showing more,drivers not being able to contact me then cancelling the ride",3,2024-12-02 12:50:09,1
Driver was friendly and Is a very good driver,5,2024-12-02 12:43:23,0
Finding driver is very slow process,4,2024-12-02 12:28:22,0
what the hell Uber ? for 15 min journey your charging me 45£ is that a joke or what? use some basic calculations on your fares. worst fare system. I don't have an option for 0 stars here,1,2024-12-02 12:28:15,1
I got rikshaw ina vary short time.driver was polite,5,2024-12-02 12:27:37,0
Easy convenient n cheap...perfect,5,2024-12-02 12:26:12,0
Very good driver and behaviour was so good.,5,2024-12-02 12:23:43,0
Please use this for travel I am very happy to that is one of the affordable price app for your comfortable rides....👍👍👍,5,2024-12-02 12:19:31,0
Overpriced these days,4,2024-12-02 11:55:28,0
Very bad service in uber,1,2024-12-02 11:47:04,1
Driver cancel the ride and still got paid $9 when he never follows instructions and Uber automatic take the whole money and not wait till the ride is complete...Lyft waits till the ride is complete then post the charges,3,2024-12-02 11:41:23,0
I am very disappointed IN Uber. They keep in deducting R50 from my account. I deleted my account on Friday and then on Sunday again they deducted. I need someone from Uber to contact me immediately otherwise I will have to report this to the authorities,1,2024-12-02 11:38:08,0
Very active app safe and quick,5,2024-12-02 11:23:22,0
Driver is punctual... and good nature,5,2024-12-02 11:16:00,0
This is the worst app I have used. The cancellation charges are more than the ride itself. I am very disappointed and I would not recommend this app to anyone. Please do not use this app.,1,2024-12-02 11:14:07,2
Easy to use excellent service.,5,2024-12-02 11:13:15,0
More fastest pickup and lowest price and I felt a nice day,5,2024-12-02 11:12:28,0
"This app is getting ridicule, I ordered a 15-20min ride two times and each of the drivers accept the order while arriving 18-20 minutes, them.being in another drive.",1,2024-12-02 11:11:31,1
Useless app price hikes and scamming,1,2024-12-02 11:11:18,2
Super drive safety is nice good Driver,5,2024-12-02 10:51:36,0
Wayne was absolutely an exceptional driver and host.....great experience!,5,2024-12-02 10:50:16,0
"Wrong Order, No Refund"" ""I ordered a simple meal, but when it arrived, it was completely wrong. I received someone else's order! I called Uber Eats to ask for a refund, and they said they couldn’t help me. I’ll never trust this service again.""",1,2024-12-02 10:50:14,1
First it was taking a long time for confirming the driver and there is no option to cancel the process. So I closed the app. Then I took auto rikshaw and after 10 minutes I recd call from driver. Had to cancel and paid for nothing. Pathetic. Just money making trick by uber,1,2024-12-02 10:39:24,0
"Reliable works well. Customer service was responsive, unlike airbnb, grab Uber is better than Grab",5,2024-12-02 10:37:03,0
Excellent serv8ce.. fast and safe,5,2024-12-02 10:29:18,0
It very convenient when you don't have a car,4,2024-12-02 10:27:28,0
"In general Uber is a great way of transporting people much better than a taxi. I had used Uber for the 1st time and 2 great experiences with 2 uber drivers. I went to Lort Smith Animal Hospital. But to come back home the driver accepted the ride and then said I don't do animals and he became very aggressive, agitated. I cancelled the ride while he was still standing outside his running car, complaining and asking me to cancel it. I'm new using Uber, I had to pay him $10 and asked x an uber.",5,2024-12-02 10:25:51,0
I love Uber and Uber eats,5,2024-12-02 10:22:42,0
Still figuring it out,4,2024-12-02 10:08:20,0
User experience with this app has really declined over the years.,1,2024-12-02 10:03:54,1
On time pick up very nice,5,2024-12-02 09:58:32,0
Customer service not support,1,2024-12-02 09:54:25,0
"This app service was good, now it is worst. Never get a cab in my home location even in cash payment. Though map show many cab around me, but no one accepting the request. It's search time now increased. That too not solving can rejection problem. Really disgusting.",1,2024-12-02 09:52:10,2
Very good service and usefull,5,2024-12-02 09:49:10,0
sbse bekr application hai 5 din se upr ho gye hai. customer se contact krne k liye driver ko extra payment chali gyi eske regarding,1,2024-12-02 09:47:35,1
Love this app use it all the time!!!,5,2024-12-02 09:45:33,0
Price gouging thieving sacks of $#/T!!,1,2024-12-02 09:38:11,1
Awesome application..,5,2024-12-02 09:37:09,0
Driver behaviour was so good,4,2024-12-02 09:24:41,0
Excellent experience with Hassan,5,2024-12-02 09:18:22,0
Useless app... I Have been trying to book auto for an hour now.. it's not accepting.. I couldn't make it in time... Isn't it for quick ride?? But it's taking so much time to even find a auto!! Disappointed...,1,2024-12-02 09:14:41,1
Not one auto or cab comes when it's needed the most. It is their job to take people where they want and not one accepts the ride especially during rain!,1,2024-12-02 09:14:04,1
Good experience got the cab on time with affordable cost 👍,5,2024-12-02 09:06:54,0
Always a pleasant experience,5,2024-12-02 08:59:35,0
Worst app ever.. no chance to call customer support,1,2024-12-02 08:59:04,0
Good experience with uber,5,2024-12-02 08:48:47,0
World class hostile customer support,1,2024-12-02 08:46:10,0
My experience is good in most of rides.,4,2024-12-02 08:41:08,0
When we are in urgent for office work no one is picking the ride 2 hr no one is picking the ride morning Time,1,2024-12-02 08:36:22,0
"It is a cheating app. While booking the ride it shows as 42 rupees and it increases to 58 while dropping. Because of this, conflict is being created between drivers and us. There was no traffic also. Its their trick to choose their platform when compared to others like ola or rapido. I suggest everyone to prefer ola or rapido. Because their price is fixed and it will not vary like uber's",1,2024-12-02 08:33:41,6
"It used to be the best riding app, but now it takes over 30 minutes to get a driver.",1,2024-12-02 08:24:59,0
"Wrost experience, I never found a cab in time",1,2024-12-02 08:22:21,0
No-one will accept when you actually need Always Taking too long time,1,2024-12-02 08:13:00,0
Charging extra charge for cancelling even the driver has cancelled the ride and not starting before paying the cancellation charge And not any good service support,1,2024-12-02 08:07:18,0
Great service. Uber is my locality travel partner.....at anytime ✌️,4,2024-12-02 07:54:25,0
This company is a joke they take your money and they give you a big rice so they can charge you more I don't like this app,1,2024-12-02 07:50:47,0
Want option to get an uber asap...couldn't see one?,4,2024-12-02 07:47:58,0
"Always takes too long to accept my ride , mostly they don't even accept like for 30 mins straight",1,2024-12-02 07:44:12,0
Very friendly drivers and patient considerate and helpful,5,2024-12-02 07:40:31,0
Davenport uber never showed. Missed my flight Cost me a lot of time and money,1,2024-12-02 07:36:07,0
This has got to be the best ride/taxi service in my area. Easy to use app A++,5,2024-12-02 07:34:50,0
"The scooter app is awful. It will only sometimes show the option to unlock the helmet, thus having to end and restart ride, costing $. No ride/parking zones are not clearly marked on ride map. I've not been able to complete a ride without issue yet! The worst of all the ride options in Brisbane.",3,2024-12-02 07:33:41,4
Very nice driver. Good driver in weather conditions.,5,2024-12-02 07:31:34,0
Great service always 👌,5,2024-12-02 07:31:12,0
Very convenient anytime you need a ride.,5,2024-12-02 07:23:10,0
Never installing the application. Done with the ride and driver (Suraj Pulavale) processed it. And asked to pay on his QR for Rs 101. Later on got to know it was processed as payment failure and now the application is demanding the same payment again. Ridiculous.,1,2024-12-02 07:13:39,0
"Uber keeps on deducting money from my bank account for no reason. On my bank, it is written ""Recurring Card Purchase"" with a description written ""Johannesburg (Card xxxx)"". I don't know what Uber is doing with our banking Information/Data. And removing my banking details from the Uber App has not helped. This App is now a money-making scheme.",1,2024-12-02 07:12:24,0
"Pathetic service, always over charging and never available when required. I would like to go by walk rather than using this hilarious service. Shut it down.",1,2024-12-02 07:09:57,0
Very nice people and respectful,5,2024-12-02 07:09:24,0
Till now experience is good let's see what happens in future,5,2024-12-02 07:05:57,0
Excellent fast service and courteous drivers both trips.,5,2024-12-02 06:57:36,0
"It's gud to travel with uber ,",5,2024-12-02 06:52:36,0
"The service was extremely bad , the behaviour of driver was unacceptable his attitude, the way he was talking..... A person books a cab when he have lot of luggage and a car have a ability and space for that luggage... I really don't even want to give a single or a half star because the service was not even worth that",1,2024-12-02 06:48:03,0
Extremely fast service in Tallinn,5,2024-12-02 06:37:54,0
"Two times, i got pressed with extra charges when i arrived at the destination. And there is no explanation and a simple way to resolve the issue.",1,2024-12-02 06:37:48,0
Not working at this time.,1,2024-12-02 06:21:15,0
My car broken down and had a booked.doctors visit. 11km ride to langwarrin cost 31.00 approx this is a bit expensive for pensioners maybe pensioner discount would help. Driver was very nice and helpful,4,2024-12-02 06:17:43,0
First time in a Uber an it was great I had 3 kids and a lot of luggage it had been already a stressful time but it was on time and the Nicholas was so pleasant person,5,2024-12-02 06:15:09,0
Today I had very bad experience with your service. At the time of booking the fare shows as QR. 14 but later when I reached the location it was showing as QR. 27. This is not an appropriate way to charge extra.,1,2024-12-02 06:04:47,0
lyft is cheaper every single time,1,2024-12-02 05:48:01,1
Very bad. I am waiting for a hour and call many times but no answer and cancell the trip.,1,2024-12-02 05:36:28,0
"Installed the app to get 5 people to the airport. Picked the Uber XL, confirmed, what do I get? A dude in a 5-seater asking if we are willing to sit 4 people in the back row. No way Uber isn't aware of that, they just don't care.",1,2024-12-02 05:30:31,0
Very perfect driver. Able to reach on time,5,2024-12-02 05:26:06,0
"charged me twice showed multiple screenshots to multiple ""representatives"" and they won't refund the second charge when it's clear as day I was charged twice lol. used Uber for 6 years. won't be anymore.",1,2024-12-02 05:24:00,0
Good most of the time,3,2024-12-02 05:15:37,0
I have apparently been banned for violating their terms of services for signing up and not needing a ride until now.,1,2024-12-02 05:13:53,0
"During walking to the pickup location ride for $10 more expensive, and then driver is not 3 minutes, but 10 minutes away. Nice algorithmic scam, well played Uber.",1,2024-12-02 05:12:38,0
I love the ride tracking feature,5,2024-12-02 04:25:35,0
use lyft instead. trust me,1,2024-12-02 04:18:38,0
"When Uber charges us, they automatically use any remaining Uber Cash first, unless we choose otherwise. So, I don’t have to worry about manually selecting it. Huge respect for that—companies these days just try to take more money off our cards.",5,2024-12-02 04:11:22,0
I hear people saying Uber is the safest taxi app in kenya. I agree I only trust Uber for my night based trips,4,2024-12-02 04:10:08,0
Very helpful and nice 👍 👌 😊 ☺️,5,2024-12-02 03:56:59,0
This is a good app I don't wanna lie,5,2024-12-02 03:43:32,0
I very disappointed at Uber bc I of course don't have a vehicle so I depend on Uber for rides the prices have been high lately so now I'm having to walk with groceries and I have health issues bad it makes it harder on me and something needs to change I don't have family to help me and I don't have friends at all Uber you need to help people better not everyone has thousands of thousands of dollars and shouldn't have to struggle this way it's to hard on me,1,2024-12-02 03:41:29,0
"Lovely man, even gives away chocolate and soft drinks",5,2024-12-02 03:39:22,0
"Clean cars, nice drivers, simple to use the app. Love the fact that you can see the amount before requesting for a ride. Really good service! 💯",5,2024-12-02 03:13:53,0
I want a refund with all this money I didn't know I had a monthly membership this is theft. I want the eft of all the money you have taken off my maintenance account. Contact me ASAP for my refund I'm going to court in January this better be refunded I don't want this membership refund for all that you have taken off now 😡,1,2024-12-02 03:06:01,0
Still keeping it real.... awesome always,5,2024-12-02 03:03:39,0
Scheduled pick up times can not be trusted. Over 20 minutes late for an airport drop off. Conventional cab services more reliable.,1,2024-12-02 02:53:40,0
The customer support for orders is just of no use. They just focus on taking orders only but don't think much about the customer concerns. They just tell us to reach out to restaurant,1,2024-12-02 02:47:33,0
Been quite a while since I last used uber. Had forgotten how quick easy and efficient it is. Excellent service.,5,2024-12-02 02:39:40,0
"There are no support at all and many steps just to reach anything in the app, I paid extra of my fees 14 pounds and driver write in that pay less than my fees 14 pounds and I tried to reach any customer service two days and no support at all.",1,2024-12-02 02:38:18,0
cant even add my payment cards shitiest update ever,1,2024-12-02 02:33:28,0
Uber thnx and always pick & drop on time,5,2024-12-02 02:30:00,0
One of the worse companies ever. Their whole support team is ridiculous and very unprofessional. The entire app is junk. I will never use it again,1,2024-12-02 02:19:42,0
Hamid was amazing and such a delight! He went above and beyond with his service! First time Uber rider here and I will definitely use Uber again! Thanks Hamid. JENNA,5,2024-12-02 02:18:02,0
It's best Uber service,5,2024-12-02 02:05:37,0
"They have terrible tracking of scooters, can never find them, and they gave away the scooter I reserved",1,2024-12-02 01:54:27,0
Quick and efficient..polite Can't ask for more,5,2024-12-02 01:52:24,0
"Uber should really put harsher penalties by drivers accepting your ride and then cancelling at last moment. I can't describe in words how poor of an experience for end users this results. Drivers can get away penalty free after making you wait for more than half an hour and then cancelling at last minute, losing many other potential rides in the process. Riders have a job to do and are users, who pays for this app, put in a power inbalance w/ these unethical practices",1,2024-12-02 01:49:48,0
Need a way to connect with you when circumstances change need a number to call t b e driver,5,2024-12-02 01:48:37,0
one star because I can not pay with cash it always says to change the payment method.,1,2024-12-02 01:48:06,0
"Excellent driver,good driving skill, very polite and very helpful",5,2024-12-02 01:37:09,0
Excellent captain well and carefully driven,5,2024-12-02 01:28:25,0
Can't find a ride in my area without a really long wait. Or they want to charge almost $40 for a 3 mile ride. This app is a joke.,1,2024-12-02 01:19:33,0
Best experience i had so far and my Fijian uber driver was super friendly so he deserves a tip.. love it.. Merry Christmas my Uber Team. Alofa and hugs from Samoa,5,2024-12-02 01:17:05,0
"I rented a car in the Old Port, and although it showed many available options, they sent a car from the other side of the island.",1,2024-12-02 01:05:51,0
Every time face new wrost experience.When rider cancled ride then why you Charge cancelletion fees from customer??? On this reson i cant book my ride last 4 5 days.... Plz solve this issue,1,2024-12-02 01:00:51,0
"Doesn't show the business ride profile in the app, which causes me to not be able to use the business benefits. I have to log into my account in a browser to access it. Went back and forth over email with customer support to explain they issue, and they just ignored it and repeated that I am enrolled in the system. Yes, I know...But what good is it to be in the system if the Uber app front end is broken and doesn't let me select the benefits because they aren't showing up in the first place?",1,2024-12-02 00:51:45,8
Great performance with Uber,5,2024-12-02 00:49:20,0
"Very helpful when I need it, and when I have the money for it 😂 Very smooth and easy process to ordering a ride, and most of the time a good experience.",5,2024-12-02 00:35:31,0
Won't let me on with the codes you sent me,1,2024-12-02 00:21:53,0
Please shut down your company. Uber and their drivers are cheaters. Shame on this company.,1,2024-12-02 00:21:47,0
"Uber is literally stealing your money everytime, from Unforseen cancelation fees from the driver's side to an increase of price by the end of the trip. I had multiple trips where i see the fee change from ex. R78 to R116, which was my experience today. Its extremely unfair to the customers. How does the app lose its network after the trip starts and then say the trip amount might be outdated? Everyone wont have the amount of money after the amount change.",1,2024-12-02 00:07:27,2
Theft and scams the app. Horrible customer service. Don't waste your money. Uber will update prices and items on the spot and then charge you for canceling an order after coming 5 hours late with things you didn't buy for a higher total than you agreed to. They'll then wait 6 to 12 hours to get back to you only for them to still charge you.,1,2024-12-01 23:53:57,0
"What have you done actually to this app and drivers? Is a mess, waiting 20 mins for a driver. Greed looks like it took over. Thank you for giving me a driver 17 min away from me, driving the opposite direction to finish the current trip LOOOOOOL You aint rewarding your drivers enough, and they went to Bolt, all of them. Keep staying greedy !",1,2024-12-01 23:53:40,0
"Worthless....drivers are rude, they cancel and uber charge us. Cheaters.",1,2024-12-01 23:45:08,0
The fees increase after the trip is ended,3,2024-12-01 23:44:44,0
Very worst app waiting time is too long. Driver is also cancle the ride after wasting The time,1,2024-12-01 23:42:01,0
Yango power 🔋 is the world,4,2024-12-01 23:35:39,0
Worst service ever.. their captain always refuse to accept ride on time.. they are never available on time and sometimes the amount shown in dashboard doesn't even match the amount they ask for.. also i booked a ride on time for my train and for 5-10 Mins they were rejecting the ride and when one of them accepted they also rejected on their way and at the last moment I couldn't board my train.. don't trust them please.. they are worst!!!!!!!!,1,2024-12-01 23:32:34,1
Horrible company! These people will not get another penny from me,1,2024-12-01 23:28:20,0
My experience very pathetic.drivers not punctual.and my ride rent 29rs but he wand extra charge.very bad poor service,1,2024-12-01 23:28:12,0
Driver location me nahi aaya Maine bohot calls kiye lekin Driver ne ek bhi call pick nahi Kiya phir bhi cancellation charges mujh se hi maang rahe hain Ghalti Driver ki cancellation charges ham de wah re wah uninstalling,1,2024-12-01 23:26:56,0
My driver was friendly and very kind!,5,2024-12-01 23:20:38,0
"Thank you, Thank you, for making affordable, sometimes people we go with a certain budget,, and l always give the tips to the drivers in cash ok...Thx again u r awesome...🥰",5,2024-12-01 23:16:42,0
Clean car and excellent driver.,5,2024-12-01 23:15:28,0
"My package deliverer stole my package, called uber, they never compensated me at all. 👎",2,2024-12-01 23:13:59,0
Shittiest application. Waiting time for pickup of 22 minutes is unacceptable,1,2024-12-01 23:01:52,0
"One of the worst services. If Uber riders cannot carry any luggage, why don't they mention this before ride confirmation?The rider accepted the ride, and when they reached the pickup location, they said they couldn't carry the luggage, even though it was just a small amount. Also rider take the OTP and forsed to us to cancel ride from our end,Why ? Please address this inconvenience faced by users. If you cannot carry even a small amount of luggage, please mention this before ride confirmation.",1,2024-12-01 22:59:56,3
You never know they put charges on your account,1,2024-12-01 22:51:06,0
Yhe best service i got from ubet,5,2024-12-01 22:47:12,0
My experience with Uber is not to bad,5,2024-12-01 22:42:31,0
"Great experience, clear car ! Thank you",5,2024-12-01 22:42:11,0
"Excellent, my son is blind and IKE took extreme care of him,tysvm. Disabled Vets are a precious commodity in this country and should be handled with care,as IKE most certainly did.",4,2024-12-01 22:40:51,0
I am enjoying using this application. It's really very useful for every one of us.,5,2024-12-01 22:36:45,0
"Driver neat and very professional,",5,2024-12-01 22:36:41,0
"I'm confused and outraged. I requested a trip and selected the option of an ""Uber Go"". It showed me the car details but, when the car came around, the details had changed. I later learnt that the app has switched me to an ""Uber X"" and that the trip cost almost double the cost of my initial trip!! This is simply unethical and is bad business practice!!! I'm not sure that I can use Uber again in future. I tried to report the incident on the app but I still haven't heard from Uber. Unethical...",1,2024-12-01 22:32:47,25
"Very good, it's my first time using this",5,2024-12-01 22:27:50,0
Can't get out of rating drivers,2,2024-12-01 22:23:46,0
"Excellent maps, professionalism at it's best",5,2024-12-01 22:17:56,0
Worest service since 1 hour not getting cab,1,2024-12-01 22:10:49,0
Need to sort out sending codes. None work and can't open app. Therefore won't be using Uber,1,2024-12-01 22:02:41,0
"The worst e-hailing service ever! This company keeps deducting more money after I’ve completed a ride. They often charge me over R20 extra for most of my trips. Mind you, the trips follow the exact same route, the driver doesn’t wait, and there’s never any traffic. Every time I query these unjustified deductions, I get an automated email claiming there’s no mistake. It’s infuriating! I’m the one losing money here, and they refuse to take accountability. Stop scamming your customers and fix this",1,2024-12-01 21:58:01,0
awesome Services and awesome driver s behaviour. Good job ubrr.👌,5,2024-12-01 21:44:08,0
Very good and friendly,5,2024-12-01 21:43:58,0
"Very convenient, and they make sure I get to work on time.",5,2024-12-01 21:42:50,0
Accurate localisation will be appreciated.,4,2024-12-01 21:34:30,0
A good app that focuses on functionality.,5,2024-12-01 21:33:19,0
"Uber Egypt is the most expensive among all similar services, yet their service is terrible, and their customer service is useless!",1,2024-12-01 21:29:10,0
I've taken uber only twice and both times my drivers were respectful and professional,5,2024-12-01 21:26:31,0
"Really bad at Customer Experience, cannot Complain when Driver not come. How Uber become this bad",1,2024-12-01 21:18:26,0
Initially it was good but how it takes too long to confirm the ride and also it chages the prices after dropping to the location,1,2024-12-01 21:15:34,0
best driver with a 5* rating from me for sure Mr. Selby P. S. former driver in an about 2015 to 2016,5,2024-12-01 21:08:01,0
"Worst app, ride is not accepting too much delay",1,2024-12-01 21:08:01,0
"Ordered one taxi. Was fine. Dr8ver turned up, did his job. Cost far too much. Since then have been continuously spammed by Uber. I HAVE YOUR APP ALREADY. And until you kept spamming, you had a new customer. Now? Sod off. Perhaps show people at least a little respect, eh?",1,2024-12-01 20:52:54,0
Very convenient way to ride,5,2024-12-01 20:25:58,0
Worst app no intime taxi will come.refer Rapido,1,2024-12-01 20:23:13,0
"Few issues only because bad Internet service and driver not well spoken in English. More than a couple times site didnt show address i put in but had wrong address for pickup or stop, cost me money. For the most part drivers have been friendly",5,2024-12-01 20:22:19,4
Very delay in cab confirmation,1,2024-12-01 20:21:51,0
Very good 👍🏻😊😊😊 very good service,5,2024-12-01 20:19:26,0
"This app protects, thieves, kidnappers and rxpists. As long as they get their cut from the criminal drivers, all is well with them. Be careful this festive season, especially women, those safety things of theirs, pins, recordings etc. will do nothing for you once Uber has decided that you can't hold them liable. Stop thinking that it just happens to others and that it'll never happen to you, being naive will show you flames.",1,2024-12-01 20:04:27,0
good but two days are very worse I'm facing,5,2024-12-01 19:57:48,0
Great experience. .good service. .neat and clean,5,2024-12-01 19:48:12,0
the best and affordable,5,2024-12-01 19:44:47,0
Good price and nice journey and value for money. Driver polite.,5,2024-12-01 19:44:34,0
My experience is very good 😊,5,2024-12-01 19:42:33,0
"This is to bring to your notice, my driver was reversing back vehicle and damaged a two wheeler that was standing. The headlights and indicators got damaged, it is a huge loss to the owner of the bike. I request you to kindly take action on the driver. And requesting you to create a portal on the app so that we can write such feedbacks.",3,2024-12-01 19:25:14,0
Good experience of the last ride,5,2024-12-01 19:22:14,0
Everything is best but sometimes no one can react on booking ride.,5,2024-12-01 19:21:27,0
"Cannot buy uber shuttle packages. I need it for my daily office days. Customer support said that I am eligible for uber one membership. But that option is not available in app. Why currently I am not able for purchase shuttle packages, they don't have any answer. Disgusting",1,2024-12-01 19:20:09,0
Good app good service,5,2024-12-01 19:06:10,0
While booking a car it showed us 336Rs but when the driver dropped us he took 521Rs from us which have really broken our trust from this app,1,2024-12-01 19:01:04,0
"I want to refund my Uber money because it is impossible to order with it, but Uber's customer support is just a bot giving me the same answer. I would like to come in contact with a real person to help me refund my Uber money.",1,2024-12-01 18:58:22,0
Need some more range extancan,4,2024-12-01 18:57:48,0
Bad....Very very bad service / Please install and use at your own risk and responsibility. Very High risk to safety and money......🤢👎,1,2024-12-01 18:53:47,0
Very prompt and swift,5,2024-12-01 18:27:01,0
Whenever we are trying to book uber auto we have wait for an hour.. and most of time felt like useless of app. If something comes an emergency then this app is useless. Could you please improve your service.,1,2024-12-01 18:25:44,0
if it's charging the exact amount then why drivers are asking extra amount to pay is uber notifying it ?,1,2024-12-01 18:25:19,0
This app is convenient for the one who don't have car,5,2024-12-01 18:13:06,0
Uber package lost my parcel and no one is responding to me now. The delivery boy has switched off his number.,1,2024-12-01 18:13:03,44
Why the you guys don't have customer care number. I tried a lot my giving help options but not responding. I need to update my profile. Every time i need to ask permission from you guys . What hell procedure is this @uber . Damn i going to delete my account from your server. Last 3months im trying no one is reaching from your side.,1,2024-12-01 18:11:29,0
"I first requested a taxi at 11.40, it got cancelled twice then finally arrived at 12.19! We booked it to save time but could of walked there quicker.",1,2024-12-01 18:07:21,0
Good and was clean I'm very respectful,5,2024-12-01 18:02:59,0
App keeps freezing up and not letting you order a ride,2,2024-12-01 17:59:54,0
no service provided at all..cabs and auto don't accept the ride even at high prices. App continuously shows searching for driver mode and not fetch with any ride. Worst experience ever had even in a city like Mumbai- no quick services.,1,2024-12-01 17:52:44,0
Not downloading properly at emergency And showing that unable to download,1,2024-12-01 17:39:56,0
"I have paid with another upi for my upi failure but in uber app iy shows payment not completed, when i try to contact support i cannot find any help from uber. Please help me uber support.",1,2024-12-01 17:38:12,0
Worth don't download not useful on time,1,2024-12-01 17:36:02,0
Good and reasonable rate,5,2024-12-01 17:29:28,0
Bad experience....after reaching destination showing another amount intead of booking amount,1,2024-12-01 17:26:22,0
Very worst experience,1,2024-12-01 17:23:38,0
"I don't have my expired credit card to ""verify I'm me"" in the app, even though I verified both my phone number and email address through access codes, so it seems I cannot use Uber. What idiots are running this company?",1,2024-12-01 17:15:53,0
I was booking a ride for 220 rs but in drivers auto price is showing 355,1,2024-12-01 17:07:35,0
It was a smooth ride with a very friendly driver,5,2024-12-01 17:04:46,0
I notice you charge customers different rates. I can use my other phone and a completely different rate. this ride in particular then I last check was $29 and some change on one of my phones the other phone the rate was 85.00 same trip. Plus you hit my bank account five times and pending with zeros trying to get to my account and you dragged I want somebody else that's known for causing fraud in my account. What kind of b******* is this.,3,2024-12-01 17:03:08,0
Today I was unable to book vehicle. Really pathetic service Uber. App is disgusting.,1,2024-12-01 17:02:15,0
"worst app in whole cab driving app. this app charges more than 300 rupee to change the destination only for 100 meters away from previous destination. and the driver's doesn't even care about the complaints ""hanji krdo aap humari complaint"". and this is just worst application.",1,2024-12-01 16:56:19,0
The driver was excellent........great experience!!!,5,2024-12-01 16:50:46,0
Driver is nice I enjoy my little ride,5,2024-12-01 16:45:59,0
3rd class app no one pickup just everyone timepass Nonsense app don't download it .,1,2024-12-01 16:45:10,0
Horrible. Wants you to pay more fore a faster ride so if there's no one around how are you offering a faster ride for more money ? And got stuck in traffic and needed to pay more than the pick up price at the end .also if it's raining the price goes up more than double??,1,2024-12-01 16:37:09,0
Everytime same thing happened with me and that is:- can't find driver now. Totally rubbish.,1,2024-12-01 16:34:04,0
Very good reliable service when it is needed thanks,5,2024-12-01 16:34:00,0
Very good and comfortable,5,2024-12-01 16:29:34,0
Nice experience with trip,5,2024-12-01 16:24:33,0
Very nice application good service,5,2024-12-01 16:18:37,0
Best price and safe ride,5,2024-12-01 16:14:37,0
Driver did a great job!,5,2024-12-01 16:13:31,0
"For the previous ride I have payed the amount to driver, still asking me to pay. I have raised completed still not solved.",1,2024-12-01 16:12:38,0
Very nice and convenient rides,5,2024-12-01 16:11:34,0
"So many problems now (used to be good). Can't update phone number. Driver demands toll on top of estimated fare. No customer care number included in app. Customer care number listed on Google doesn't work. Safety number (from blue shield icon) doesn't work. Fare increases automatically by the end of trip, despite not having any traffic on the road.",1,2024-12-01 16:04:52,8
"Useless, takes money from your account without you doing anything. If you call them, they ask your statements and Useless things like they own ur money.. what a unless company",1,2024-12-01 16:04:18,0
Worst App Ever Fare Changes without any info after reached location fare automatically increase 50 to 100 never ever book ride from uber,1,2024-12-01 15:51:42,0
Great service. Good pricing.,5,2024-12-01 15:49:40,0
Nice cheap price better. Than ola,5,2024-12-01 15:39:46,0
2022: How do they justify going from 10 dollars to 30 dollars in less than 3 minutes and freezing your queue line so you either wait it out or pay an outrageous amount to go a little over a mile. Your looking more and more like a scam than a business and lucky you can't receive less than one star. Update: 2024: Uber is still a compay bent on scamming its consumer. They just tried charging me 37.58 to go 1.2 miles. I will freeze before that. Dumb business mismanaged model.,1,2024-12-01 15:37:59,3
The security is of top notch and the driver was friendly and very professional,5,2024-12-01 15:31:08,0
just started using user and I think it's great,5,2024-12-01 15:26:28,0
"Had to pay a cancelation fee for a ride did not cancel, but a problem to edit my, a bit disappointed. I still booked with your company to get home.",3,2024-12-01 15:12:08,0
"Smooth, dependable and friendly service",5,2024-12-01 15:10:21,0
The driver I had last night was so nice he helped with bringing in my shopping thank u driver,5,2024-12-01 15:08:43,0
Very easy to use works well,5,2024-12-01 14:59:35,0
"Never go for uber,drive never pickup the phone,they don't reply ours message ,always demand for extra cash ,always tries to raise the fare ,try to force cancel the ride ,always avoid the messages and phone calls .",1,2024-12-01 14:58:37,1
"I love Uber ❤️ Most times, the service is spectacular. There are the occasional slip up in service. As to be expected. All in all, I prefer Uber ❤️",4,2024-12-01 14:56:03,0
"Very safe, they are respectful of their customer. I trust this service",5,2024-12-01 14:29:38,0
I definitely use it again,4,2024-12-01 14:29:01,0
Trustworthy app use interface with smooth payment systems. I liked the simplicity and the local faith in the Uber brand. Thank you Uber!,5,2024-12-01 14:18:59,0
Worst app ever waited for 30 minutes still couldn't find a car for my trip. Totally worthless.,1,2024-12-01 14:15:45,0
To many drivers canceled trips last second and are choosing to deliberately delay food orders,3,2024-12-01 14:12:29,0
The weather was terrible and driver drove safe,5,2024-12-01 14:03:16,0
Was faster than other apps...,4,2024-12-01 13:59:23,0
Nice app. Easy to use. And driver are friendly,5,2024-12-01 13:59:11,0
"Cab drivers do not accept the ride ,........",1,2024-12-01 13:57:54,0
Can't seem to get geolocation to refresh when in a different city. Keeps using my last departure as the start point - really frustrating!,3,2024-12-01 13:55:54,0
Working time to time thanks,2,2024-12-01 13:53:33,0
"Good experience, came fast",5,2024-12-01 13:52:52,0
Very Very poor. Never like Uber. You can't reach at rider location. Times and cancelation charges has to bear to rider.,1,2024-12-01 13:45:38,0
Policies are good but costing of vehicle rides are million times more than public transportation which is why I hate this app,2,2024-12-01 13:44:31,0
Very bad service 🤬🤬🤬 Poop App Hai 🤬🤬🤬,1,2024-12-01 13:40:43,0
Good experience with uber,5,2024-12-01 13:36:13,0
"I Booked a ride and then after reaching to my location, driver refused to drop me to the location and then asked me to drop me to my location outside of the app. And then he itself cancelled the trip. And the Uber app charged me extra cancellation fee for that trip.",1,2024-12-01 13:20:23,1
It does what it does well,5,2024-12-01 13:10:21,0
A new scam is started where in company shut the vehicle on the road an the care doesn't start an the drivers make u get off an mark the trip as completed when it it not when a car breaks down but u dont have an idea if the car is broken down or they have shut on purpose am sure many have put reviews but uber doesn't care not a reliable source of commute also expensive,1,2024-12-01 12:59:46,0
"Worst App, Driver cancelled the Cab due to Price , he asked 3times the money and they charging the money from the Customer Bakwaas App, they are charging twice the money when compared to Ola and Rapido",1,2024-12-01 12:53:34,0
Don't use this app Price showing something else driver asking more money and have dispute with me on road. No option provided by uber to connect with customer support So that express their problems,1,2024-12-01 12:49:16,0
Clean car and friendly driver who prioritise client safety and satisfaction,5,2024-12-01 12:48:11,0
It was my first time experience and it's incredible the driver is also polite with good driving skills and price was also reasonable. so from now onwards I always going to prefer uber ride,5,2024-12-01 12:45:30,0
Taxi s are scam.They accept then they want me to cancel.I prefer Marti Tag,1,2024-12-01 12:44:59,0
Nice trip to my distinction,5,2024-12-01 12:44:20,0
Very useful application ❤️ we loving this application solve many problems,5,2024-12-01 12:41:54,0
"Good, But all driver demaned extra payments, if i refuse payment they cancel the ride...",5,2024-12-01 12:33:12,0
The driver charge extra 60 rupees thats was not good,5,2024-12-01 12:26:26,0
Getting worst day by day,1,2024-12-01 12:18:59,0
"No way to file a complaint if you don't download the app. However, make sure that you enter your specific address, because if you don't, they will only get a sequence of numbers with a street name. I work as a security officer and we turn the drivers around all the time because they don't have the proper address.",1,2024-12-01 12:14:04,0
"If time's are hard and in need to be somewhere,Uber is really the only option seriously and sadly. Sometimes the app shuts itself down for unsure reason also so it's frustrating on the downside of this",2,2024-12-01 12:12:45,0
We payed more than what it showed when we booked the ride,3,2024-12-01 12:11:29,0
Worst customer service On 19/11/24 I booked an auto the driver cancelled and I was asked to pas the cancellation fee On my next ride the app shows the cancellation fee of the previous ride with ride fee . And I paid for the time being and when I filled an complaint the was showing Rs 19 were refunded to uber wallet but the Balance was showing 00,1,2024-12-01 12:11:05,0
Very good app as compared to ola and rapido price is quite good,4,2024-12-01 12:09:23,0
"Poor and Inconsistent Service Quality!! I've had enough with this service. The quality is inconsistent, and recently, it has gotten even worse. They send a quoted fare for a trip, but once I accept, the app suddenly demands double the fare at the end of the trip !! This has happened not only to me but also to several of my family members. This is blatant robbery disguised as a service! Avoid this service if you value your time and money!!",1,2024-12-01 11:56:32,6
Price 💀 reliability ✅👍,5,2024-12-01 11:56:27,0
App keeps logging me out every day. Pain when I'm in a rush and need to reconfirm my acc and log in. Also forgets my saved locations each time.,2,2024-12-01 11:56:15,0
"1 Dec update: Day 2 in row of slow connection to drivers. Day 2 that I've used Bolt instead of Uber. Bye Uber! GPS issues, poor cars, a faceless app with ZERO customer service. I chose Uber over purchasing a car. I'm changing my mind. Update: March 2024. Still the same. Uber as a business areca nameless faceless entity that dont care. So yes. Bye Uber. You've lost my daily business that you've been getting for almost four years Update: Dec 2024. Just worse and worse. Hello Bolt. Goodbye Uber.",1,2024-12-01 11:47:42,5
Very good service providers,5,2024-12-01 11:45:09,0
Very good experience with Uber keep it up,5,2024-12-01 11:38:39,0
Need more promos and discounts,5,2024-12-01 11:36:16,0
"Becoming a useless service provider as years progress. Customer support doesn't care about serious issues including escalations. Most of the drivers remain unprofessional and ill mannered. Multiple feedback or suggestions given to Uber do not seem working, forcing its long time customers to avail alternate services.",1,2024-12-01 11:35:09,1
$20 for a 2 mile ride is highway robbery. I'm an Uber one member and that's the total. This is ridiculous. They charge surge prices regardless of the time and state of demand.,1,2024-12-01 11:21:13,0
Varey safety Smoot jurney,5,2024-12-01 11:07:43,0
Always excellent service,5,2024-12-01 11:06:46,0
Always dependable and available,5,2024-12-01 10:59:16,0
Lastly they give very high trip prices although they offered it with lower one,1,2024-12-01 10:28:28,0
"Do not use. Go for Bolt. Cheaper, friendlier, these guys dont cancel for a higher paying drop off",1,2024-12-01 10:26:10,0
In coimbatore I had a Worst experience with uber auto they are demanding extra charge equal to half of the fare extra what's showing up on the app and when we ask them they are rude. I think you have look into this matter.,1,2024-12-01 10:22:26,0
Wait time is too long better to walk than to book a cab from this app,1,2024-12-01 10:20:21,0
Good. I appreciate the fixed rate for trip at the time of booking and the same at the end of trip instead of leaving to driver's decision as ola.,5,2024-12-01 10:19:18,0
"Nice, comfortable drive to home",5,2024-12-01 10:17:34,0
The drivers are not good they are charg extra money if we are not giving then they are shouting,1,2024-12-01 10:16:31,0
"Auto drivers demanded extra for my last 2 bookings, I cancelled the trips as I don't want to pay and that driver asking me to cancel. I'm very disappointed that I can't find ""demanding extra"" reason while cancelling.",3,2024-12-01 09:54:49,0
"It's really good application for traveling (9/10), thank you Uber",5,2024-12-01 09:06:58,0
Nice rides and comes fast 😁,5,2024-12-01 09:01:28,0
"I couldn't ask for a better driver! Very friendly, knowledgeable, and you could he loves what he does. If I lived in this state, he would be my request evrytime!",5,2024-12-01 09:00:00,0
"Uber services are getting frustrating day-by-day, especially at railway stations, airports, and bus stands. First, they take a lot of time to search the cab and confirm. Thereafter, wait time remains pretty long. More than often, the first driver cancels the ride. Then, one has to repeat the whole process with much increased prices. Uber must come with a more robust system and substantially increase no. of cabs.",3,2024-12-01 08:54:53,149
"Would give less if able, constantly cancel and up the price",1,2024-12-01 08:51:36,0
Best app to book cabs i booked 8 cabs in 2 days and had a wonderful experience the drivers were also good and uber also has cheap prices than any cab booking app.,5,2024-12-01 08:51:03,0
Driver was on time - even in the early winter morning. He is well behaved and very courteous.,5,2024-12-01 08:35:44,0
I have used this app for years to get me around and now it's stuck on reserve only??? Fix it,1,2024-12-01 08:18:27,0
Its so sad that now you keep trying booking a cab but you request takes so long to get accept that there is no merit of booking a cab ...and this is not a one day story ..you can try it anytime..drivers keep on skipping ...happy efficient life,1,2024-12-01 08:18:15,0
"The app is of very poor quality. My location and the route are not synchronized with the map. When you move the map, the route and my location shift incorrectly in relation to map. This makes it very difficult to find the driver, especially in unfamiliar locations. That’s not the only issue, but this one is by far the most frustrating.",2,2024-12-01 08:12:12,28
"I used to find this service excellent, but after having a no-show on a pre-booked (prepaid) trip to the airport I was disappointed. Gave Uber another try and after 12 cancellations over 2½ hours, I'm positive I would never again recommend Uber.",1,2024-12-01 08:06:01,1
"Pretty expensive, but works well and quickly when it's your only option for a ride. Very useful.",5,2024-12-01 08:05:44,0
Good manners of driver,5,2024-12-01 07:58:00,0
The driver was really nice and kind. We really appreciate him.,5,2024-12-01 07:55:14,0
"I ordered a 3 peace chicken meal, with apple pie and I was charged 30.00 which is insane. I'm trying to get my money back and there's no way to report this transaction , I just want my money back . Church's chicken says have to get in touch with Uber eats witch is also insane!!!!!",1,2024-12-01 07:29:34,0
I'm from Ranchi City and Uber works really well for me. Till now booked 3 times and the cost was low compared to local services. I hope it continues to provide us same service for long time. Thanks its a great experience.,5,2024-12-01 07:25:24,0
Fantastic ride with Michael,4,2024-12-01 07:21:57,0
"Worst experience I recieved from UBER service, one driver accepted ride request for my 14 km trip, his arrival time is 12 min at my location, he cancelled the ride before 2 minutes arrival at my location, I didn't get any kind of consolation amount or cancellation charges from uber side for this inconvenience, if this kind of activity is done from my side they will charged cancellation charge, but in this case customer didn't get any inconvenience charge, no value for customer time.",1,2024-12-01 07:18:18,1
Super clean car. Excellent customer service. Very polite!,5,2024-12-01 07:12:38,0
it took some time to find a driver,3,2024-12-01 06:58:58,0
"Poor service, waiting for 20min for a cav that's says 5min",1,2024-12-01 06:24:47,0
My man found my vape and got me back from Birmingham to Kenilworth. 5 star If not 6 star rated. Absolute legend. Would book again. What a hero. My G.,5,2024-12-01 06:23:47,0
"Cannot opt out for annoying push notifications, the settings magically return to full spam mode once you close the app. If you turn off notifications in android settings you obviously also miss the important onces from your driver.",2,2024-12-01 06:15:27,0
Lovely gentleman. Beautiful clean car . He was chatty,5,2024-12-01 06:14:51,0
"Simple, quick, good service and reliable 👍",5,2024-12-01 06:14:31,0
"Many times driver have cancelled the ride by themselves but uber charged me for that ,, and now my ride was showing 433 when i Booked and after reaching the location at the same amount of time that was been given, the fare increased itself to 597 directly 163 rupees increased , this is a scam",1,2024-12-01 06:09:57,0
What are you messing with here? This used to be the best idea ever and now it's a lottery. Booo!,1,2024-12-01 06:07:57,0
These guys changed my credit card after I had canceled my ride. I couldn't get 1 person to help me & they were rude. Be careful with these guys because they will charge you without your authorization.,1,2024-12-01 06:03:12,0
My wife had a terrible ride the drriver tried o abduct her and uber hasn't done o cared one bit,1,2024-12-01 06:02:05,0
"Two great rides today, easy and less expensive than a taxi.",5,2024-12-01 05:59:22,0
No expansive good and smooth ride i like it,5,2024-12-01 05:45:55,0
Nice guy very personable,5,2024-12-01 05:26:00,0
"Some times I faced difficulty. I open my location but this app picked up other location far 30-40km from my location. It is very bad for any customer who use this app for emergency time. I give 5 star, 8-9 month before but now I give only 1 star because I face problem.",1,2024-12-01 05:11:15,1
It's awesome 💯 I really appreciate you for the service,5,2024-12-01 05:03:27,0
Worst app with no proper invoice and if you pay 100 rupees for a ride you will see only 10 rupees in the invoice.,1,2024-12-01 04:59:19,0
"Prices go up, although I walked closer to my destination. Needs a price standardisation.",1,2024-12-01 04:56:19,1
"This is a good platform if you are the rider, but not as a driver",5,2024-12-01 04:47:04,0
"worst ever , no car at 4:45 am no trust",1,2024-12-01 04:46:14,0
Excellent and trusted,5,2024-12-01 04:43:49,0
First time using Uber and it was a great experience I shall be using it again.,5,2024-12-01 04:43:00,0
All great but I wish I can choose my ride even when I choose comfort rides,4,2024-12-01 04:26:04,0
Can't access access account with all my Information,1,2024-12-01 03:57:18,0
Fantastic service id highly recommend,5,2024-12-01 03:53:40,0
The driver was very professional and I enjoyed the journey throughout,5,2024-12-01 03:53:18,0
Tseday was very nice and friendly and knew the area. Pleasant ride to my car after a nice long day 🤗,5,2024-12-01 03:48:43,0
got dropped off at wrong spot and no reasoning with driver to take us to the right area do had to walk a mile up a dual carrigeway in 4 degree weather not usinh this app again,1,2024-12-01 03:46:54,0
I was charged a waiting time of 35p when other people sat in the car by mistake. The wait was because the driver let them sit in and then they had to leave to get into their own taxi. Not my fault for delay of a few minutes. That is why uber is getting a bad name,1,2024-12-01 03:20:02,0
Jesus Christopher was very polite and helpful.,5,2024-12-01 03:12:05,0
Very impressed with the service and a lovely safe driver.,5,2024-12-01 03:06:00,0
Very bad to take money from people's account and not turning up then tell us the driver cannot locate us . Does the location not show on your App before you find the driver.,5,2024-12-01 02:55:41,0
Uber is world's best app i love ❤️ 😍,5,2024-12-01 02:40:24,0
Osm app fantastic 😊very fast driving osm 👍😊,5,2024-12-01 02:37:28,0
Very helpful to avoid frauds in new city,5,2024-12-01 02:30:08,0
"When I requested my last trip, the app said I had a 30% promo applied, I chose that trip with the 30% promo applied, I paid the new amount via card. Hours after completing my trip, I see that a new transaction has been done on my card, only to find out that the promo was canceled after I had completed my trip. So I was charged the original amount without the promo. But when I chose that trip, it clearly showed that the promo was applied and hence why I chose that trip.",1,2024-12-01 02:19:03,1
"Arrived promptly, professional and friendly.",5,2024-12-01 01:59:12,0
Fast service nice drivers,5,2024-12-01 01:56:26,0
Customer service does not exist. They just run you in circles with chat bots. It is impossible to contact a live human being. As soon as something better comes along I am out.,1,2024-12-01 01:49:11,0
The driver was here in a blink of an eye the same he did on the destination I am happy with his service 😊,5,2024-12-01 01:41:49,0
Quick. Easy. Dependable...,5,2024-12-01 01:39:17,0
Nice app and friendly drivers,5,2024-12-01 01:36:56,0
Valuable support.. thanks,5,2024-12-01 01:29:48,0
"PLEASE UPDATE YOUR MAPS!!!!Prices seem to grow exponentially sometimes, it seems like they are trying to reach infinity. It seems like the driver is the master of the ride and the passenger is bound to constantly be a victim in some scenarios. Drivers can leave you in the road when you really need to get somewhere in time and maybe you get your money back, maybe you loose your appointment or plane, but they are never sanctioned for their actions. Drivers can do what they want, no repercussions.",1,2024-12-01 01:21:43,86
I depend on uber to get to work my job is 1.5 miles away and the price has went from 10 to nearly $100,1,2024-12-01 01:16:52,0
They just cancel the ride even I booked one before.,4,2024-12-01 01:03:13,0
I love uber it is safe,5,2024-12-01 00:57:18,0
Never use Uber again because the app keep mass up my address and I hate it I try to get a refund for money that I had sent to the Uber and keep saying different location on my Uber and I had cancer it threw time today It took half of my money and never gave back to me and my rides never pick me up from my location I'm so piss off right now 😡,1,2024-12-01 00:54:12,0
All good thank uh so much 👍,5,2024-12-01 00:52:54,0
"This is not customer service ,, this is some kids playing on the floor",1,2024-12-01 00:51:30,0
On time and very friendly!,5,2024-12-01 00:48:50,0
Very good ride. The driver was friendly and very professional.,5,2024-12-01 00:37:33,0
Worst in payment adjustment. They'll ask you to add min 350/- money in wallet and make it use for their own benefit. You'll see null balance once ride completes,1,2024-12-01 00:27:10,0
Why is there no option for Uber pool or uber share in city trips or any other trips? Location Bangalore and Kolkata,1,2024-12-01 00:25:58,0
Nice app for those who dont have their own vehicle,5,2024-12-01 00:13:40,0
1st time with Tesla Baby thank you,5,2024-12-01 00:03:41,0
it doesn't connect me to any driver for 1 hour,1,2024-12-01 00:02:34,0
Absolutely love that Uber is now in our area and so far all the drivers have been nice friendly and very professional,5,2024-12-01 00:00:47,0
Very professional company and app is Riyadh is great.,5,2024-11-30 23:59:58,0
Why is the app requesting me to pay an extra amount yet I paid in full? I don't understand.. Apart from that the good thing is the drivers are very polite,3,2024-11-30 23:58:24,0
Great user experience and very useful app👍,5,2024-11-30 23:56:25,0
Adman had a great personality and made me feel comfortable! 10/10 experience.,5,2024-11-30 23:51:11,0
Very nice to ride in always,5,2024-11-30 23:49:28,0
The last half a dozen times I try to use it in left waiting for a driver and after a long wait there's none available. It's becoming really useless.,1,2024-11-30 23:43:01,0
Lovely guy will be using again thankyou,5,2024-11-30 23:29:20,0
Exceptional Customer Service experience giving 5-Stars....,5,2024-11-30 23:23:29,0
"Booked a cab, but driver asking me to pay additional 250 from the pay amount... this is happening on every ride",1,2024-11-30 23:20:54,0
"Moses was friendly, drove safely an it was an overall great service an cost efficient",5,2024-11-30 23:19:31,0
Funds deducted from my bank account and when I inserted the correct destination my monies was not refunded..,1,2024-11-30 23:19:02,0
much more convenient then taxi's much quicker to arrive when ride is requested. but they have trouble finding addresses and then I'm charged waiting time.,5,2024-11-30 23:06:57,0
It is good but when the drivers cancel the trips it's difficult then to find another immediately.,4,2024-11-30 23:00:48,0
Very polite and responsible cab driver,5,2024-11-30 22:59:00,0
"The service is becoming horrendous. Having been told by 2 drivers that they won't accept anything below a £10 fare I'm left waiting for ages before I give up & go elsewhere. I've even had drivers accept my request then cancel minutes later which causes me to be late for work sometimes. Used to be a 1st class service now it's just not worth using. Even right now I'm needing to go somewhere, costs less than £7, nothing unless I want to now pay £22.85 for a 10 min journey that was £7 5 minutes ago",1,2024-11-30 22:55:23,1
I have book a cab at ₹400 initially but when reached the driver asked me to pay ₹470. As it shows to his app. Later on when I complained about it the company refund me the extra money. Recently I faced this issue with my every ride book.,3,2024-11-30 22:53:26,0
worlds no 1 one third class app 😏😏 disgusting,1,2024-11-30 22:46:43,0
Why should i pay a fee of R65 if the driver was not at my pick up point and he didnt respond to my messages?,1,2024-11-30 22:45:09,0
Very reliable mode of of transport,5,2024-11-30 22:41:30,0
They sent me promotion discount (20% off next 5 orders)so I placed an order 2 minutes after. There was no discount on my order. Ubers response was that promotion expired. And Uber has the right to cancel any promotion at any time. Poor customer service that is extremely hard to find.,1,2024-11-30 22:39:14,3
Easy to use; the app walks you through every step.,5,2024-11-30 22:38:21,0
"Wrost service ever seen, purposefully location is selecting 500 meter distance and drivers are not ready to come to pickup location Uber app is also not allowed to delete my account. While login it will login with OTP but while deleting profile asking password which I have never created Uber is grabbing customer money with Amazon account",1,2024-11-30 22:37:54,0
"Exceptional, especially through heavy traffic",5,2024-11-30 22:10:39,0
"...over charged....no resolution.......Totally it's a big scam.......I booked a pickup from T nagar(chennai) to koyembedu bus stand it shows as 58.17.....i taked screenshot also.....then rider picked me.....droped at koyembedu busstand,he asked 101.1....as ashowed as in uber app...it's not rider mistake...... uber app, management mistake.....I felt very sad unhappy in booking in uber",1,2024-11-30 22:09:04,0
You screw everyone involved but the idea is excellent,4,2024-11-30 22:08:30,0
Price is little high compare to go on meter,5,2024-11-30 21:57:45,0
Very convenient. Love it!,5,2024-11-30 21:44:02,0
"Exceptional service, Quick resolution of customers ride within few minutes",5,2024-11-30 21:39:13,0
Very nice and friendly person and ride,5,2024-11-30 21:37:48,0
Would give no stars if I could yall are still trying to make me pay for an uber eats order that I disputed back in February which was granted to me. You have lost my business. I last used Uber February of 2024. Just use Lyft and/or Doordash it's way better.,1,2024-11-30 21:34:05,0
Very good not so expensive,5,2024-11-30 21:32:53,0
I was asking for refound which were automatically charged for Uber one subscription. But I never get any response.,1,2024-11-30 21:26:32,0
"Usually prompt and works well, but a bit erratic around very busy locations.",4,2024-11-30 21:26:26,0
Easy to access for trips,5,2024-11-30 21:21:21,0
Good for middle class family,5,2024-11-30 21:19:13,0
"First Uber ride. Very clean, affordable, and very little wait.",5,2024-11-30 21:14:07,0
"Very bad experience, after the trip the price changed and doubled the amount shown earlier. Probably won't use the services in the future.",1,2024-11-30 21:09:54,0
Initially the app shows less money but increases the amount after reaching the destination,1,2024-11-30 21:07:03,0
Glad to have good service,5,2024-11-30 21:01:41,0
The driver was very helpful,5,2024-11-30 20:58:51,0
Brilliant customer experience always. Thanks for the life saving service. From a fellow lifesaver. - military officer,5,2024-11-30 20:57:30,0
"Best service, and best drivers",5,2024-11-30 20:56:29,0
"This app needs to stop trying so hard. No! I don't want to know about your latest promotion, I need a taxi when I need a taxi, not when you push for one.",1,2024-11-30 20:49:36,0
Too excellent and friendly,5,2024-11-30 20:46:16,0
"Now a days in uber, rides are not getting accepted.. atleast don't show less price keep it reasonable but rides should get accepted in few minutes... otherwise it's worthless",2,2024-11-30 20:32:18,0
"Uber charged me around 20 rupees for the ride that cancelled by driver because driver was unable to reach the exact location for pick up. Also, other Drivers charge extra money for small distance destination.",1,2024-11-30 20:31:27,0
simple & easy to go around your long-distance journey without having an issue.,5,2024-11-30 20:25:49,0
"""3min pickups"" that take 20min to arrive have became unbearably common, so much that is obvious that Uber is not being honest about them. If it's going to take a while then at least let me know in advance so I don't spend all this time waiting in the scorching sun.",2,2024-11-30 20:23:39,0
Waiting times are currently terrible.,3,2024-11-30 20:22:16,0
Good Service And Safe Drive,5,2024-11-30 20:05:30,0
Tyler is nice and was a great driver.,5,2024-11-30 19:50:53,0
Competitive ride sharing app which always worth it.,5,2024-11-30 19:47:26,0
Best app for trips and value for money always,5,2024-11-30 19:46:58,0
This app scams people.,1,2024-11-30 19:35:50,0
Third class application never books proper ride and if I don't get ride for 10 mins straight i cancel the ride and then they shadow ban me for cancelling a ride which has no driver or car allotted to me.... Third class application... Ola is way better and helpful,1,2024-11-30 19:34:19,0
"A Lingering Payment Issue I've been a long-time user of the Uber app, and generally, it's a convenient way to book rides. However, I recently encountered a frustrating issue that has left a sour taste. I booked a cab and opted for the UPI payment method. Unfortunately, my UPI transaction failed at the end of the ride. As a result, I had to pay the driver in cash. Since then, my Uber app has continuously displayed the payment as ""pending."" This has been going on for over a month now.",1,2024-11-30 19:28:44,1
Can't even log in click on app pops up with Uber and the black background screen and that's it won't shift of that,1,2024-11-30 19:16:23,0
Good and helps alot but please don't charge customers extra money just because they didn't get to their destination in time due to traffic jam its not our fault.,5,2024-11-30 19:15:56,0
Uber fast rides very good service,5,2024-11-30 19:13:16,0
"Paid for a two stop uber. When we got to the 1st stop which was a corner store just to run in and grab milk real quick, I walked out to find my driver gone. I called him and texted him numerous time to find out where he was, got no answer. Had to walk home 1.5 miles away which took an hour. And Uber only have me 97cents back as a refund. Absolutely no help at all. Dude could of have left me for dead and what would have been the consequences for him or this app ?",1,2024-11-30 19:10:48,0
One of the worst app which is not useful late night I book a cab but it was cancelled at least 10 times I was not give 1 star also,5,2024-11-30 19:06:23,1
A part of a life every one Nice app good service,5,2024-11-30 19:05:18,0
Drivers keep cancelling just after they accept 2 days in a row I've walked home. Shouldn't accept a ride if they are not committed.,1,2024-11-30 19:02:55,0
They allow drivers to deliver wrong orders and Uber takes your money won't refund you I won't be using Uber Lyft is so much better than Uber !,1,2024-11-30 18:50:00,0
"Uber rides are decent, but uber eats? Put wrong address, unable to change my address through the app, meal gets delivered while I'm trying to contact customer support, customer support is unable to assign another driver to deliver my food and wastes my $. No refund.",2,2024-11-30 18:43:01,1
"Regardless if the app is updated to the latest version, it always days it needs the update. Garbage",1,2024-11-30 18:40:48,0
Drivers don't turn up and go in opposite directions. They clearly use Bolt and choose not to cancel trips. I've taken over 130 Ubers and had the same issue for years in several countries. The automated in-app support just says that you're not charged. They don't punish drivers or compensate users for their inability to get a grip on the problem,2,2024-11-30 18:39:16,33
Good app I always get my rides on time.,5,2024-11-30 18:37:36,0
Best prices all the timee,5,2024-11-30 18:37:19,0
"Decent fare charges, Driver is friendly and good.... Satisfied with the ride ...",5,2024-11-30 18:30:17,0
"Fare is too high ,The place is not farway and not having any traffic but charged double amount",1,2024-11-30 18:30:11,0
The best taxi to booking app period,5,2024-11-30 18:28:25,0
"Terrible update. So much more difficult to navigate. Not user friendly anymore. Takes 3x as long just to get a ride. Used to be one click essentially, now there's a time that you need to set but it's 30 min from the current time. And just overall a hassle to use. Will no longer use until it's fixed.",1,2024-11-30 18:24:07,27
Most pathetic experience I had ever felt..... waiting for more than 1hour and that driver doesn't come to the location easily accessible....... people choose these services and they get frustrated every time......,1,2024-11-30 18:15:13,0
"Nice app not it is very important app when we travel every time n any where we need this app so it will helpful for us n u ,,❤️❤️❤️❤️❤️",5,2024-11-30 18:06:35,0
Good and affordable price,5,2024-11-30 18:01:36,0
"The fare price changes when the ride ends. The route and timings were same, there was no difference.",1,2024-11-30 18:01:04,0
Well the app is nice but sometimes there are tecnical issues. Sometimes the fair is wrongly calculated because of tech issues. The Main problem is not this but that there is no place to voice your problem immediately. Such kind of resolutions must have direct support from tech teams but i don't find anyway. I can't keep waiting I would have to resolve it by paying whatever needed and get it resolved later. Be more convenient at least!!,4,2024-11-30 17:54:33,0
Great app and better than taxi,5,2024-11-30 17:43:03,0
"There's no response and no way to reach as sometimes their drivers go off the route and take longer route for their own interest and on putting feedback, there's no response from uber",1,2024-11-30 17:42:44,0
Uber you're the star of the show. 💯,5,2024-11-30 17:42:04,0
Terrible experience when something wrong to hard to talk to someone I was two hours late get some live voices,3,2024-11-30 17:41:48,0
"Disappointing Customer Support and Unresolved Charges I had a terrible experience with Uber recently. I was charged X for a canceled ride, but the amount was never refunded. Instead of charging the Y cancellation fee, Uber kept the entire X. To make things worse, I had to request another ride for more than X to get home. I tried filing a complaint through the app, but the option to attach a screenshot doesn't work, making it impossible to submit my issue. This is unacceptable",1,2024-11-30 17:35:50,61
Driver behaviour is perfect,5,2024-11-30 17:13:43,0
Prompt and good service,5,2024-11-30 17:04:48,0
Best service online cap application Uber No1 service and safe Don't go anywhere I will Sher my experience,5,2024-11-30 16:59:35,0
Best fit in budget and securely,5,2024-11-30 16:44:19,0
"Worst app ever seen, senseless, irresponsible app, it is better to terminate the app",1,2024-11-30 16:31:51,0
Good service and the driver was nice and quick at the destination,5,2024-11-30 16:24:25,0
Service is good but some people tries to run away when they see there is patient passeneger.,5,2024-11-30 16:23:44,0
Ubber rides are very sensational.,5,2024-11-30 16:20:37,0
Waiting time is too long,1,2024-11-30 16:18:47,0
Abhi to best price bad me high price rate ho jata hai,4,2024-11-30 16:18:29,0
My Uber driver was absolutely the best his name is Edward very nice and joyful guy,5,2024-11-30 16:15:07,0
"You will get cab every location , not too much fare amount.",4,2024-11-30 16:02:08,0
🇿🇦: not sure if I'm the only one experiencing these things but more than once my trip with a driver will not update my location and once I arrive at my destination my driver will tell me I need to cancel the trip because he can't mark it complete on his side. I've also been charged extra for trips where a driver marks it complete away from my destination and had drivers wait outside my house due to app errors on their end & refuse to leave until it's sorted - uber safety no longer a priority.,1,2024-11-30 15:54:39,39
"Extremely frustrated by the service offered by uber...whenever you book a cab ,price shown on the app is half the price asked by the rider on addition to that amount, they even ask for more...",1,2024-11-30 15:50:41,0
I used uber for long time and I was OK they do a great job. But amsterdam uber keep me 1 hours less or plus a bit waiting and they keep changing drivers many times. Till I gived up. But at the end I had a great gentleman [uber driver] dropped me to hotel.,3,2024-11-30 15:50:24,0
"Great.. Been using for 4years now and it's phenomenal.. However a little efficiency when the drivers are not available would be appreciated.. Like just tell us that there are no rides, don't keep waiting..",5,2024-11-30 15:50:12,0
Some of the drivers are really nice and very helpful. Yet others are rude and driver fast and with one trip the care smelled like wet and damp.,3,2024-11-30 15:44:43,0
It was good initiative indeed,5,2024-11-30 15:14:37,0
"I use uber and I en joy the app because it's really useful and helpful , when on a rush from point A to B.",5,2024-11-30 15:13:35,0
App could do to be a little more 'drunk' friendly.,5,2024-11-30 15:04:26,0
Great experience and easy to use,5,2024-11-30 14:58:38,0
Every time I try and get a ride on this app the driver ends up cancelling several times and I have to wait for over an hour,1,2024-11-30 14:57:01,0
Now app is not showing trip fare which is clearly a cheating with customers.,1,2024-11-30 14:53:47,0
Previously I used to travel by using uber services but now a days it is difficult to find a transport in the requirement time.Mostly we are searching for the nearby drivers like that it took hours also no response from the drivers suddenly they will cancel the drive like this then need to go for other option like ola or some other services kindly ensure to provide your ride services to customer on time.,1,2024-11-30 14:51:29,1
Quick and reliable services.,5,2024-11-30 14:47:37,0
Excellent service and also reasonable prices,5,2024-11-30 14:21:26,0
Friendly and knowledgeable,5,2024-11-30 14:16:26,0
Perfect ride and big company,5,2024-11-30 14:10:45,0
Very good services from uber for me🙂,5,2024-11-30 14:06:43,0
Absolute Brilliant Service,5,2024-11-30 14:01:15,0
the riders only favour women oner men,2,2024-11-30 13:53:39,0
best drivers and they are also very kind..i am an Uber fan,5,2024-11-30 13:51:30,0
I have been charged cancellation fees for a mistake. Can't even contact them and explain what happened. This is worst,1,2024-11-30 13:35:58,0
Very Fast and good Drive,5,2024-11-30 13:35:44,0
Good also you get cheap car cab,5,2024-11-30 13:35:26,0
Nice & Friendly. Very quickto pick up.,4,2024-11-30 13:34:50,0
sometimes good sometimes bad,4,2024-11-30 13:34:40,0
It is adorable.very good service,4,2024-11-30 13:20:53,0
"I selected payment mode as upi. But it is asking to select different payment mode. I selected the upi again and made a payment of 1 rupee for authenticating. 1 was charged, but I am not still not able to select upi as payment mode.",1,2024-11-30 13:17:11,0
Uber ride is a Excellent for ride ..they charge money in sufficient way ..good for travelling,4,2024-11-30 13:08:59,0
"I used Uber to get to the airport. Used it in Guadalajara, Mexico. Used it to get home. No problems. Fast service. Thumbs up!",5,2024-11-30 13:08:30,0
The rates are going much higher nowadays plz control that The bookings are delayed It's becoming inconvenient to get a auto or cab quickly. Plz work on that too.,3,2024-11-30 13:07:08,0
"Very disappoint from this app, When , when I have to reach on time , This aap never find my ride on time .",1,2024-11-30 13:05:54,0
The legitimately need to fix how they handle things on this app I should be allowed to give drivers a one-star even if I canceled I just got charged part of the fare for the driver's time even though in 10 minutes the driver had not moved which is ridiculous I shouldn't have to pay for your driver not doing their job,1,2024-11-30 13:03:36,1
Your payment methods is sucks as a foreign how do you expect me pay with cards and all other methods I use cash coz I'm doing my errands,2,2024-11-30 13:02:44,0
It was so much cheaper than the other company in Zachary.,4,2024-11-30 13:01:02,0
choosing pickup location is still broken,1,2024-11-30 12:53:49,0
"UBER Shuttle service in kolkata is not at all good. There is no stoppage at certain locations, please have a stoppage at Howrah Station. Last day I went to the pickup location waved at the driver so that I can cross the road and ride the Shuttle. He just cancelled the ride at that moment. Very bad experience.",1,2024-11-30 12:43:54,2
Uber is not save guysss pls don't download kl mera dost or uski bhen ke sath driver ne paise cards sab magaa or unko mara gala dabayaa 🤬🤬🤬🤬itna irresponsible h uber i hateee plsss use na kareee company ko koi mtlb nhi h bss paise bana ne h,1,2024-11-30 12:35:12,0
"Most pathetic app i ever see, most of time either ride got cancelled or driver ask money and intentionally waste our time and later you need to use other app, this is like normal for uber",1,2024-11-30 12:33:23,0
It's the best app for mobility,5,2024-11-30 12:32:47,0
Good but the driver cancels the phone before pickup please do something about it,4,2024-11-30 12:30:24,0
Verry good service and best ride experience and cost of ride is low compare to other travelling aap like ola,5,2024-11-30 12:24:45,0
Driver is polite and helpful. Nice experience,5,2024-11-30 12:23:26,0
"Uber cheating on delivery fees, check your receipts !!!!!!!!!!",1,2024-11-30 12:22:54,0
It was good experience but .....if you're rider is good than your rides are also good,3,2024-11-30 12:19:45,0
Wow every single business plus this one made inflation have unbelievable prices everywhere. Uber prices up 1000 %. After Jan 2025 I'll check your rates again and if they haven't decreased back to a reasonable rate I doubt you'll stay in business,1,2024-11-30 12:17:16,0
Good and effective but prices are abnormally high for few instances and drivers wouldn't accept ride or asked extra money. Drivers used to cancel requests also.,2,2024-11-30 12:17:00,0
"Uber is getting worst and worst day by day, cab driver is accepting the ride but not moving showing same location and not responding to messages or calls, Uber's customer support is also not available to discuss about the issue, the worst service they are providing now a days. Even food delivery apps provide proper customer support about the delivery of the product, but Uber is not even good at the customer support",1,2024-11-30 12:11:44,2
User friendly application,5,2024-11-30 12:04:30,0
"UPDATE: 3 TO 1: just checked uber. 31 dollars for a 4 minute drive vs Lyft's 5. Uber is a joke. Lyft is the exact same service but cheaper even without the extremely helpful price lock system. I still use uber occasionally, but I'm beginning to trust lyft to provide the same service for 40% less the price. The gouging on surge prices uber uses is just, it's just absurd. It's far more expensive on average in a city, and even rural trips are just more without surge. Uber is joke.",1,2024-11-30 11:50:52,0
Always and all time satisfied with ride,5,2024-11-30 11:49:19,0
Unnessecery amount charged by uber 😤 very bad,1,2024-11-30 11:30:13,0
Very nice ride app lowest price and fast delivery,5,2024-11-30 11:26:39,0
"The quality of the car and the personnel,amazing.Top!",5,2024-11-30 11:26:14,0
This app never gets the address correct,1,2024-11-30 11:05:43,0
I was charged $25 for cancellation but I DIDN'T CANCEL. I got my ride and want a $25 refund.,1,2024-11-30 11:03:03,0
wait to long for a ride.,1,2024-11-30 10:55:56,0
Fare & service both are fabulous 👌,5,2024-11-30 10:53:44,0
Very worst experience with one auto driver name Irfan ..... He is the worst man I never see... Don't download or use this uber app unless u use namma yaatri,1,2024-11-30 10:46:00,0
Thanks For Low Cost Rides...🫡,5,2024-11-30 10:43:24,0
It's always exceptional 😀,5,2024-11-30 10:42:54,0
"Wrost app i made a payment and it still shows unpaid i took help of customer care give all the details but no resolution give by them. Fraud app, That' why you will never in top cruse you",1,2024-11-30 10:42:14,0
"No customer support and helpline no.s not working.30-11-2024 No customer support, Rude drivers, refused to drive for a long distance (Gurgaon to Faridabad). I would like to ask UBER why you have booked if your drivers are not willing to drive? I have missed my conference.(2018)",1,2024-11-30 10:40:16,12
Worst app ever rider charge shows less and when trip gets over driver charge is double price of our price,1,2024-11-30 10:27:52,0
"Excellent prompt arrival of the cab driver Chandan who was so friendly ,helpful and a very caring careful cautious driver. His car/cab was very neat & tidy",5,2024-11-30 10:23:28,0
Please guys don't use uber uber driver froud My 9 to 10 km trip price rs 839 and I do complent but uber customer not support not responding,1,2024-11-30 10:01:26,0
the driver arrived on time and was very courteous,5,2024-11-30 09:54:49,0
"While booking the ride price will differ before and after Worst, they charge extra everytime",1,2024-11-30 09:51:29,0
This application is very good and this app helps us and also costs less money.,5,2024-11-30 09:50:41,0
You cannot rely on this app for accurate time of arrival estimates. You cannot cancel Uber One.,1,2024-11-30 09:49:13,0
First time I booked Uber good service price less and getting ontime service.thanks uber,5,2024-11-30 09:47:00,0
I am enjoying my free shuttle rides which I love the most and overall I had a very good experience,5,2024-11-30 09:30:08,0
"Extremely difficult to get rides. Even if I get rides, there are cancellations. Pathetic app!",1,2024-11-30 09:30:08,0
Today's Rider was best..,5,2024-11-30 09:11:01,0
"It's more expensive than at regular taxi cab. And if you cancel the driver coming at you, you have to pay a part of the ride, even when the driver takes forever to arrive.",1,2024-11-30 09:09:13,0
"Waste app and wrost policies and wrost help line and no proper support, After done the ride I have paid Cash to Driver which is showing in the app, After 30 minutes when I have open the app it is showing still on ride, and after that when driver got another ride he has colsed my ride then it is showing 3 Times more price then booking, and Uber wants me pay 900 rs for 259/- rs ride. Waste app, only driver and cabs favourites One not for rider. Waste and wrost Appp and service I have ever seen.",1,2024-11-30 09:08:11,0
"Far better less cancellation and quick booking keep it up uber , far far better than other competitors",5,2024-11-30 09:04:14,0
Initial price was low when we ended the trip the fare was too high,1,2024-11-30 09:04:13,0
So much nice to travel big cities,5,2024-11-30 09:03:18,0
Pretty good experience after a long journey n he made my day,5,2024-11-30 09:03:03,0
My trip was good I got home safe and on time 👌,5,2024-11-30 08:57:53,0
Fake payment showing in account,1,2024-11-30 08:51:36,0
Use OLA. Local for vocal. This is videshi east india company.,1,2024-11-30 08:28:22,0
The best uber i ever take this driver is 100 % best,5,2024-11-30 08:19:08,0
Wonderful! Jesus was great!!,5,2024-11-30 08:18:25,0
The driver not came on time that's I cancelled the trip now I booked new trip they charge 87rs worst experience,1,2024-11-30 08:04:36,0
Arrived right on time,5,2024-11-30 07:49:31,0
"stolen idea, copyrighted in 2004 from Australia",3,2024-11-30 07:47:54,0
Very timely. Needed to get to airport quickly so as not to miss my flight.,5,2024-11-30 07:44:11,0
Middle of the city. Empty ubers everywhere or parked up all waiting for that extra quid or two rather than confirming. 20-30 min wait. Unless you pay the 'priority' pick up of course. Black cab cheaper. Good luck,2,2024-11-30 07:40:52,0
Good way to get to work but some driver are bad but to be fair I get more good then bad,5,2024-11-30 07:37:08,0
"Arrived on time. Polite, professional driver. Well deserving 5 stars. Will not hesitate to use again.",5,2024-11-30 07:06:17,0
Good behaviour of the driver,5,2024-11-30 06:56:25,0
"Absolute rubbish... Had to wait for ages to find rider. Finally got connected to one that said it will take 17 minutes. When it was 1 minute left, rider cancelled... Back to waiting forever. Appalling service",1,2024-11-30 06:22:17,0
Great driver and service,5,2024-11-30 06:20:22,0
"The wait time was very fast. The drivers were very friendly. There is a problem with the site. It's much too harder getting into the website. And you guys website doesn't accept my bank card anymore. I did contact my bank, they said that IT'S THEIR WEBSITE THAT ISN'T accepting my card. But, guess who did? Lyft.",1,2024-11-30 06:15:48,0
"When it's busy, wait times are not extended.. but the price is, which does not go to the driver at all, the company just takes it all. I payed 80 for a trip, the driver got his standard rate of 24$",1,2024-11-30 06:09:36,0
They absolutely ruined the app. This new UI is horrendous and ordering a ride takes longer some how,1,2024-11-30 06:09:23,0
I've been using this app and uber for years pretty much when it started. These last few months SUCK and customer serive was garbage. I placed a food order and it switched to a different city. lol I notice it the first minute and tried to cancel but you have to go through all this other stuff before you cancel the order. But I finally cancelled it within 2 min and they charged me $49 and told me I shouldn't have cancelled it. Ummm I wasnt even in that city.,1,2024-11-30 06:04:07,37
Wonderful driver clean car smooth ride I highly recommend this driver 5 star in my book,5,2024-11-30 06:03:39,0
Quick friendly and cost effective,5,2024-11-30 05:54:02,0
The app keeps changing my actual location from where I need to be picked up resulting in drivers going to the wrong destinations,1,2024-11-30 05:43:41,0
"The driver was friendly, and he was diligent with his driving!",5,2024-11-30 05:33:30,0
The experience was awesome,5,2024-11-30 05:25:23,0
Good trip driver was very nice and helping,4,2024-11-30 05:24:41,0
"Very pathetic app , very pathetic... Always shows there is problem even if boarding points are changed....",1,2024-11-30 05:18:02,0
"Con artists projecting a trip costing way more than it actually does, this company deserves to be bankrupt",1,2024-11-30 05:09:11,0
"This has got to be the worst app on here. I have tried MULTIPLE times to reserve a ride. I select the date days in advance, the time, etc. It says it's confirming it, then bam. My ride is happening immediately. Then I get charged a $25 cancelation fee for immediately canceling a ride I booked to be days in the future and not immediately? What a scam. Update: After speaking with customer service, I was refunded the cancellation fee. It still sucks that this happened in the first place.",3,2024-11-30 05:06:34,35
Phenomenal service at a tip of your mobile with fast satisfying service!,5,2024-11-30 05:02:10,0
Very nice and respectful driver,5,2024-11-30 05:00:07,0
"Their estimated time and rate is ALWAYS wrong, how can they get away with such horrible service? It's commonly cheaper to take a local cab service, so don't be fooled",1,2024-11-30 04:46:03,0
Easy and convenient 👌,5,2024-11-30 04:41:51,0
not available in italy. It's a shame.,5,2024-11-30 04:34:51,0
"1st time using the app, enjoyed the discussion with driver who was experienced and willing to explain the workings of UBER...great service...",5,2024-11-30 04:28:53,0
"App is very easy to use, very 😊 happy.",5,2024-11-30 04:18:24,0
Caught in a jam and they showed up when all else failed.,5,2024-11-30 04:15:34,0
Uber is a very reliable and friendly service and I really appreciate the fair prices and I find that the Uber drivers are much more friendly then regular cab drivers always a interesting experience!,5,2024-11-30 04:06:53,0
"The driver was very professional, very attentive and soo friendly. Music was great and car was warm and clean.",5,2024-11-30 04:02:07,0
"Every code or ""password"" sent were met with ""bad request """,1,2024-11-30 03:55:44,0
First time using Uber and it was seamless! Definitely use again!,5,2024-11-30 03:52:18,0
"Used to be a decent service, now it's just too expensive just for a single ride down the street. Half the time the car is different or the actual driver is not the same person.",1,2024-11-30 03:45:53,0
Getting better at pricing than before,5,2024-11-30 03:35:36,0
Lovely lady . V chatty with 4 old gits on it 👍,5,2024-11-30 03:33:53,0
"My overall experience is good. I use Uber transportation to get back and forth to work. I work in the autism community to help support those with special needs. So I really appreciate Uber offering discounted rates and perks, very beneficial!!",5,2024-11-30 03:28:46,0
Absolutely very good service provide by uber thanks to uber,5,2024-11-30 03:23:26,0
Prices are unbelievable now.,1,2024-11-30 03:22:05,0
Excellent service always,5,2024-11-30 03:15:57,0
"It takes forever to get an uber these days in Ghana. Wait time is always more than 10mins, drivers keep cancelling after they accept rides. It's become frustrating now.",1,2024-11-30 03:10:02,0
Their drivers they are always prompt in picking me up and the price is always fair,5,2024-11-30 03:05:38,0
Nice for night in every city Uber is the best platform for giving best service for students and person,5,2024-11-30 02:57:59,0
"Make sure all your card information has been updated with the provider for more than a day, take the 10 mins to set up your account and bingo bango everything is super easy and fast. I mean everything!! Kinda expensive for rides, but really convenient!",5,2024-11-30 02:48:10,1
It's pretty great. Not much to say than that 😎🤩👌🏽,5,2024-11-30 02:47:53,0
I love that Uber drivers are very reliable and professional,5,2024-11-30 02:30:03,0
I can't open my app for 3 days now,5,2024-11-30 02:28:54,0
Exceptional driver. Awesome,5,2024-11-30 02:25:08,0
"DESGRAÇA DE APLICATIVO, NESSE PAÍS COMUNISTA NÃO TEMOS MUITAS OPÇÕES.",1,2024-11-30 02:09:13,0
So simple to use. Love it!,5,2024-11-30 02:00:28,0
Drivers failing to pick up riders from location. Drivers failing to arrive at correct location and then canceling ride.,1,2024-11-30 01:59:14,1
Uber is trash and they lie to much !! F This app !!!,1,2024-11-30 01:47:58,0
I can't change the distance to kilometers. The FAQ on the website mentions changing language in the settings but there is no such option.,1,2024-11-30 01:44:12,0
The experience has been great,5,2024-11-30 01:40:39,0
"safe clean cars, drivers have hospitality and they practice cautious driving.",5,2024-11-30 01:27:28,0
Very good 👍 Nice trip Polite and calm driver Very fast service,5,2024-11-30 01:24:04,0
"Prices lately aren't kept. At the end of the trip, they always charge at least 50% more without previous notification.",3,2024-11-30 01:14:22,0
Uber prices will have you paying R136 UberGo for a 2km local trip that normally costs R27-R40. They blame it on the high demand but it's just plain daylight robbery.,1,2024-11-30 01:11:09,0
I originally used uber back in the day but after a driver decided not to transport me because I had to go food from the restaurant in Vegas and then with uber eats I got sent a raw fish and they refused to reimburse me I canceled. Now I am trying it again. It still is not the most affordable in city limits but they cars are of better quality and cleaner,2,2024-11-30 01:10:36,0
First time uber user! Love it,5,2024-11-30 01:05:02,0
Very good service thank you. Miles better than Drive Taxis. The driver was great.,5,2024-11-30 01:04:38,0
Uneducated driver keep cancelling cabs doesn't understand any other language except kannada.. should atleast recruit them by checking if they can speak atleast one universal language.,1,2024-11-30 01:03:35,0
"Great driver, clean vehicle. A pleasant ride.",5,2024-11-30 00:58:22,0
"I just LOOOVE how y'all conveniently gouge your ride prices as soon as I'm about to request one. This has happened quite a lot recently and it's beyond aggravating. I wouldn't be complaining if most of the momey went to the drivers, but y'all have become so greedy and arrogant like everyone else, and I all i can say is that I wish y'all an unpleasant moment in your day.",1,2024-11-30 00:40:55,0
Good & safe transportation,3,2024-11-30 00:35:18,0
Best ride app in the world,5,2024-11-30 00:35:02,0
Cant add digital mode for payment. Free ride was showing but while Booking it is asking to pay for the ride.,1,2024-11-30 00:31:04,0
Driver was very efficient.,5,2024-11-30 00:28:08,0
Just takes money for an unverified trip,1,2024-11-30 00:20:53,0
He was very helpful very polite & he was very friendly 😀,5,2024-11-30 00:17:58,0
Best App For Minimum Charges to ride,5,2024-11-30 00:12:44,0
This company and app Is the worst to work for. Please do not use them. They will take your money and there is no support from Uber support. Worst company I have worked for. Also there security is horrible. There background is a joke. They have so many people driving illegally and delivering to peoples houses and there illegal and some even are crooks looking for the right moment. Be careful if you order from this app.,1,2024-11-30 00:10:41,0
I had an issue with a driver and customer support is no help,1,2024-11-29 23:39:26,0
If you don't have in our town why you are keep on showing this add,1,2024-11-29 23:31:09,0
"Worst rate possible! If you put in for a ride a charge immediately put on it,when u try to add a second it changes but in the end you get charged for the first and the second as a whole. That's 2 charges! Uber ripping off!🤬And haven't reimbursed me yet for 2 separate charges 😡",1,2024-11-29 23:28:50,3
"Availability is less, rest all good",5,2024-11-29 23:09:44,0
Fast and affordable 👌,5,2024-11-29 23:06:30,0
"I'm disabled and have a wheelchair, most drivers don't want to drive me when they see I'm in a wheelchair and it's usually the african drivers. When I book a ride they give me a price but when I get to the destination the price change and then the drivers get angry and swear at me. Pathetic service. I'm deleting the app and my account after this.",1,2024-11-29 22:55:42,0
Great service awesome quick response recommend,5,2024-11-29 22:53:27,0
"Fantastic guy , good driving",5,2024-11-29 22:46:12,0
"I have been using uber app from last 3-4 years. Driver Asked me to cancel the ride while I was keeping the bag in backside and then he runn away with my laptop bag kept on the front seat. After multiple attempts to call center got his contact details. Then after 2 hours he came and demanded cash of Rs 5,00 for returning my bag. Very rude behaviour of driver. Made me feel unsafe. Doubtful I will use uber from next time",1,2024-11-29 22:42:10,0
Uber has a very friendly interface with their passengers. It is highly to all who are on transit to make use uber.,5,2024-11-29 22:35:43,0
The app always takes the drivers the long way and it's very inconvenient for riders,1,2024-11-29 22:34:03,0
"Have you ever noticed that the price shown to you at the start of the ride is not the same as that charged after the trip? You are not alone. They do this all the time, charge way way more at the end (even if the route, distance and time is within the bounds). I would suggest, move to some other app instead of relying on these cheaters",1,2024-11-29 22:28:29,0
"Your so called Driver Madarchods are asking to pay 1000 rupees for a 35 KMS ride. Besides they are forcing us to cancel, now your app is not allowing me to book a ride. Just let me know what kind of trust I have to place in you.",1,2024-11-29 22:28:11,1
Better prices then other apps,5,2024-11-29 22:27:26,0
"Not sure how long it takes to get drivers set up in Berlin, but it always takes 5 - 10 minutes to connect to a driver. Pretty poor service.",3,2024-11-29 22:17:17,0
"They have raised the price so much I can barely afford it anymore, a year ago it was $7 now they want $13 for the same trip almost double in a year",3,2024-11-29 22:16:11,0
"Budget friendly appa ,help to middle class families",5,2024-11-29 22:13:16,0
very bad experience usually drivers are delaying the trip. also if we cancel the trip our money will be lost,1,2024-11-29 22:06:26,0
Excellent response; semi-easy to use; good drivers; told me where I need to be to be picked up.,4,2024-11-29 22:01:19,0
Very nice person and professional,5,2024-11-29 21:59:38,0
"New update today (29th November 2024) is awful. Drivers unable to detect my location correctly, and says I am 2.5 miles away from my pick up point.",1,2024-11-29 21:59:22,0
"Show's amount is correct, accepted ride early",5,2024-11-29 21:57:30,0
I was happy with Uber until I got charged for waiting time when I was the one waiting for the driver.,2,2024-11-29 21:53:40,0
"Warning: everyone be careful with Uber Eat. Recently, Uber Eat specializes in taking orders from you. Today, my relatives and I ordered food from a Vietnamese restaurant for nearly 5000 rs, requiring online payment. Then the delivery person informed me of the wrong address and canceled my order, so I lost money unjustly. A few days ago, my friend also had the same problem. I promise I will never use Uber Eat again. And will warn my friends and relatives. Extremely disappointed.",1,2024-11-29 21:53:11,0
I was very happy with this appp But today i could not have been veryyy much disappointed double the amount for traffeling seriously i always use uber but today you disappointed me i usually paid R150 to R170 but today OVER R200 SERIOUSLY,1,2024-11-29 21:48:11,0
"I'm tired of all the over charges. Wrong pick up locations always wrong drop off. Made up traffic charge, made up waiting charge. This is every time.",1,2024-11-29 21:47:00,0
My driver was very polite & considerate also on time!!,5,2024-11-29 21:40:00,0
"Very convenient app, sometimes exaggerates on the price, reserved prices shouldn't be more expensive than realtime rides.",3,2024-11-29 21:36:29,0
"The app is not without merit but I've had a bad experience with the highly promoted car rental which has resulted in me losing a fair amount of money. The flow to rent a car is deceptively simple - lacking transparency on some of the requirements - and the TnCs are vague at best. Do yourself a favour and don't bother rent through Uber! But if you must, run a DVLA check first... If your record is anything but spotless, assume the hirer's won't release a vehicle and Uber will make a tidy profit.",2,2024-11-29 21:28:41,13
Worst App. Ola is faster and better than you,1,2024-11-29 21:25:52,0
Very good. Driver was courteous and driving safely.,5,2024-11-29 21:23:04,0
Fantastic Kiran is so polite and a pleasure,5,2024-11-29 21:16:21,0
"Booking a ride if a complete failure in uber as ...the app is auto applying coupons and making charges so low that drivers are not accepting any ride...facing too many issue where either there is no booking even waiting for an hour or after accepting a ride, ride calls and asks what is the amount and then cancels the ride...truly pathetic",1,2024-11-29 21:15:44,2
Good and happy about it,5,2024-11-29 21:13:20,0
👌 Great every time!!!,5,2024-11-29 21:06:39,0
"Very courteous, friendly driver",5,2024-11-29 21:05:51,0
Swift and seamless service,5,2024-11-29 20:58:03,0
GPS messes up. Switches pick up and destination spots. No customer services.,2,2024-11-29 20:50:59,0
"Good prices, most drivers are polite and chatty. Normally is very quick in picking up unless the roads are busy then the app will inform you and 9 times out of 10, the drivers will listen when you direct them the faster route.",5,2024-11-29 20:49:34,2
Why can't I cancel once rider has already started the trip. Because he hasn't picked me up,3,2024-11-29 20:46:49,0
One of the best app for travelling with affordable rates and safe driving.,5,2024-11-29 20:39:02,0
"Prompt pick up, smooth journey, polite and professional. Thankyou",5,2024-11-29 20:36:43,0
Your prices are really high Hate from india,1,2024-11-29 20:36:37,0
Easy to book prices is perfect,5,2024-11-29 20:32:13,0
"Useless Use that wait and save option Wait 15 minutes Still cant get an uber. What's the point of such options then? This app only works when you dont need it to If you need to urgently get somewhere, rather walk Underpaying drivers Overcharging riders Useless",1,2024-11-29 20:31:59,0
Awesome first ride in a while,5,2024-11-29 20:28:39,0
"Hard to reach customer support, careem is better in that aspect but uber has better drivers",1,2024-11-29 20:27:49,0
"Paid for a ride. Driver accepted. Driver canceled. Then, to order a new ride, the fee suddenly jumped up hy an extra R30? Ridiculous.",1,2024-11-29 20:25:16,0
Easy & Attractive App interface. Quick response & Good Service with Reasonable Charges.,5,2024-11-29 20:17:07,0
Good 👍😊 easily available,5,2024-11-29 20:05:56,0
There's a new fee that I don't recognize and that is not reflected in the price that is stated the price to be,3,2024-11-29 20:04:13,0
Very quick and reliable,5,2024-11-29 20:02:12,0
Drivers are in time good,5,2024-11-29 19:57:10,0
Extremely bad service the worst ever I have never experienced such poor service waiting more than 3 months for feedback pay what I owe but a day or two later must pay extra also never received a parcel that was supposed to be delivered by me 3 months ago but paid for the parcel and for the delivery,1,2024-11-29 19:53:03,0
Excellent service provided by him,5,2024-11-29 19:51:31,0
A safe ride with a professional driver always a good trip,5,2024-11-29 19:38:53,0
Cannot switch payment method from cash to debit card. It says try again.,1,2024-11-29 19:36:19,0
"Convenient, Economical and timely means of conveyance to one and all.",5,2024-11-29 19:32:18,0
Very efficient . love that you can see where you are going. The drivers certainly know what abd where I go 😜,4,2024-11-29 19:25:00,0
"My worldwide taxi bit high fare as compared to local app, uber can work on single debit card for all countries for frequent traveler like me",4,2024-11-29 19:21:39,0
Can't seem to get any help. The call feature doesn't work either. A ride at peak time is costing $25 to go 1km to take my special needs kid to school. That's over $60 a day(after fees) to take my kid to school. TAXI is cheaper.,1,2024-11-29 19:14:33,0
"Very fast, easy & I live the whole voucher program that's included,",5,2024-11-29 19:05:52,0
very nice for unknown person.,4,2024-11-29 19:05:22,0
"Worst app ...it was shown rupees 138 before I start a ride ..but after reaching my destination, driver was showing rupees 213 in his phone ... What non sense is this ?? Is this a joke or what ?",1,2024-11-29 19:04:24,0
Worst ever!!!! Shows wrong direction so that they can charge more.Shame on you!!,1,2024-11-29 19:03:55,0
Many times you return money and charge back more for 10 days old trips. Stop fooling people!,2,2024-11-29 19:00:03,0
My preferred way going from A to B.,5,2024-11-29 18:59:25,0
"My driver had an accident and I injured my hand and leg. And I didn't like his behavior, even abused him in bad language. West Bengal kolkata",1,2024-11-29 18:54:19,0
More convenient than others,5,2024-11-29 18:51:02,0
"Waste of time no cabs coming, bcoz cheap rates, uber app pushing drivers family to road...",1,2024-11-29 18:49:58,0
"Never had a problem, all the drivers ive had were wonderful, quick, and nice.",5,2024-11-29 18:49:20,0
Great rite at right time reach airport. Nice driving,5,2024-11-29 18:39:31,0
It's refusing cash payments for whatever reason.,1,2024-11-29 18:37:36,0
"scamsters! stil sux. gets suckier everyday. always random charges and when i do make a booking, they charge me more than the price we agree to. and sometimes charge me twice like wth. i get tbia charge AFTER getting in the cab ro reaching destination so they make it too late ive lost over 1000 on uber messing up and havent seen any of it back. they SOMETIMES get back to you when they mess up. but they're ALWAYS messing up and its not worth paying more for nothing than the service itself",1,2024-11-29 18:37:33,34
Good ride . Cooperative,5,2024-11-29 18:32:39,0
Proper fair but need more rider to include.,5,2024-11-29 18:13:05,0
It was wonderful. And safe...,5,2024-11-29 18:12:46,0
"I use Uber very frequently and have been for a few years without any notable issues or complaints. My pickups are quick and drivers are always very nice. Having this option, that is a lot cheaper than the local cab companies, is a much welcome and greatly appreciated convenience in my life! Update: Wrote this in 2022; it's now November of 2024 and I'm still loving Uber with no complaints! 💖",5,2024-11-29 18:10:57,23
Worst app don't use it. Better use other ones,1,2024-11-29 18:04:03,0
A smooth experience in my first ride with uber.,5,2024-11-29 18:01:18,0
"Yesterday on 28/11/2024, I took the uber drive, driver delivered me at wrong location, it was not his fault as the Google map was not showing it correctly. My fare was 110 , he told me that you had to pay extra charges for extra 1.9 km . I said ok. But I didn't receive any message from uber , then he said pay 220. I didn't receive any message from uber about payment. But I paid him , but after few minutes I checked that it was 118 rs. I raised request in uber, but uber denied it.Poor experience",1,2024-11-29 17:56:03,0
It was a great experience the good Uber driver,5,2024-11-29 17:44:41,0
Uber hikes up the price of rides if we look now and come back later. Overcharged me Rs.70,1,2024-11-29 17:27:16,0
"I am very disappointed with Uber drive ...There is never any option for a bike on Uber, they only give the option of a car.So I am very disappointed",1,2024-11-29 17:27:16,0
Glady driven both miles. Seemed nice.,5,2024-11-29 17:26:40,0
So far no complains. Useful app specially moving through USA.,5,2024-11-29 17:26:15,0
I couldn't book my ride.. please solve the problem.,1,2024-11-29 17:26:07,0
"I missed my exam bcz of this application, continuously cancelling my rides and i have to wait 1 hour for the cab, .I had to wait for 15 minutes but still the cab did not arrive, it was a very bad experience...nd it's very frustrating",1,2024-11-29 17:19:42,0
Great driver and good service,5,2024-11-29 17:17:25,0
Fully waist of time with this app. Riders not picked up and some time they pick but cancelled immediately. Totally useless.,1,2024-11-29 17:16:56,0
Not at all good experience at the time of pick up charge was around 298 and at the time of dropoff it suddenly changes to 403 even I have screen shot very poor price management very bad experience,1,2024-11-29 17:05:28,0
"I've been using the app for many years now. Some months ago, when I reserve a ride for some hours ahead, it wont show up on my app and I need to stand outside asking cars if they're there for me Support is terrible, I've been telling them but no one seemed interested in fixing it",1,2024-11-29 17:05:14,3
"Every time this company charges me more money after a ride, no one should use this app.",1,2024-11-29 17:04:31,0
"First time using it, and I didn't regret it. Nice",5,2024-11-29 17:03:42,0
"Whenever I try to call the driver through the application, I receive a message that it's a wrong number!!!",4,2024-11-29 16:59:09,0
"Useless app, most of the time, drivers cancel trips without reason.",1,2024-11-29 16:53:11,0
Good app for request car.. But sometime dryvers hijited to came location.,2,2024-11-29 16:49:53,0
Getting Drivers takes a lot of time sometimes more than 30-40 minutes. Due to this my neighbours get almost late for their Train Journey,2,2024-11-29 16:34:03,0
"Useless app now they even refuse to connect with the drivers and shows as 'sorry it seems that there's no vehicle available, please come back later' but it clearly seen that there's multiple vehicles available. Piece of trash.",1,2024-11-29 16:33:19,0
It show the car and price but while booking it took above 10 minutes for updating about driver after 10 minutes it doesn't update any driver and automatically cancel the ride.,1,2024-11-29 16:33:01,0
First time user. Understandable app. Able to make reservation more than a month in advance. Satisfactory update notices. On time. Professional.,5,2024-11-29 16:21:48,0
"Very bad app ,worst does not work while it is needed , no option to choose the vehicle model... terrified..",1,2024-11-29 16:15:10,0
App is fine but the service is dependent on driver,5,2024-11-29 16:12:51,0
"Due to a personal emergency during the last month I used Uber here in George. I was a bit skeptical but was wonderfully surprised. Friendly, efficient and safe. Many thanks to the drivers.",5,2024-11-29 16:10:56,0
Maha faltu app with many issue,1,2024-11-29 16:10:40,0
Great always available and on time,5,2024-11-29 16:10:22,0
Waiting time is too long I hv been trying from atleast 30 to 45 minutes no one is ready to come I tried to cancel and then agn do it but still no one is accepting What a rubbish app 1 guy accepted my request and then cancelled it for some nonsense reason I am gonna tell everyone to to not download this app and give 1 star to it I hv many contacts So don't try to act smart Uber app It's a rubbish and the worst app ever I hv seen in my life Ola is way much better that this,1,2024-11-29 16:09:59,0
Absolutely flawless service. My no. 1 transport service to anywhere in the world.,5,2024-11-29 15:56:45,0
Some driver can not read maps. With that being said Some chose a pick up which is 20 min away from where they are it dies not make sense at all Uber is expensive. Most time the wait is very long Some driver play radio or music loud. Some driver are very polite. Some cars are very clean whilst others are.....,2,2024-11-29 15:53:24,1
Sydney Uber is always super fast and very nice drivers and cars.,5,2024-11-29 15:48:28,0
Nice expression to uber,5,2024-11-29 15:25:10,0
Great App Facility Recommendation !!!!,5,2024-11-29 15:23:56,0
We need uber in Thrissur also please bring there too,5,2024-11-29 15:16:28,0
Nice friendly driver. Nice chat on the journey. i don't like silent journeys. That's me,5,2024-11-29 15:05:46,0
Please mention correct amount of the ride for customer.,2,2024-11-29 15:02:59,0
I booked a ride which charge is 45 ruppe but when i complete the ride app showing 76 ruppe... This is financial fraud... I will complain,1,2024-11-29 14:47:11,0
Amazing rides with many choices and friendly 🤗🚕🚖.,5,2024-11-29 14:47:05,0
Smooth rides and best pricing for customers.,5,2024-11-29 14:44:02,0
"No option to select drivers who will only accept electronic payment. Tried to use the service in egypt and was a total scam. The drivers started to haggle straight away and if you do not accept the ride, you still get charged for cancellation. Absolute joke!",1,2024-11-29 14:38:51,1
"Never even managed to book a trip, account was blocked with no explanation! Also there is no option to select drivers who accept electronic payments only. Very poor service and support. Will rate zero if I could!!!!",1,2024-11-29 14:36:10,1
I had raised a ticket 2 years back its still not resolved. today i installed this app to use it - showing to pay the pending amount where it was paid that day itself.,1,2024-11-29 14:22:50,0
Hard to get a taxi in Springwood in the rain so thanks to Uber for getting us home 🙏,5,2024-11-29 14:06:34,0
"The promo offers are just lie, when promos are applied no driver accepts the ride, stop fooling customers",1,2024-11-29 14:02:53,0
Worse company to provide customer support. If you want to reach to thier customer support you need to wait till end of world..,1,2024-11-29 13:36:14,0
Very good app now a days bookings are accepted fast,5,2024-11-29 13:30:10,0
I have multiple large unauthorized transactions from Uber. I did not authorize them and they are not showing up on the app. But they are on my bank. Unfortunately its impossible to reach out to uber via phone. They are just stealing money and committing fraud by stealing money.,1,2024-11-29 13:27:39,0
On time and friendly chauffeur.,5,2024-11-29 13:24:24,0
"Takes forever to find a driver, and when they do, it takes driver like 8 minutes just to get to me. I live in a populous area!",1,2024-11-29 13:21:19,0
why it the app directing the driver to pick me up nearby rather than at the actual address? it is very annoying and causing me problems.,3,2024-11-29 13:12:53,0
"Loving The app but... They should really have Uber Black in East London, South Africa",3,2024-11-29 13:00:56,0
On time app will give you hand,1,2024-11-29 12:58:22,0
Worst app when no driver pick up ride when I need and this 1 star I give them so I can write here,1,2024-11-29 12:57:12,0
Very comfortable and professional,5,2024-11-29 12:51:54,0
"I wish there were negative ratings. Driver calling and asking where do I want to go, after knowing the location he cancelled it.",1,2024-11-29 12:48:43,0
Money from my savings account has been deducted and i haven't even requested a trip from uber.I've checked those around me that may have my card details and none of them have used uber services so now my money's just going to keep disappearing.,1,2024-11-29 12:47:54,0
"It's hustle getting a refund, that's if you are going to get it Till this day, i didn't get my money back on a canceled trip",1,2024-11-29 12:39:50,0
Worst app. They don't take any actions against their driver's inappropriate behaviour. Literally ended up paying twice for 2 rides as it still showed pending amount even after paying. No helpline no. For other issues excluding safety issues. Even after raising ticket multiple times no response from their side.,1,2024-11-29 12:37:42,3
"He is a very good driver. Courteous ,well behaved & attentive. Thanks.",5,2024-11-29 12:34:02,0
Very Nice people who has pick me up.,5,2024-11-29 12:32:09,0
Cheap n affordable prices for cabs,5,2024-11-29 12:31:09,0
Good service and fast booking,5,2024-11-29 12:29:30,0
Won't be making use of uber for transportation anymore. They offer you a ride for R32 and then afterwards you get a bill for R52 without a heads up or even an explanation of why. The support is null in void. Seems like AI has taken over their support channel. Will only be making use of Bolt at least on their app you get charged one amount and they don't charge you more than what was offered. Uber has really gone down hill from the last time i made use of them as this has never happened before.,2,2024-11-29 12:17:37,0
"It's gotten so HARD to get a ride. 20 plus minute waits. Drivers who are late on purpose and hitting they're ""here"" 5-7mins before arriving. Do better @uber!!!!!",1,2024-11-29 12:15:10,0
"I never used Uber, because when I first tried to make an account years ago. I was told cannot make account, as I already have an account. If I tried to login, I was told: this email dose not have an account. Fast forward to today: I just set up an account, and you cannot pick a custom destination: trying just won't work. I wanted to be dropped off at my Native Tital lands. But this app is still brocken trash.",1,2024-11-29 12:14:03,11
Worst service now a days. Had accident while traveling also another time drive behaved very rudely and asked for extra money. Raised multiple complaint against them but no action taken till the date. No concern and no safery for passengers at all.,1,2024-11-29 11:32:03,0
Great service! Rates are cheaper than OLA.,5,2024-11-29 11:24:39,0
Why the flipping heck are there ads on this app?,1,2024-11-29 11:22:38,0
"It is a cheating app. While booking the ride it shows as 400 rupees and it increases to 680 while dropping. Because of this, conflict is being created between drivers and us. There was no traffic also. Its their trick to choose their platform when compared to others like ola or rapido. I suggest everyone to prefer ola or rapido. Because their price is fixed and it will not vary like uber's",1,2024-11-29 11:22:05,84
Prompt reserved trips...in luv it :D,5,2024-11-29 11:19:27,0
"Drivers will frequently cancel, the ""drop of by"" time is completely wrong, prices will change randomly for no reason, this app cannot be relied upon to get you where you want to go",1,2024-11-29 11:14:55,0
It may help ful in emergency time,5,2024-11-29 11:10:07,0
"The app it a money hungry parasite, 50$for a 10 minute ride is crazy and then on top of that the driver was only getting 15 .SO MORE THEN HALF IS GOING TO THE MIDDLE MAN !!!!!AND THEN ON TOP OF THAT AFTER YOUR RIDE IT OVER THEY THEN ADD AND ADDITIONAL CHARGE FOR THE BOOKING FEE ,PLEASE EXPLAIN WHY THE BOOKING FEE WOULDN'T BE UP FRONT WHEN YOUR BOOKING THE DAMN RIDE!!!",1,2024-11-29 10:56:25,0
Never works in our area,1,2024-11-29 10:56:09,0
"Excellent rideshare app. Also, I like the safety checks feature including a pin to verify the ride/rider, audio recording, etc.",5,2024-11-29 10:52:31,0
I am saying that don't download this because they take ride but in 5 to 10 min they cancel the rides and this type of thing happens with many peoples and that's not acceptable from this app At the end right now this app is really frustrating to many peoples,1,2024-11-29 10:31:37,0
"Food was cold, late delivery, missing drink. Never again",1,2024-11-29 10:16:28,0
"Excellent service, we are satisfied",5,2024-11-29 10:11:23,0
Do not have frequency of cabs or autos even in crowded residential areas. It keeps finding driver even if I close my app.,1,2024-11-29 10:03:07,0
"90% of the time Didi is cheaper than Uber for rides and most of the time its a $5-10 difference so a significant amount. As for Ubereats, why am I still paying ubers prices for food when I am picking up? On doordash the prices go down to the normal store prices as if you were buying from them directly, but on uber for some reason you are paying the full amount as if you were getting it delivered. Why would I use Uber at all if both Didi and Doordash are significantly cheaper most of the time.",1,2024-11-29 09:57:17,0
Is not displaying trip details in the inbox. Cannot send thanks for the tip to customers.,1,2024-11-29 09:54:25,0
The drivers are all polite and drive with care. I couldn't ask for a better way to get around in Columbus Ohio.,5,2024-11-29 09:50:52,0
Wait and save is a scam,1,2024-11-29 09:48:00,0
"disappointment, they ll keep you waiting for an hour then ll call you ask for cash,then again keep you waiting & say maam cancel am not coming,. Kindly refrain riding the bike with rider name bipin with bike hf delux hero. He is a thief & run away after you give him the code",1,2024-11-29 09:45:49,0
"perfect, affordable and hassle free can service for Indians.",5,2024-11-29 09:39:36,0
"Uber is targeting drivers in MA that openly supported the bill for unions in MA, making false claims to deactivate them.",1,2024-11-29 09:32:51,1
I didn't tipped. Still asking me to pay the tip amount.,1,2024-11-29 09:26:37,0
"Good ride, the driver was nice and interactive",5,2024-11-29 09:22:20,0
Super application..... Best service,5,2024-11-29 09:19:03,0
Best Experience with Uber 👍👍👍👍👍,5,2024-11-29 08:59:19,0
"Fast, friendly, and affordable Thanks to this company & the awesome people who drive me to get groceries and stuff! 💯",5,2024-11-29 08:55:27,0
Why do we have to pay for driver cancelation trip worst service i cant refund my money because no qr code change your settings not to charge your customer then i waited for almost an hour to find driver very worst apps now i cannot print invoice with qr code very worst apps again very worst taxi it take up time for pick up driver doesnt reply,1,2024-11-29 08:50:26,3
Awesome. Driver arrived very fast. Was courteous and helpful. Very much worth it. First time using Uber.,5,2024-11-29 08:49:54,0
"If I close the app it still confirms ride , really bad",1,2024-11-29 08:44:36,0
"My driver was on time, professional, and cordial. Fare was appropriate for the milage.",5,2024-11-29 08:42:22,0
very good experience with Uber,5,2024-11-29 08:34:59,0
"After advance booking to airport, last minute uber is sorry for not arranging driver. But assigned 2 times drivers...",1,2024-11-29 08:02:36,0
Nice service at affordable price in KSA.,5,2024-11-29 07:41:13,0
Uber personal at the airport was very helpful,5,2024-11-29 07:32:03,0
We Good and safe trip in uber. The driver was good behaviour and also a helping person.,5,2024-11-29 07:24:20,0
"Great Driver, very passionate about his job and extremely helpful, courteous. A true asset.",5,2024-11-29 07:11:21,0
I'm a pissed pissed customer!!!! I rate Uber a 00 right now !!!! I'm mad because I'm disabled and my pace Ada voucher is supposed to apply and I'm sick of waiting for refunds !! I can't use Uber until I get reimbursed for my pace Ada voucher because I'm disabled and it's not fair to me !!! I'm a pissed customer until this problem is resolved!!!!;,1,2024-11-29 07:05:20,0
Never able to book a ride in the early hours.,1,2024-11-29 06:55:48,0
Uber drivers asks for a high fare while the price displayed when we order ride,3,2024-11-29 06:48:41,0
It's not my fault you don't have enough cars on the road and I'm unsafe when your app says 7 minutes later I'm still waiting 20 minutes and I cancel and get charged I won't be using your services anymore,1,2024-11-29 06:48:32,0
Ride was perfect driver was great wonderful experience will use Uber again thank you,5,2024-11-29 06:34:54,0
This is an amazing app,5,2024-11-29 06:32:16,0
The driver was understanding to me for not being 100% certain about the address.,4,2024-11-29 06:24:02,0
Very poor quality car,1,2024-11-29 06:23:52,0
This round trip was awful from the billing side. I was billed incorrectly...overcharged and misuse of my credit card. I will not use uber again!,1,2024-11-29 06:19:22,0
"No longer a useful app. Takes forever to assign a driver and then they cancel on the way to you if a better ride comes up. Customer service non existent. Call a local cab company, it'll be cheaper too.",1,2024-11-29 06:14:56,2
Uberx is pretty nice 👍🏿,5,2024-11-29 06:14:38,0
"Amazing drver,great service",5,2024-11-29 05:21:24,0
Joined tonight found the set up a little daunting took me awhile to understand the process (still not sure)but a taxi arrived!!Supposed to get £5 off but no mention of it!!Still don't understand everything like the 5% off thing.,3,2024-11-29 05:17:11,0
First time experience using Uber. Excellent 👌,5,2024-11-29 05:08:33,0
Uber does not only think about your safety but it also considers your wallet. I love uber because of affordable prices and very good promotions and the comfort that the drivers make me feel,5,2024-11-29 04:44:32,0
My driver tonight was very nice and helpful with my groceries,5,2024-11-29 04:42:01,0
"Full of racist entitled drivers, there is no background check on drivers done. Dangerous!",1,2024-11-29 04:34:06,0
I bought the uber one subscription and I did not receive the zomato coupon and moto saver option is gone..,1,2024-11-29 04:24:27,0
Darla was my VERY FIRST Uber driver @ she was AWESOME @ A VERY SAFE DRIVER...I highly recommed Uber because of her,5,2024-11-29 04:18:22,0
Very nice driver and car.,5,2024-11-29 03:39:26,0
"It's very convenient, and the people are nice.",5,2024-11-29 03:27:13,0
Booking a trip is very easy.,5,2024-11-29 03:11:46,0
"Charged cancellation fee and nowhere in app can you query or find out why. When you call driver, he did not answer. We had not cleared customs when ride was cancelled. Very very poor the way this is NOT handled with customer service in mind.",2,2024-11-29 03:07:08,1
"Try and find customer service, similar to a 🦄 for uber!",1,2024-11-29 03:01:00,0
"I use Uber in Melbourne, Sydney, Brisbane and the Gold Coast. The only problem I've ever had is the pick up point at Crown Casino in Melbourne. Two different drivers claimed to have arrived but didn't. I received a $10 fee in my account. Apart from that I find Uber excellent.",4,2024-11-29 02:58:10,11
"1. I'm offered pickup in 2-3 minutes, then cycled through 4+ drivers that cancel. Wait ends up being the period where drivers cancel plus 8+ minutes for the closest driver willing to accept my ride. It'd be better to spend longer finding a driver that will actually pick me up and not show me the many that cancel. 2. Ordered an Uber from the airport. Got cancelled after he was a minute away. Uber driver quality is only getting worse",1,2024-11-29 02:51:31,0
They are adding additional hidden fees and the drivers have been taking a lot longer. Consider taking a cab if you can.,1,2024-11-29 02:45:08,0
"I dislike the fact that you only get the option for 3 people, why is there no 4 person option? Now I need to pay additional fees for 2 people extra that aren't even there. And this was never a problem when I first started using the app.",1,2024-11-29 02:42:12,0
Been loving Uber since 2016,5,2024-11-29 02:24:52,0
why I am forced to give opinion ?,1,2024-11-29 02:20:36,0
"Signal is shocking shows drivers miles away from where they actually are. When waiting I have no clue when they will turn up. Drivers pass you about between drivers, it's gone downhill. Terrible to use now.",1,2024-11-29 01:47:54,0
Comfortable ride but bht wait krate h,5,2024-11-29 01:31:34,0
It was a very good ride,5,2024-11-29 01:31:15,0
This is literally the fourth time or fifth time that I've had this damn issue with Uber and they just won't fix it. I ordered something hours ago and they lied and said IT was delivered. Hours of waiting with my door open and they didn't even knock. I'm pissed,1,2024-11-29 01:15:42,1
Uber one has changed me and I can't unsubscribe from it,1,2024-11-29 00:59:34,1
One of the worst experience from Uber in last 2 days. I have already paid the trip amount to uber still I am getting message that payment failed and devoted amount will refund shortly and unable to book the ride for personal work. If I am going to book ride then it says needs to pay outstanding amount to uber. Why I need to pay outstanding amount to uber I don't know. It's uber problem because I have paid amount digitally to uber and not getting refund as well then why I can move & repay amount?,1,2024-11-29 00:55:24,4
"Bad. I have repeatedly watched your navigational system input inflated routes, extending them unnecessarily. Unnecessary extra turns, driving through housing when not necessary and don't say construction I KNOW where the construction is in my small town. 20 minute waits for what is a 15 to 10 min drive because you're not taking the most efficient route is ludicrous. I feel like I'm being ripped off",2,2024-11-29 00:41:06,7
"Overall ok. Just cannot understand why so many times it ""updates"" the price to a higher fare just seconds after you have confirmed the ride. Price should be fixed to the fare shown at booking time. App should not let the driver cancel the ride after he has confirmed the booking. Just makes you lose tim",4,2024-11-29 00:36:24,1
Friendly driver and good price,5,2024-11-29 00:17:01,0
worst app plz don't download,1,2024-11-29 00:15:37,1
It was a great ride and the Driver was such a Gentleman. Happy Thanksgiving.,5,2024-11-28 23:57:08,0
The most convenient and easy way to get home from just a tap away.,5,2024-11-28 23:48:32,0
the 1st driver never showed up,4,2024-11-28 23:46:40,0
"Very pathatic service at patna bihar. They don't have any control on driver. I have booked return pickup at night for my family, two driver called me that they are reaching to pick up and strength thing is that I see his location is near pickup but when I called him they told he far away from there. What is it if Uber don't have monitoring for that it is not acceptable. Finally I went to receive my family when thy book themselves for uber and the driver taken mony without any ride because",5,2024-11-28 23:40:32,0
The uber arrival estimations were off (either due to algorithm issues or driver delaying) and it made me late to my appointment. There is no way to give this feedback inside the app and no coupons were given. Poor service delivery.,2,2024-11-28 23:34:26,1
"my driver took own route and uber take extra charge from me, also he dropped me at far location",1,2024-11-28 23:23:38,0
I hate these type of questions. I am sure you know what is good or not.,2,2024-11-28 23:21:23,0
thank you Uber for the amazing discounts,4,2024-11-28 23:17:52,0
"Love this aap... Every time in use nd help me , my family",5,2024-11-28 23:17:27,0
fails to accept most Brazilian credit cards. useless.,1,2024-11-28 23:14:49,1
My driver is very good excellent 👍,5,2024-11-28 23:12:21,0
Uber good but not when they change you for missing a ride because the driver don't tell you he there,4,2024-11-28 23:11:13,0
Excellen Cabs Service. Good Drivers🥰😘👍,5,2024-11-28 23:03:33,0
Grt8 service even at late night,5,2024-11-28 23:00:09,0
Picked up as requested in spotlessly clean vehicles and very mannerly driver.,5,2024-11-28 22:57:13,0
Uber the kings of Price Gouging,1,2024-11-28 22:47:40,0
"Very High Prices , not interested anymore",1,2024-11-28 22:45:51,0
Unsafe and not verified drivers,1,2024-11-28 22:45:14,0
Good transportation services apps,4,2024-11-28 22:43:55,0
I feel unsafe using this app in egypt,1,2024-11-28 22:43:34,0
"On time, polite drivers and clean cars",5,2024-11-28 22:42:47,0
have a very nice experience,5,2024-11-28 22:41:00,0
Good driver and good service,5,2024-11-28 22:22:22,0
The ads. Yuck. And the car tracking on the map is still awful.,3,2024-11-28 22:20:40,0
Why are drivers charging fees for trip they don't even meet and cancel the time they want to? And why isn't there an option for customer support call? Are we supposed to pay charges for the trip we didn't even take?,1,2024-11-28 22:19:39,1
Compare to ola all rides on low price in uber,5,2024-11-28 22:13:19,0
Has it got worse over the years. Nearly unusable now with the latest priority update.,2,2024-11-28 22:11:18,0
I have good experience with uber cab.,5,2024-11-28 22:07:36,0
"Trash application, bad time expectations",1,2024-11-28 21:58:39,0
Love my experience with Uber! Never had bad service,5,2024-11-28 21:40:46,0
company is trash. app is decent,1,2024-11-28 21:35:13,0
Very bad experience from uber as I have booked a cab for Rs 354 and they charged me Rs451 at time I left the cab I paid that amount as I was in a hurry But this is ridiculous there is not support option or help in app you can just give feedback for rider I have complained twice in app but no response The rider took another route and there was also traffic or moreover he was sleepy and so slow which made ride 34 mins longer than shown on time of booking cab Why am I charged higher I don't know .,1,2024-11-28 21:33:32,0
Better than any other cab service,5,2024-11-28 21:29:43,0
"Very good response, thanks",5,2024-11-28 21:25:42,0
such a wonderful app for travel at affordable cost. thank you love it,5,2024-11-28 21:21:35,0
Help and Coustmer care are failed,2,2024-11-28 21:19:05,0
"Afte the completion of ride, driver asked for cash. Even after cash was paid to the driver, the application is asking to pay online. Wasn't aware how to find customer service number. After too many efforts the complaint was raised, but response that received was unexpected. They said we only address the complaints within 30 days from ride was taken. Hence had to move towards your compitators. You people are indirectly forcing to stop business with Uber.. Ridiculous experience..😡",1,2024-11-28 21:14:45,2
This is a serious concern that Uber now takes longer time 😕.That is beyond the tolerance level,3,2024-11-28 21:10:02,0
Such a gentleman thank you great service,5,2024-11-28 21:09:42,0
If you like constant annoying push notifications multiple times a day then this is the app for you. You need to disable these notifications in two different spots. Why? Because f@$k you that's why.,1,2024-11-28 21:09:27,1
Fantastic Service Delivery and Logistics Handling Administration by Uber throughout the Years!!! Well done Uber!!!,5,2024-11-28 21:07:19,0
Fair commitment is not good and I m uninstall the app and telling my friends to don't use the app.....,1,2024-11-28 21:00:10,0
More reliable and trustworthy then ola,5,2024-11-28 20:45:59,0
It was nice experience... driver gave A1 treatment to us.,5,2024-11-28 20:29:27,0
"Joshua was a total star! I accidentally put the wrong pickup address, but he was very accommodating and helped me correct this and still did the trip!",5,2024-11-28 20:19:06,0
No cab ride in gkp.. Wrost app,1,2024-11-28 20:17:04,0
Excellent driver good service from uber,5,2024-11-28 20:15:19,0
This app is awful goes on and out,1,2024-11-28 20:10:11,0
The drivers didn't come to me and leave the trip to be cancelles from my side,2,2024-11-28 20:09:57,0
"The later the ride the less expensive it's supposed to be because it's off peak. Not more expensive. Ya'll created this app to save people time and money, yet all you are accomplishing is wasting people's time and costing people more money. Do better.",1,2024-11-28 20:07:57,3
Disappointing support features on the app. Took way to long to find the areas for support. A complete disaster.,1,2024-11-28 19:53:44,0
I am a regular user of Uber shuttle. Your fare is illegal and so expensive.,1,2024-11-28 19:44:09,0
Auto 🛺 fair lower aapva ma aave che cumishan passngar driver account bane jana chukve che login charg 25 vashul vaa maa aave che gujrat Ahmadabad artio Gandhinagar prama ne Auto 🛺 rickshaw fair par kilometers 15 chale che driver ne par day losss thay che driver ne koi dhyan aapva valu nathi ubar na software na rupees covers thigya chath driver ne koi labh malto nathi campni kamay passngar ne prmoshan male driver ne shu aapu campni ae atyar shudhi ma,1,2024-11-28 19:35:27,0
The cost estimator says £5.99-£11. The app says £20!,2,2024-11-28 19:35:06,0
I have been using this app for 2 years and the service has been great. But for the past 2 nights I've called Uber to pick me up from work and drive me home with issues. I put in my home address as my drop off location and clicked on my work address as my pick up location. The apps gps starts glitching and puts in my home address twice as my pick up location and drop off location. I don't need to be driven home when I'm already home that makes no sense. Please fix this issue immediately!!!!!,3,2024-11-28 19:30:04,25
"Uber please pay your drivers properly. Every driver complained about Uber not paying them and charged us extra cash. Also the drivers discouraged not to pay by online payment but by cash. After booking the driver calls and extra money if we are not willing to give they canceled the ride. The culture of demanding extra cash ia getting too toxic. Please look into it. I'm writing this from Guwahati,Assam, India.",1,2024-11-28 19:12:31,0
Most easily ride to take you where ever destination u wanna go in Egypt Most especially Cairo,5,2024-11-28 18:53:05,0
"My driver Eric was so nice and I had a bad nite and he talked to me and calm me down, he didn't have to but the kind heart he has really gave me some relief! Great driver great person",5,2024-11-28 18:49:28,0
Excellent service App . Very economical.,5,2024-11-28 18:35:17,0
"Ride was good, and Rohit was riding very perfectly and talked politely.",5,2024-11-28 18:29:03,0
"Using uber is big fuss.. drivers come only if it's cash payment, randomly if anyone accept online pay, they complain payment not reflecting in wallet/account and need to argue or fight. Additional to it don't have direct contact number for support to raise complaint. Support section is pathetic. If selected Amazon pay the it's more complicated..",1,2024-11-28 18:28:38,3
"SUCH A PATHETIC SERVICE. The Uber company is looting customers by charging them extra whenever they are late at the spot or whenever they are cancelling the ride, but never payback to customer if the driver is reaching late at the spot and even when the multiple drivers cancel on customer. Today I booked a cab which said driver will reach in 9 mins but he didn't reach for 1 hour and later I had to cancel the ride on which Uber will take charge from me only.",1,2024-11-28 18:22:05,0
Always my go-to-app for despatch. Thanks to the team for attending to this aspect of ride.,5,2024-11-28 18:11:41,0
third class app never finds ride on time very unreliable,1,2024-11-28 18:07:21,0
"Super nice in Dubai with Green Taxi. Prompt in arrival l, no questions and discussion. Makes travel by cabs a pleasure.",5,2024-11-28 17:52:11,0
Uber cheating driver cancel trip and you charging next trip this driver mistake not custkmer,1,2024-11-28 17:48:13,0
Dependable. Consistantly better prices than lyft and other competitors. Covered a ride for me while I was having payment issues.,5,2024-11-28 17:36:44,0
Uber don't know people giving bad rating to drivers 😒 even drivers treat their customer well and the service and vechile criteria has been met .I am giving one star to this application for not understanding drivers feeling.This is violation of driver's human rights to have fair deal.Dear uber make a fair deal to drivers .,1,2024-11-28 17:32:10,0
"Driver are harsh , worst app , driver not available at movement",1,2024-11-28 17:11:16,0
Very good response and fast servics.pik and drop good,5,2024-11-28 16:56:47,0
Oh my God I shared a ride 3 times with a rider that wanted to be drop in the alley and why does the app take the driver out of destination route SMH y'all have to get better some rider stink and smell of WEED,3,2024-11-28 16:51:44,0
Very nice and fast pickup,5,2024-11-28 16:46:54,0
I'm a have to start renting cars again. Everything it's a little rain it's hard to find a driver. Tired of being kind and tipping just to get screwed,1,2024-11-28 16:42:02,1
Great pick up time and easy to follow on the map from where he was to our pick. A very smooth ride with no problems. Would be good to have him again.,5,2024-11-28 16:31:56,0
Very helpful and fast,5,2024-11-28 16:28:33,0
The driver and I keep receiving different amounts this has happened for the last 2 trips in Cape town Rondebosch,1,2024-11-28 16:24:51,0
Very good service and less fare.,5,2024-11-28 16:11:46,0
"I use this at least 5 times a week, and I love it. I feel safe with my drivers, and I know I'll get to my location safely. 10/10 app and experience.",5,2024-11-28 16:08:20,0
"Whats with the new feature of tipping? Even before the rides start, driver sending tip request. Doesn't make sense. 3 drivers canceled the ride because i didnt tip before the ride even started. Tip is paid at the end for exceptional service and not before the ride starts. Highly disappointing.",1,2024-11-28 16:07:25,2
"I deleted it because every time I tried to book a ride, it sent me to the trains and coach. There are too many trains for our small street with no station or tracks. I have tried to restart the phone and reinstalled the app.",1,2024-11-28 16:07:12,0
Rowan was beyond AWESOME 5 STARS I'm new and missed his review,5,2024-11-28 16:01:47,0
Very friendly. Very punctual.,5,2024-11-28 15:53:40,0
the software hanging too much ! i put different pick up location the drop point still! keep coming to my house !! dhak?,1,2024-11-28 15:51:58,0
This app only favor for customers..not for driver... So much amount differ for uber why you like kind of drama... Worst app uber in ever for all drivers,1,2024-11-28 15:47:55,0
"They are not charging what they show the fares when requesting a ride. They show you an amount and then after the ride charge you more! no change in route nothing. NOT OK UBER, NOT OK",1,2024-11-28 15:40:41,0
"My driver was on time, car was spotless and she was very pleasant. Will request her on my next trip..",5,2024-11-28 15:37:57,0
"These people will leave you in 20° weather letting 3 uber drivers cancel on you, and tell you YOU need to wait for the next available driver cause this is America. YO! I LIVE IN COLORADO. YOU HAVE TWO DRIVERS IN VAIL TOTAL. BE NICE OR Forget your marketing.....dumb.",1,2024-11-28 15:24:10,0
Atleast Uber Should Bring Discount or Membership,4,2024-11-28 15:08:31,0
Have a Good manners to talk..,5,2024-11-28 15:03:31,0
Is it Bhopal or hyderabad Uber is good going,5,2024-11-28 15:00:11,0
Jo payment of screen per de rahe ho drop karne ke bad bhi vahi payment lo dehati raha tha per liye 57 hai to isko Jara change,1,2024-11-28 14:57:44,0
put to doubts my worries about Lyft having a monopoly. :) gr8 experience...,5,2024-11-28 14:43:00,0
"When discount codes are applied, you wait until prices surge before you eventually get a ride after trying to reorder 3 times, and even then the price is double what it would have been without the discount.",1,2024-11-28 14:24:17,0
The Uber app is easy to use.,5,2024-11-28 14:17:46,0
Good service with prompt availability,5,2024-11-28 14:14:50,0
On time and efficient.,5,2024-11-28 14:12:20,0
This is first time I enjoyed the ride every time I will use uber rides today on wards,5,2024-11-28 13:58:42,0
"Easy, fast, facility,",5,2024-11-28 13:58:14,0
While boarding showing one rate and whil getting down showing more rate and cheating the inocent public. It happened in mycase even though reported on the very day no action taken so for. Hence i am thinking to file compaint before r t o,1,2024-11-28 13:55:52,0
Most comfortable and price reasonable..,5,2024-11-28 13:53:21,0
Some of the drivers are great and some of them are not it's your luck,4,2024-11-28 13:52:37,0
"Very pleasant, polite driver.",5,2024-11-28 13:35:41,0
Good car. Good driving. Good conduct,5,2024-11-28 13:27:34,0
Amazing service providers L,5,2024-11-28 13:24:29,0
Too much concentration on discounts only with alternative payment option. Too much Uber Eats only discounts with practically no ride discounts anymore.,1,2024-11-28 13:08:32,0
"Uber is the worst company ever, they refuse to reimburse me for a ride I didn't take.",1,2024-11-28 13:04:35,0
Horrible. They are hiring drivers who unethical they don't deliver and yet the customer is charged they don't investigate you contact them. They don't reply. Worse you can't call them. Imagine experiencing the same bull with no help or explaining they are as bad as bolt... in 2024. Mr D is proving bettet,1,2024-11-28 13:02:38,0
They Never give me a good rate for using them Every day for work....Then the more I use them the more money they charge me. I don't like this app. I wish we had taxi service again. I spent way too much money with them. They don't appreciate it at all!,2,2024-11-28 12:52:00,0
Worst app ever they don't have proper customer service support due to that I had to pay extra in the name of due which I have already paid in the form of cash to the uber driver who don't update the cash payment details and earn more cash illegally and due to this reason I had to pay extra cash so I don't recommend anyone to use this app until they resolve this issue and add customer support service,1,2024-11-28 12:51:08,1
"Manual geo position is never correct! Every time I use it, a driver will get to the wrong location!",1,2024-11-28 12:50:50,0
best e-hailing in Cape Town,5,2024-11-28 12:42:20,0
Best in this world !!👍👍👍,5,2024-11-28 12:39:44,0
Drivers are scammers. They show different amount that is higher than that of the customer's uber app amount. When confronted they speak badly and abuse the customers.,1,2024-11-28 12:28:41,0
"I needed a ride to the blue man theater in Vegas. The driver (with instructions from Uber) took me to the wrong casino. After I finally figured it out, I called another. He took me around the block back to the same spot. I don't know where they get their information, but it cost me a lot of money.",2,2024-11-28 12:17:30,0
Very satisfied with your service and facilities,4,2024-11-28 12:16:35,0
Good driver punctuality and neetness,5,2024-11-28 12:11:57,0
"Pathetic drivers in Uber. Once the cab is booked, they come to the pickup point and cancel the ride saying we don't go to that location. Happens every time. Better switch to some other app.",1,2024-11-28 12:04:13,0
Good and less price trip are available,5,2024-11-28 11:59:39,0
The rates are okk.But sometimes it shows a rate before riding and it becomes higher after riding so it's not fair. The drivers charge extra payment always,3,2024-11-28 11:58:50,0
"Very disapponited , very poor service. Takes 8-10 min to book ride and after confirmation it takes atleast 15-20 plus min ride to come so ultimately costing your half n hour. No sense to use such service",1,2024-11-28 11:58:45,0
The worst map and navigation system I have ever seen,1,2024-11-28 11:51:30,0
Excellent app that is essential,5,2024-11-28 11:49:57,0
Very good service and kindness,5,2024-11-28 11:48:55,0
Worst service. Cab never gets booked when required. And driver are more worst. I booked cab to go to hospital to admit my wife since she was having labour pain. But the driver went away without showing at pick up point.,1,2024-11-28 11:44:30,0
shonar service deo tmi leura?.. khankir chele tomar maar pod e dhon ti dhukiye boshe thako,1,2024-11-28 11:23:15,0
stop telling me the drivers here when they're 2-3 kilometres away,1,2024-11-28 11:13:59,0
Try anything else. Try Lyft. Try walking. Try crawling.,1,2024-11-28 11:12:49,0
"My parcel got looted by an rider, yet not recived as per the rider said he was returning.",1,2024-11-28 11:11:35,0
"Drivers have the ability to change your destination after you leave to charge you more, thieves",1,2024-11-28 11:11:12,0
Very high fare compare to other applications,1,2024-11-28 11:02:35,0
Such a nice guy and humble.,3,2024-11-28 10:52:45,0
Stop giving unreasonably optimistic pick up estimations,3,2024-11-28 10:34:59,0
This Dorothy Ponder I ant to know why I have to verify my account when it's already verified. It's asking me for my id Please I'm not doing. It already verified. Please fix it. Unless my account is being hacked. I'm not verified it because it's already verified. Y'all beginning to be scammers to me,2,2024-11-28 10:31:25,0
Highly recommended. They keep you updated even it's busy. They tell you that volumes are high but they're getting your ride,5,2024-11-28 10:28:13,0
"I had no problem with this app until one of their drivers failed to complete payment. Even after payment of the said debt, the next driver did not complete payment, meaning I'd have to pay the same debt a third time to continue using their services. Reaching out to their customer service ,with evidence,has been of no help so far. Very disappointed.",1,2024-11-28 10:17:36,7
Poor service. After trip confirmation auto driver ask for extra money through message.,1,2024-11-28 10:13:41,0
"Hiked prices. Unreliable to get a cab back home after 4pm. when drivers take extra money, even after attaching the proofs, they reply about cancellation. offlate, highly unreliable and useless responses.",2,2024-11-28 09:55:38,1
"It has happened to me twice, that driver didn't reach the pickup point enven 45 mins. Of agreed booking even confirmation on phone and I had to cancell my booking. The user instead of reprimanding the driver undesirably penalized me with Rs.21.This need be examined. We have other options also to travell with. Regards",5,2024-11-28 09:51:41,5
The app is convenient. Given 4 Star because In Mumbai while travelling to atal Setu drivers always insist to pay toll charges separately even though included in final bill. Please show final fare clearly indicating toll amount included in final bill to avoid duplication.,4,2024-11-28 09:51:10,0
Worest fuc....app ... Just 3km asking 113 rs. Unnecessary app. Don't download. Ola better,1,2024-11-28 09:44:37,0
"Good Application, Best Service",5,2024-11-28 09:28:40,0
Very good experience.,5,2024-11-28 09:00:04,0
"Ron my driver was on time, Excellent Service he provided. He was pleasant and professional too. Thankyou so much Uba, and Ron.",5,2024-11-28 08:48:29,0
"Worst app, in urgency waiting time is too high.",1,2024-11-28 08:45:06,0
Why me can get a drive,5,2024-11-28 08:36:12,0
Excellent and reasonable service,5,2024-11-28 08:05:39,0
charged me for a ride cancelled by Driver.,1,2024-11-28 07:56:47,0
Very disgusting App. The Drivers Are Charging Fare Price Which Quite More Than Actual Price That Was Showing In Users Uber Application And Their Support In Pathetic Condition To Resolve The Query. Kindly stay Away from Uber,1,2024-11-28 07:45:17,0
Such a nice and professional 👏 👌,5,2024-11-28 07:32:13,0
"This is very bad,that few auto drivers charge more than the usual rate, initally the price was different and in the end of the ride(even though the driver had ended the ride prior to 100-200m from the destination),the price is showing else, how this is possible when the destination has also not reached and charge got increased?The auto driver's number plate was different and ride was going into his account.Very rude behavior of driver and abusive nature as well! Uber you need to work on it.",1,2024-11-28 07:13:09,0
First Ridea momen of truth,5,2024-11-28 07:07:55,0
"Great service, so convenient!",5,2024-11-28 06:59:00,0
"I've been trying for the last 3 hours to schedule a ride for my Dad for tomorrow morning for Thanksgiving only to receive a message that 'Something's wrong, try again.' I was informed that customer service is unavailable and that it was only available to drivers. That is unacceptable.",1,2024-11-28 06:57:20,2
"They keep on putting more ads in it, even though you're paying for a product... one that they try to obfuscate by breaking it into tiny fees and surcharges",2,2024-11-28 06:50:22,0
"Unverified driver drive, cancel or ask cash by scolding as well.",1,2024-11-28 06:35:54,0
Great customer service,5,2024-11-28 06:34:14,0
"Not good service, not responding after booking ride",1,2024-11-28 06:28:54,0
Uber is a straight rip off I can't wait until my car get fix next week I hate giving them anything then take to long rude I wish I can give zero stars I will call off until my car get fix they not getting another dime out of me someone need to investigate them 00000000000 stars,1,2024-11-28 06:17:40,0
Very Bad app This app is charging cancellation fee on me while the driver reached one hour late Why should I need the trip after one hour?,1,2024-11-28 06:02:33,0
"Not updating, tried several times.",1,2024-11-28 06:00:44,0
"Every time I use this app I pretty much feel like I'm being taken advantage of. I don't understand why the prices can change from $22 to $38 to go to the exact same place? Just because it's not 2: 00pm anymore it's 5:00pm. This app is pretty much a total scam, I try to avoid using whenever possible.",1,2024-11-28 06:00:17,0
Your criminals in my perspective. I've worked with customer service and they proved inept. I have been getting charged for premium when I've deleted all payment methods and haven't used the service in over a year. F#@k anyone who makes decisions at Uber. You're theives and I'm looking into what repercussions I can inflict.,1,2024-11-28 05:47:08,1
Good service and helpful,5,2024-11-28 05:41:15,0
It was a very enjoyable journey.,5,2024-11-28 05:40:52,0
Biggest issue is drivers canceling at last miNutella- esp with reservations,4,2024-11-28 05:22:02,0
Some of drivers show up but most of your drivers in Summit county Ohio are picky and will cancel a ride right after they find out where they are going and when they do it then charges $30 and $40.,1,2024-11-28 05:11:47,0
"Works sometimes but hard to depend on. Further, I just took a ride which was supposed to be $50 and was charged $70 because the driver claimed I requested an additional stop which I did not. Uber customer support didn't even address the issue, they just said they couldn't refund me the difference. Instead they automatically added a tip for the driver. I recommend Lyft. This stuff doesn't happen there.",1,2024-11-28 04:34:23,9
Very Nice Driver & very Very Nice Uber Thank you Both Are,5,2024-11-28 04:24:49,0
Genuinely very good and safe,5,2024-11-28 04:16:01,0
Nkanyiso was very friendly..he even made sure that I get inside the house safely..thank you Nkanyiso and Uber,5,2024-11-28 03:54:19,0
I have had issues each time I have used. This was the 4th and still not quite right,3,2024-11-28 03:42:44,0
Uber is good for me cheaper and good,5,2024-11-28 03:35:42,0
"I really don't like how, when my driver picks up my order, they suddenly have another stop to make before bringing my order to me.",1,2024-11-28 03:26:28,0
"app cancels ride insistently as if it's expecting a dozen drivers in a dense city, ANNOYING FOR SMALLER CITY USE",3,2024-11-28 03:23:49,0
Our driver was super friendly with a clean car,5,2024-11-28 03:09:56,0
Just brilliant to have Uber in Swansea,5,2024-11-28 03:03:50,0
"A driver canceled my ride because he didn't think I was old enough (I'm over 25), and Uber proceeded to lock me out of my account.",1,2024-11-28 03:03:09,0
Very good Driver & Good behaviour,5,2024-11-28 02:42:50,0
The driver had missed two entrances and still charged for additional time.,2,2024-11-28 01:49:55,0
Easy fast comfortable and reliable,5,2024-11-28 01:44:43,0
Jeff bless up yuh self and thanks again 🫡,5,2024-11-28 01:37:43,0
"Pathetic app.. charge higher thah other apps, takes longer time to pick up rides and have no safety guidande. The drivers can leave you in the middle of the road on main highway for no reason and there will be no customer support to help you except chat bott. Useless",1,2024-11-28 01:16:41,1
waiting time is too much,1,2024-11-28 01:08:21,0
Refund services of other applications are very fast so why not the Uber.,1,2024-11-28 01:06:10,0
"I ordered, the order arrived missing half of what I ordered, the restaurant called and told uber they messed up and uber is still not giving me the refund and when calling customer service, the lady told me she couldn't dip anything but tell me to wait on a email. Completely useless customer service",1,2024-11-28 01:03:10,1
easy to book with good rated and mannered driver.,5,2024-11-28 00:52:27,0
Extra charges are useless and not given a proper price for a trip,1,2024-11-28 00:45:53,0
Stole my money and never sent the car. Can't find a phone number or contact support. $70 gone! And still trying to get home!!!!!,1,2024-11-28 00:45:36,0
Sent us all over but the destination,1,2024-11-28 00:26:58,0
i find it really annoying that when there are no drivers available my friend still got charged the cancellation fee,3,2024-11-28 00:05:06,0
Always demands for extra payment.,1,2024-11-28 00:03:01,0
best sarvice provider in travel field.,5,2024-11-27 23:59:02,0
Driver friendly enjoy conversation,5,2024-11-27 23:52:39,0
"Maps used need to be more accurate, I have had to direct drivers to my destination myself",4,2024-11-27 23:50:41,0
"I will update my review if my issue is resolved in an acceptable manner. I have used Uber for many years and for the most part have had a decent experience. I recently had an experience that I believe qualifies as a ""bait and switch"" scam and I attempted to resolve the issue through their customer service and received the same unsatisfactory response multiple times. I reserved and was charged for a premium vehicle but the driver showed up in a different, non premium vehicle.",1,2024-11-27 23:48:19,108
they blocked my account without giving any specific reason to me ..... thank God i had checked my account status before getting stuck somewhere.... and they also not giving me any coustomer support.....when i try to contact coustomer support they just showed me '404 error' wahh bncd wahhh👏🏼🤌🏼,1,2024-11-27 23:38:03,0
What s wrong with the changes in address delivery. Guys... do something,1,2024-11-27 23:36:53,0
"Absolutely terrible, booked and it showed me a amount within my budget, when i reached my destination, the amount showed almost 50% more then it was when i got in the vehicle,... So the amount fluctuates",1,2024-11-27 23:29:06,0
"Full cheaters. No support from support team . Third class services. License of this company should be cancelled as torturing customers without any use. When drivers are not providing service why are they not taking it seriously. Secondly, never ever opt for their shuttle services as this is not a reliable service drivers will start your rides and will make you wait on the road for a long. Avoid using uber services it's of no use. Asking for grievance details but getting no reply.",1,2024-11-27 23:23:03,0
Very useful but ride price is little bit high compared to other apps,5,2024-11-27 23:22:19,0
Great and safe experience,5,2024-11-27 23:13:03,0
"use less app suggest you to use another apps like rappido , ola or indrive all are indian and trusted apps",1,2024-11-27 23:10:44,0
"The service is getting worst and worst everyday, once your trip is amswered by a driver, makes you wait for 5-10 mim then the driver releases the trip so you have to wait longer for someone else to copy the service and pick you up, and that happens 5-6 times on the same trip request",1,2024-11-27 23:00:04,0
"Such a clever app, coupled with kind and efficient drivers.",5,2024-11-27 22:56:03,0
"Have no problems with all of my rides, drivers are great. I have a big problem with uber canceling a pre scheduled ride on short notice claiming they can't verify payment, even though they have already blocked out ride amounts from my debit card, and allowing me to schedule a ride. If you don't have a card on file the application won't let you schedule a future ride. This is beyond stupid and it's gotta stop.",3,2024-11-27 22:39:01,0
"Benjamin, the driver, was very polite and respectful.",5,2024-11-27 22:38:15,0
Always accurate re: route mapping,5,2024-11-27 22:37:27,0
"When you have any issue, it's very difficult to make any complaint. Overall, not a very user friendly app.",3,2024-11-27 22:36:44,0
Waste of time waste of money,1,2024-11-27 22:33:59,0
Stupidly pricey compared to DIDI,1,2024-11-27 22:25:39,0
"Awesome experience. Drivers are on time, kind and honest. Thank you 😊",5,2024-11-27 22:25:29,0
I won't use any other transport besides uber,5,2024-11-27 22:24:09,0
We can called Uber as Mr.Perfect,5,2024-11-27 22:17:40,0
UPI option is not showing as a payment option that can be added. Why?,2,2024-11-27 22:13:15,0
"Updated in 2023: Nearly 5 stars, didn't make it. Uber is great except for the fact that it is impossible to text or call the driver after they arrive. Cannot even send a short text. Minus 1 star. Updated 2024! Awesome, nothing to improve at this time.",5,2024-11-27 22:08:36,2
Total bill 248.00 rs but he as collect g pay amount 320/- first we pay 300/- but he is not ok again ask 50/- but we pay 20 /- that is final balance my account,1,2024-11-27 21:58:48,0
"Bekar ride hai uber very very bad experience,bakwas hai uber kaabhi math jayega uber ride me very discussing",1,2024-11-27 21:55:50,0
Always have a great trip with Uber,5,2024-11-27 21:47:29,0
UPI option not showing up after installing on my new phone,3,2024-11-27 21:35:43,0
Good service and good behaviour,5,2024-11-27 21:26:55,0
It's best but take time to come,4,2024-11-27 21:21:09,0
"Worst app, no proper customer support for immediate assistance. The driver said his mobile got switched off at the end of the ride. He took money and went away. In this app we don't have option to end the trip from customer side and the trip was over at 8:35 P.M and still running it's 9:16 P.M now. Trying to reach driver, he is not picking call. This app doesn't even have customer support number, if called, it will tell to use help option in app. but there's nothing to raise any concern.",1,2024-11-27 21:17:57,26
The driver's are available easily on all options of booking ride . It is better than their oppents. Excellent service in my city .,5,2024-11-27 21:13:25,0
"Firstly, please do not cut me off as I am typing. Customer service is terrible. Uber has enough money after all of these years to provide top tier, real customer service agents, not simply ai! Secondly, the prices going from affordable to outrageous after you click on the originally shown price is crazy! It will say $9/$10 when go to book the ride, once the app says ""Finding your Ride"" it then says $15/$18/$20! How is that fair? I have screenshots and moving forward, I will be screen recording.",3,2024-11-27 21:12:42,1
It's useful and good 👍,5,2024-11-27 21:10:13,0
i have been charged 1000 dollars for thing i did not ask for,1,2024-11-27 20:58:09,0
My experience with uber was frightening. It shows one location and took me to a lonely dark road. My location was govindpuri and it stopped on highway near ito. I would like to give 0 rating if I can. Hate you uber. This is jeopardy of my safety.,1,2024-11-27 20:57:29,0
"fast and easy , my driver Jose , amazing , 5 stars to him , he went above and beyond expectations",5,2024-11-27 20:57:06,0
"Expensive at times, overall great",5,2024-11-27 20:56:32,0
Price gauging! The price doubled in the past couple months!!!,1,2024-11-27 20:54:26,0
Best app u can say .... useful at all ... Try to use this app..... Did able to book even prime rides when needed ......,4,2024-11-27 20:50:48,0
Good . Very Good Service,5,2024-11-27 20:45:18,0
On Saturday i could use my card payment but on monday i could not it said payment declined even though i had money in my account up and till now i cant do card payment😡,2,2024-11-27 20:35:29,0
Lovely! No issues. Flawless system.,5,2024-11-27 20:33:16,0
Worst app I have ever seen The prices of the driver are always more than ola nd rapido Nd when I booked bike today the drivers cancelled the ride for 2 times,1,2024-11-27 20:25:31,0
"My experience with the drivers has been good so far, the app works well. Sometimes cuts out and takes really long but overall I love Uber it's been really good to use",4,2024-11-27 20:21:19,0
"Gives you wait times before finding you a driver, wait times are inaccurate to say the least, and the availability of rides has gone down significantly, everything from quality to ease of use has deteriorated except for price. Update: Uber eats gifts don't work, this company is a scam. They take money and then things don't work and there is absolutely no way to get in touch with a real human. Dogshit",1,2024-11-27 20:14:47,0
Great trip. Driver was friendly and knowledgeable about the area.,5,2024-11-27 20:02:21,0
Good experiences and safe journey,5,2024-11-27 19:56:11,0
This is very good app,5,2024-11-27 19:41:25,0
They don't have any responsibility. We have to pay even though they have their mistakes and bugs in the apps.,1,2024-11-27 19:40:04,0
There is no way to cancel a trip once placed and customer service opens at 10am ET which does me absolutely no good if I'm trying to cancel a trip prior to that time! 🙄,1,2024-11-27 19:34:17,0
Always use them never had a problem,5,2024-11-27 19:31:23,0
Fast booking and reliable driver,5,2024-11-27 19:25:06,0
Pathetic experience drivers always cancel ride after confirmation and receiving the ride for one ride i have to book many rides...,1,2024-11-27 19:21:50,0
Good experience and safely arrived,5,2024-11-27 19:16:59,0
Wroste app every time rider inform wait and cancel the ride after waiting pf 10 minutes,1,2024-11-27 19:16:27,0
It keeps oder Ubers on its own and i had to take off my card so it wouldnt charge me anymore money but now I can't get the money back and had to pay canceling fees,1,2024-11-27 19:14:36,0
It's something can help when needed! 🤙🤙,5,2024-11-27 19:13:34,0
My Uber rides were perfect in every way this evening!,5,2024-11-27 19:12:24,0
Nice chatting person &very clean 🚗,5,2024-11-27 19:09:37,0
My car is in the shop and it looks like I will be depending on Uber for a few days. So far I've had nothing but excellent experiences. I wish I could afford to have a driver ALL THE TIME!,5,2024-11-27 19:08:20,0
Very Good And Convinient App❤️,5,2024-11-27 19:03:52,0
"They gave an accurate time frame of arrival, name of driver, and car! I felt safe, enjoyed small conversation, and car was very clean! 🤩👍 Great Job Guys!!!",5,2024-11-27 18:59:45,0
Some tech difficulties,4,2024-11-27 18:57:16,0
Very good for senior citizens,5,2024-11-27 18:48:54,0
Easy and Affordable 😊,5,2024-11-27 18:47:43,0
"Awful experience. The driver took 20 rupees extra for 300m,i just don't know why they lie even though i had entered exact location and the exact amount was 231(which was clearly visible while showing the payment option)instead he took 250 for no reason",1,2024-11-27 18:34:30,0
Safer and Convenient especially the Wait&Save,5,2024-11-27 18:32:33,0
Very very good service ❤️🙏,5,2024-11-27 18:28:49,0
Driver was on time and very polite..cab was very neat...,4,2024-11-27 18:26:57,0
"I have only one complain pll expedite the cancel issues. Maxm biker nowadays either demanding extra cash or cancelling our trip, which delaying a lot our schedules. Except this issues I hv no complain with uber.",4,2024-11-27 18:22:29,0
"Unnecessary cancellation charges are demanded from customer, even if the driver cancelled the ride",2,2024-11-27 18:16:46,0
Great device and on time,5,2024-11-27 18:16:07,0
The prices show on this app and the drivers are both different. When the destination has arrived I am unable to view the proper price and the auto driver has an increase amount from the initial amount shown in the app. Kindly rectify this issue.,3,2024-11-27 18:15:09,1
Good behavior 👏 and very good drawing,5,2024-11-27 18:14:24,0
I like Uber for convenience but I'm so tired of after every ride they go and charge you more then what you accepted to pay for the ride I honestly think it's against the law,2,2024-11-27 18:06:31,0
Uber shuttle failed to pick me up inspite of me being at the exact location and after that the booking got canceled on itself .Also didn't get the refund of ₹1 which they promised they will be paying to me after the upi account verification .,1,2024-11-27 18:01:43,0
"Lovely friendly driver, would highly recommend",5,2024-11-27 17:56:54,0
"It works so well, driver's get me from point A to point B. I love this app.",5,2024-11-27 17:56:19,0
Good value to stop abusing family & friends,4,2024-11-27 17:49:58,0
Sometime when driver is not satisfied with uber app price they cancel ride after reach to pickup point and when ride get cancel without customer fault uber charge a channelling to customers which is not good at all uber should take any any against it 😠,1,2024-11-27 17:46:53,0
Amazing great app good priced,5,2024-11-27 17:40:06,0
Affordable traveling with uber,4,2024-11-27 17:35:46,0
Not able to login bcz i forgot password and on help. uber page it ask for OTP to mobile number and after entering it again say reset or go to Uber. help😡 Its ubler loss as i will use OLA cabs bcz uber not letting reset password Even after following all help steps mentioned.,1,2024-11-27 17:32:41,0
"These people are basically thieves in daylight. They added the disfunctional Uber eats in to the Uber app. They don't have delivery drivers from the restaurants which they publish and eventually cancel the order without a refund. They give a lame excuse that the restaurant has already prepared the order, So cannot give a refund. This is a robbery app. Stay away from it guys.",1,2024-11-27 17:30:15,1
Quick and convenient ride! I booked a cab with Uber and was impressed with how quickly it arrived. It didn't even take a minute to reach me,5,2024-11-27 17:17:05,0
Good but somethings it sucks,3,2024-11-27 17:16:25,0
Very bad Very high charge Just 1.3 km they charging 88 to 90 rs So i stopped taking uber,1,2024-11-27 17:15:45,1
It's not good when driver cancel the ride and you have to pay for it☹️😔,1,2024-11-27 17:15:34,0
A very convenient drive from home to destination in reasonable amount...,5,2024-11-27 17:13:03,0
The service is prompt,5,2024-11-27 17:11:12,0
Absolutely atrocious customer support,1,2024-11-27 17:06:42,1
Great to drive with uber,5,2024-11-27 17:00:04,0
It takes to long to get a ride and they're over pricing riders and under paying drivers,2,2024-11-27 16:43:09,0
"I enjoy the app,my first time request a uber but will make use of their service again in future!!!",5,2024-11-27 16:35:22,0
There is no option for removing business account there. Worst app,1,2024-11-27 16:32:44,0
"Showing longer route , need to fix route, also mention AC cabs . If people really needs AC cabs",2,2024-11-27 16:22:31,3
It's good but sometimes cancelling charges embarrassing me,5,2024-11-27 16:02:46,0
Everytime drive was cancelled by the driver,1,2024-11-27 15:53:14,0
Why advertisement stated after recent update,1,2024-11-27 15:48:33,0
Good Experience with Ride,5,2024-11-27 15:46:55,0
"Very good, drivers very friendly.",4,2024-11-27 15:46:07,0
Excellent nd the charges ar low thank u,5,2024-11-27 15:40:30,0
Due to booking showed 67 n driver charge to me 94,1,2024-11-27 15:32:57,0
Often fares are high specially from station it is always surcharged.,3,2024-11-27 15:21:57,0
Super timing. reasonable rate,5,2024-11-27 15:13:13,0
Most of the drivers demanding 25% more amount as shows in the app. Pl rectify,4,2024-11-27 15:12:51,0
Visiting India on a short trip. Can never find a cab. Just awful.,1,2024-11-27 14:42:52,0
It's very good I can set my destination address of 2 location in one trip it's cool 😎😎,5,2024-11-27 14:24:07,0
The trip was very good. Sometimes it takes a lot of time by the time they reach the destination. The can can within 5 minutes time.,5,2024-11-27 14:22:02,0
Driver is respectful.,5,2024-11-27 14:10:19,0
Too much helpful for daily transportation,5,2024-11-27 14:06:54,0
Unable to change my bank card details when my card was updated. Bad oversight on the app. No option available. Rubbish,1,2024-11-27 14:06:49,0
They charge unnecessary cancellation fees for their fault and delays,1,2024-11-27 14:05:38,0
"Twice in succession I have waiting far too long for a Driver to confirm, only for Uber to offer a quicker one at an increased price. Not good enough when you have been offered one fare and confirmed that you're accepting it.",2,2024-11-27 14:03:57,0
Professional driver. Felt safe and comfortable,5,2024-11-27 13:48:11,0
Nice but some time waiting so much time,3,2024-11-27 13:25:40,0
"Nice plattform, compare to others",4,2024-11-27 13:23:34,0
I have been having the worst time with Uber customer support!! It's been 3 weeks now and they still haven't been able to resolve an issue I'm having trying to verify my identity. They haven't even tried to contact me to fix the problem. I have $$$ in my Uber cash wallet that I can't use or even order food with it. Needless to say I'm PISSED!!!!,1,2024-11-27 13:09:35,12
Uber is the best. But it's scar's where I stay.,5,2024-11-27 13:08:37,0
Worst app on this planet.They love to loot their customers so please don't install it sucks..,1,2024-11-27 13:06:51,0
"No longer reliable like it used to be. The rides take longer than the bus trip, it's too expensive and the drivers complain of poverty which means the company got greedy",3,2024-11-27 13:02:28,0
Very good drive and behaviours,5,2024-11-27 12:54:50,0
the customer service is good,5,2024-11-27 12:47:55,0
servies are getting worst day by day charging more amount then quoted.,1,2024-11-27 12:14:50,0
Uber shuttle Driver did not stop at the location and despite calling him there was no response. Firstly the bus was late and then he drives past without stopping or even picking the call. Understand that you are offering a promotional free ride but doesn't count if the service is not serving the purpose. I wasted 30 min and had to make expensive travel arrangement to reach on time for another meeting. Poor service from Uber. Will not recommend Uber shuttle service.,1,2024-11-27 12:10:32,7
Charges too high these days for short distances,1,2024-11-27 11:46:55,0
Very good riding and good man,5,2024-11-27 11:39:44,0
Sometimes driver asks for extra money if we are not giving them they tell us to cancel the ride and The Uber app works fine for me,1,2024-11-27 11:31:22,0
Too expensive and no support number to call I will switch to another app,1,2024-11-27 11:07:43,0
"Clean, great air con, super service and a great chat to boot. 100% recommend.",5,2024-11-27 11:07:33,0
Terrible and cancel rides when it's not convenient for your drivers. Should be a less that one rating on here,1,2024-11-27 11:07:14,0
Thanks for your support and feedback. Bye bye uber. Thanks for understanding. After trip finished driver taken money but still uber is asking money. 🙏🙏🙏 Nice business.,1,2024-11-27 11:04:40,0
"Been Multiple times, I use this app. I would give it a 1* for the B.S I put up with this app. Over half of my rides I have to walk away from the pickup zone. Had a Driver argue with me saying I need to ping it. I ping it for the next driver same B.S having to walk away from the pick up zone. Then I try Uber Eats. Having to walk, I show the driver my Pin. Then not even a min later. Driver calls me to verify my pin. When I live in apartments. Wants Verbal. Fix Your Navigation. Fix your Drivers.",2,2024-11-27 10:56:24,1
I am a daily customer of uber but now i have notice few problems with uber. Earlier the prices are reasonable as compared to other app so i used to take uber but now as prices are high soo prefer other app for my ride and even the rider dont pick the ride quickly witing time with uber is too long as compared to other app. So now i use other app as well for my ride,3,2024-11-27 10:47:37,1
Better in a small town than expected,5,2024-11-27 10:47:06,0
Best amongst the rest,5,2024-11-27 10:45:04,0
"Very bad experience with uber cab , ola is better than uber",1,2024-11-27 10:42:08,0
Very nice good driving 😄,5,2024-11-27 10:32:06,0
"Dear team,  Yesterday evening faced terrible experience with Uber Shuttle at Salt Lake Kolkata. Shuttle no.WB19K 2516, Driver name Mr. Krishna Karmakar not stopped in specified stoppage, I was running & caught the shuttle bus, But driver misbehaving with me & stopped for boarding.  I am regular customer of uber, this type of behaviour not acceptable.  Please look into this matter & take strong action aginst the driver as a preventive action.",1,2024-11-27 10:27:24,0
I had a delightful experience with the Uber app and I would definitely recommend it to kthers,5,2024-11-27 10:27:17,0
Worst uber There show price after tht prices high... please Don't use When I try to call them There no response. Wost uber,1,2024-11-27 10:26:30,0
"Absolutely trash experience Let me clear up the scenario for you, I had a single uber account, which I have been using for many years, I also have taken a lot of shuttle rides from that account, now Uber is refusing to provide me passes for shuttle in that account, god knows why, so I have created another account, where I have 5 free shuttle rides, now uber is not letting me add any UPI in that account, resulting in a failure of payments because they are not accepting cards as well.",1,2024-11-27 10:25:11,1
"New dominant uber trend: You type the address (correcting the assumption/suggestion), the app ignores it and change it in a dark patternish way. Driver sent to the wrong location? Driver gave up, you are charged. Contest? Decipher the menu to earn ""Uber credits"" and achieve: your loss in real money, driver loss in everyway. Sad we have come to this as people :(",1,2024-11-27 10:19:19,1
1st time user and it's way easier than I expected,5,2024-11-27 10:14:22,0
"I've been in one of the uber vehicles where it was no Neatness at all. When I asked the driver why is it so dirty, he said ""this is not our vehicles these are CNG Uber vehicles"" which cleans once in 30 days. But these vehicles operates 24 hours /day can't expect this especially from Uber",1,2024-11-27 10:11:47,0
Very comfortable reasonable price good,5,2024-11-27 10:09:13,0
We arrived at SYD International Airport this afternoon. We unsure what to do but were given excellent assistance by a lovely young woman. The driver was efficient and got us to our destination.,5,2024-11-27 10:06:41,0
"Service is not good as it's was at his initial time, drivers are very bad especially in Delhi, always I was payed more than the actual amount of the fare, drivers ask us to cancel the the ride and if we cancel it app charge us cancellation fees and if weren't drivers ask for extra money for the same journey... It was very embarrassing to facing such kind of problem with the reputative app like Uber..",1,2024-11-27 10:06:23,4
Excellent driver and clean car Very help helpful,5,2024-11-27 09:59:32,0
"If you have your card details saved they charge for rides and rectify the following day, but not the same amount withdraw.",2,2024-11-27 09:55:11,0
"App says a car is available in 3 min then asks for another$10 to find the car faster, then takes 13 min to find the car when I refuse to pay extra. on top of that, you can't call the driver when the ride is connected. I hope Uber goes bankrupt so a better company wins",1,2024-11-27 09:51:13,0
Something is wrong in the app Wrong pickup location is shown to the driver every time,1,2024-11-27 09:48:29,0
I got to where I was going on time,5,2024-11-27 09:47:12,0
My driver was fantastic! Super polite I felt completely safe! And he was very good and professional when it came to his job!,5,2024-11-27 09:46:59,0
Good service at night also,5,2024-11-27 09:45:49,0
Most awfully experience using Uber Shuttle. They have created a monopoly and are now looting customers. Suddenly they have removed the Shuttle packages option for me whereas it is available for other riders. Why is it so? I cannot comprehend the reason. Fraud organization! Please dissolve Shuttle operations in Kolkata so that we can go back to leading peaceful lives.,1,2024-11-27 09:45:40,0
Except for making payment before the ride everything is well on this application,4,2024-11-27 09:40:28,0
I can't verify my account because the app uses the wrong camera and it doesn't focus. No response from support for days...,1,2024-11-27 09:31:51,0
This is the first time to use and it was exceptional,5,2024-11-27 09:25:16,0
"Wait time was too long... I don't like this, and the driver was asking for a fare amount and then cancelling it.",1,2024-11-27 09:24:49,0
Very friendly driver and smooth,5,2024-11-27 09:24:10,0
Great drivers for the first 5 rides I've took for the week. Thank You,5,2024-11-27 09:18:38,0
Uber is great we need more services bikes and car should be available,5,2024-11-27 09:16:30,0
"Great app to book Auto, cab and shuttles with very affordable prices compared to OLA and Rapido.",5,2024-11-27 09:11:29,0
This damn company stole $10 31 from Uber cash. Maybe someone can help me because I spent most of my time trying to get my money back into Uber cash. My balance in Uber cash was $5.24. I bought an Uber gift card and loaded it with $15 for a total of $20.24. I booked a ride from 9700 Starbucks to Shell Providence Road Matthews for $9.93 that should have left a balance in Uber cash of $10.31. Uber took the $10.31 for no reason. I had to buy another Uber gift card and loaded it with $15.00.,1,2024-11-27 09:10:09,0
"I have a wonderful ride, the driver was courteous, friendly, excellent driver. Extremely happy with his service . Thank you ( Oscar, you were very kind ) my kids enjoy the ride.",5,2024-11-27 09:09:44,0
Currently shuttle package option is not reflecting,5,2024-11-27 09:08:06,0
Great experience! Map needs improvement!,5,2024-11-27 09:03:07,0
Such a good human being nice driving skill,5,2024-11-27 08:54:07,0
"I have enjoyed using this service in the past as you can use it anywhere and when traveling, but I have tried too contact someone about changing my contact details too no reply very frustrating as I would use this service in future unfortunately I can not",1,2024-11-27 08:53:55,0
my first experience is very bad because This shows you different money for the ride and you ask for more 😡😡😡,1,2024-11-27 08:40:25,0
It is terrific to not being able to book the vehicle of my choice. The home screen freezes horribly I'm unhappy with the update.,1,2024-11-27 08:34:56,0
Become a member and save so much more I did and it halved all costs,5,2024-11-27 08:12:04,0
Fraud fake they just want to collect our data. Even they know they don't provide service still will force you to loggin,1,2024-11-27 08:03:14,0
Amazing how fast they arrive upon ordering a ride,5,2024-11-27 07:59:03,0
Perfect 1 for everyone,5,2024-11-27 07:42:30,0
Uber Help is so wishy washy about connecting customers with real people to help with issues with Uber.,2,2024-11-27 07:38:12,0
It's helpful for me to reach my destination,5,2024-11-27 07:36:54,0
Was fast and confortable,5,2024-11-27 07:34:54,0
App is very slowly runs,4,2024-11-27 07:21:52,0
"Hella good fam, first time using it gotta say i. Am impressed asf",5,2024-11-27 07:20:33,0
Best experience I ever had.,5,2024-11-27 06:54:37,0
Charged me for a ride 3x and never ga F e me the ride.,1,2024-11-27 06:25:04,0
Very smooth and pleasant personality.,5,2024-11-27 06:17:57,0
Uber and bolt drivers useless you can never find a ride pure pure lazyness,1,2024-11-27 06:09:25,0
Excellent tool when you're having an emergency.,5,2024-11-27 06:05:08,0
Rubbish customer service,1,2024-11-27 05:58:18,0
"Essential for life in big cities and small towns. Jump in, chat to a new person and make your driver's day better - jump out no fuss",5,2024-11-27 05:54:24,0
Quick pick up and smooth ride in poor weather,5,2024-11-27 05:54:09,0
Just started with this app,3,2024-11-27 05:49:23,0
App works slow and sends drivers to wrong address. When I tried to get a refund I was told that they had to get back to me.,1,2024-11-27 05:40:47,0
It's so difficult to find how to add a tip. I've been tapping in circles for minutes now trying to tip my delivery driver. Still haven't found it,3,2024-11-27 05:39:50,0
"This was my first use of Uber. Everyone told me it is very easy and it was highly recommended. Yes, It was very easy. I gave my driver Bernard a cash tip simply because he was 5 minutes early. That's a plus for me.",5,2024-11-27 05:22:25,0
It's best for everything.,5,2024-11-27 04:58:38,0
Not a good job I give zero rating this app,1,2024-11-27 04:46:28,0
"Driver was very respectable and polite, considerate on the road. Dropped me off out the front of shopping centre.",5,2024-11-27 04:27:58,0
I only give it the one atar cause at least it's cheaper than lyft,1,2024-11-27 04:21:47,0
"Great driver , conversation was amazing, highly recommend",5,2024-11-27 04:17:19,0
Very unfortunate I use this app to get to work and the app keeps cancelling the ride I was so excited to use it then boom complete disappointment,1,2024-11-27 04:07:40,0
James had lots of great tips and information,4,2024-11-27 04:06:02,0
Very affordable and on time,5,2024-11-27 03:54:55,0
Excellent and helpful,5,2024-11-27 03:51:33,0
Will only let me reserve a ride.,1,2024-11-27 03:46:54,6
"Updated November review: I cannot buy train tickets on the app, it goes to the payment approval page, I accept payment on bank and then it refreshes back to the approval. The app lies about waiting times. I booked a ride expecting it to be a 1 minute wait as stated on the booking area, it turned out to be 15 minutes wait when a driver was found. There is no where to raise this issue on the app as this is not the fault of the Uber driver but the app providing false waiting times.",1,2024-11-27 03:16:13,4
Excellent service driver arrived on time a very pleasant driver,5,2024-11-27 03:13:59,0
"Uber doesn't let me log into my account, card It expired.",1,2024-11-27 03:13:10,0
"Love love my driver. He was kind, polite and went above and beyond for me!!",5,2024-11-27 03:11:19,0
Was over 30 minutes late twice due to drivers accepting the ride then sitting at the end of the street refusing to come down and giving me no cancel option until they finally declined it.,1,2024-11-27 02:56:01,0
Support is awful. Scams you with the up to 20 percent off with shared rides. In reality it'll take 15 minutes out your day to knock a single dollar off the charge. When your spending 30 bucks that's embarrassing. Uber is such a scam. To update Uber sucks even worse. They now got the ride share giving wildly inaccurate time-frames and you always end up spending 15 to 20 minutes extra in a ride when they NEVER knock the dollar off even anymore. Disgusting and trash service. Wish there was better.,1,2024-11-27 02:54:50,0
"I struggled to find my cab, and I got charged nearly an extra £10. Joke of a company. Wont be using again.",1,2024-11-27 02:54:39,0
Very nice I love it so much,5,2024-11-27 02:22:18,0
Best experience and within affordable price,5,2024-11-27 02:04:43,0
There's no Way to contact support,1,2024-11-27 02:03:15,0
Ever time am booking ride it shows normal price but when ride ends it shows always 3 time's extra of booking,1,2024-11-27 01:54:27,0
"My got to for rides, cheaper then Lyft and it's cool Uber gives bonus's back for each ride you take",5,2024-11-27 01:40:55,0
Accurate and gives you information about the driver including a photo so you know who's picking you up. You can even call them to make sure they see you!,4,2024-11-27 01:28:06,0
Great app listens to there customer go above and beyond,5,2024-11-27 01:20:45,0
Thank you so much Uber moto for my safely trip.,5,2024-11-27 01:15:31,0
"Extremely helpful, very polite and I hope to have him collect me again. Great driver.",5,2024-11-27 01:02:16,0
"I have had a terrible experience today. A driver started the journey and never got to the doorstep, and I kept trying to text him, and he kept saying he was coming. Reported on the app, and they told me the 15 dollars deducted from me is the correct amount. I literally had to call Lift instead. I have had a driver accidententally start a journey twice before, but good thing the two of them communicated. Done with Uber!!!!!",3,2024-11-27 00:59:46,0
Discounts don't work because drivers rejecting them. They ask you the price it is displaying on your side then if they realize it's low they cancel,3,2024-11-27 00:46:25,0
Very nice and useful.,5,2024-11-27 00:44:09,0
Got charged extra because the Uber map has wrong addresses and sends drivers on incorrect routes. There is NO ONE to talk to. Support is a bot with options and a FAQ.,1,2024-11-27 00:42:20,0
Nice trip exactly driver,5,2024-11-27 00:41:21,0
Even with all Spam settings turn off the Uber app continues to force spam advertising notifications. App can be clunky and hard to use at times.,2,2024-11-27 00:34:47,1
"They always want to verify my identity when i ask a car in the early morning, so annoying since it's when i needed most",2,2024-11-27 00:31:21,0
Easy to use and love the tracking feature,5,2024-11-27 00:29:40,0
"When I put in ride it puts pick ip wrong once hot get a ride its as if app chaging pick ip spot, also driver app show wrong drop off them what mine shows as a rider needs fixing",1,2024-11-27 00:23:51,0
"Today, I was waiting for the car . The car arrived at the wrong place. I phoned the driver,but there was no answer. I shared my live location to come and pick me up. He didn't turn up. In the end, I was charged by uber with out riding. It's a worse experience",1,2024-11-27 00:21:42,0
"Ride Service is good, but when things go wrong, customer service is terrible. One driver was very aggressive and demanded more money, and didn't complete the trip, leaving it running. And Uber refuses to let us review or give refund.",1,2024-11-27 00:17:14,1
"Excellent service, Mihammed is very polite and professional and courteous",5,2024-11-27 00:15:22,0
"Convenient, reliable and professional service experience.",5,2024-11-27 00:04:20,0
The app says its installed but doesnt appear anywhere on my phone and will not open when i try to launch it from the app store.,1,2024-11-27 00:04:16,0
"Its a good app dont get me wrong but god damn those authorization holds can really mess you up. Taking money from your account like 2 or 3 months after a ride because it didnt come out of your account the first time , you know as a uni kid taking whatever little out of your account isnt a great experience.",1,2024-11-26 23:51:12,1
Very good tour driver behaviour excellent and guide proper,5,2024-11-26 23:47:45,0
Uber always makes our days easier. Very grateful,5,2024-11-26 23:44:06,0
"The app is great. I just think that on uber eats, people should be allowed to rate the restaurant after a few hrs or day from delivery, cause rating the restaurant right after delivery is not logical since I can't rate food I haven't eaten. Also just like clothing shops I think we should be able view ratings of food and drivers. It'll improve the service and I don't get the point of reviewing if customers can't use it for their benefit. Also tipping before a service don't make sense.",4,2024-11-26 23:43:02,1
"recently, secured a ride at ₹475 and was alloted a driver too. driver sent a message ""call me"" 10 minutes after booking and when I did he asked me to cancel and book again. he hadn't moved from his spot. when I asked why since I already have this one, he cut the call. i had no option but to cancel and try again, when i tried the price was suddenly ₹1018, more than double of the initial amount. wasted around 45 minutes and still got no cab. I usually have minimal problems with uber.",3,2024-11-26 23:39:53,82
Your navigation system is soo bad that after Booking my cab I always suggest driver from the location,3,2024-11-26 23:37:51,0
DONT ASK FOR A TIP IF IM PAYING OVER $6 TO HAVE THE FOOD I PAYED EXTRA FOR TO BE DELIVERED!!!chat is buggy doesnt show when they reply over half the time took 3hrs to switch between app and site back to app for a message to actually connect. Their eats is a joke seriosuly dont waste your time after you wait half an hr to connect they are to retarded to not connect to someone out of range .charge extra on each item on-top delivery fee on-top tax's and another delivery fee,1,2024-11-26 23:34:23,1
"The company has become robotic, expensive, uncaring.",1,2024-11-26 23:32:21,0
"Today, I had the worst experience with this cab company. I booked a bike cab from my office to home, & the bike details provided were for a TVS Raider with the number 8276. However, the driver arrived on an old Splendor with the same number plate. How is this even possible? To make things worse, the driver was in such a hurry that he completely ignored traffic rules. This recklessness led to a crash with another bike, resulting in an injury to my knee & damage to my clothes. is this acceptable??",1,2024-11-26 23:30:43,0
"The app is overall good but the customer service when you have problem with the driver is hopeless. So I had problem with the driver twice, he didn't stop the ride. Then I had to stop it myself. Then I tried to give review to the driver for his bad behavior and I couldn't because I canceled the ride. I still paid him full money and more though... so I told the service about it and thet didn't refund me or allowed me to review the driver. So customer support does nothing :)",1,2024-11-26 23:26:52,0
Very good driver. Courteous and kind,5,2024-11-26 23:18:31,0
You're giving us mini heart attacks by taking our money before the ride. That was rude!,1,2024-11-26 23:15:45,0
Price increase after completing ride,2,2024-11-26 23:14:28,0
Over charged for the same ride i take everyday then they tell you its because the demand for rides is higher but i see cars available and in the same spot on uber map not to mention the extra money taken for the same ride doesn't go to the driver its a scam if you ask me,1,2024-11-26 23:10:02,0
2 Drivers canceled my ride because they can't find my location and got a charged with cancelation fees 2 times,2,2024-11-26 23:08:12,0
"As a service, Uber consistently fails to meet expectations. The core purpose of the platform is to deliver reliable and convenient transportation, yet it often falls short. Whether it's delayed rides, cancellations, or poor customer support, there seems to be a lack of accountability for these recurring issues. If the service can't deliver on its primary promise, what's the point of using it?",1,2024-11-26 23:06:05,28
Anyone who has a 3 star or above does not regularly use Uber. They intentionally increase prices for individual customers if they think you will keep going to the same location. They charge you more and rip off the drivers. Their fees are ridiculous and only seem reasonable if you use them to get to very different locations and use the app very rarely. It's a stupid business decision and very exploitative. Imagine having a restaurant and charging your most frequent customers more. 0 stars,1,2024-11-26 23:00:55,1
We used the Uber app while on holiday in the UK. We had an excellent experience with the app. It was easy to use and entering the data was quick. We even added a tip via the app. We'll use this service again while traveling through Europe.,5,2024-11-26 22:55:17,0
"It won't open uninstalled, reinstalled won't open",1,2024-11-26 22:52:01,0
I am from Hyderabad this app don't show straight road to pick us. it make a 1 or 2 kilometres long to pick us and ride driver too cancel the ride is they think wayis too long .... So this app make for waste our time 😔,1,2024-11-26 22:49:07,0
Nowadays uber drivers are asking cash for digital payments selected before ride started. If we pay cash to the digital payment then as per uber policy it shows as pending and you need to pay again to uber.So be careful before using uber ride.,1,2024-11-26 22:45:43,0
Always perfect timing. Very fast efficient. I never had any bad drivers so far. My experience for the last 6 years. It's perfect. That's all how I can describe it.,5,2024-11-26 22:41:24,0
Fast and furious service,5,2024-11-26 22:35:31,0
They always get my children and myself home safely.,5,2024-11-26 22:30:28,0
Good journey and good behaviour,5,2024-11-26 22:25:41,0
AI doesn't answer the question.,1,2024-11-26 22:19:26,0
"Used to be great in sheffield, now just leaves you waiting 20 mins plus, then tries to stop you cancelling the search when youre stuck walking miles in the dark instead. had some shady drivers try to scam and support refused to help. I recommend any of the alternatives which are far more consistent",1,2024-11-26 22:10:24,2
"Brilliant taxi service, recommend to everyone.",5,2024-11-26 22:04:40,0
Excellent first experience. On time pick up and driver was very nice,5,2024-11-26 22:04:03,0
always reliable and safe...,5,2024-11-26 21:57:04,0
"Works ok when I can get a driver. Tells you it's gathering drivers details when it doesn't have one yet then just says can't find a driver and kicks you out so if there's acue you get sent to the back. Took one to Walmart the other day, all was fine until I tried to get one home and ended up stranded there. They were closed by this point too so I was stuck standing outside in the cold until I finally got a hold of a friend to come get me. Phone was almost dead. Few more mins cold walk home",2,2024-11-26 21:54:49,0
The sharing of location with the driver helped immensely in a remote area like Yate.,5,2024-11-26 21:38:45,0
Most awful horrible company you can't get a hold of customer support I don't think they have customer support to be honest and what I just had to deal with literally made me cry I don't understand how they charge you for a ride if they don't have a ride to provide you with to begin with like how about you make sure you have someone before taking there money cause now my poor husband is still stranded on I-75 and since you weren't able to get a driver to pick him up an I need that money to gethim,1,2024-11-26 21:28:05,0
I had the best ride with driver solomon his very a very good driver,5,2024-11-26 21:28:00,0
It was good experience,5,2024-11-26 21:25:08,0
Customer support is non existent,1,2024-11-26 21:12:16,0
Customer service is horrible I lost an item in the vehicle and i try to call the driver but the application claims that i am calling from a different number from what is registered in my account WHICH IS COMPLETELY WRONG and i cant neither call the driver nor call an uber customer service to report the problem!!!!! Horrible horrible service I wont use this stupid application again!,1,2024-11-26 21:08:31,0
Please add all key icons on the map while trip is active love the new features,4,2024-11-26 21:04:28,0
Kept me waiting for 45 minutes only to tell me that no driver is available.,1,2024-11-26 21:03:28,0
I'm new to Uber and have trouble using my phone - my computer was fine.,3,2024-11-26 20:58:44,0
"Took money out the wrong bank account😑, refund my money...",1,2024-11-26 20:56:54,0
I got charged a trip I didn't take because the driver started the ride and finished it in 3 minutes I had to pay the amount in thw next trip I took,1,2024-11-26 20:56:17,0
"The driver knows his job too well We travelled comfortably, we requested a stop at a drug store he agreed without complaining. Anyway today i enjoyed the ride",5,2024-11-26 20:55:01,0
First time using the Uber rides. Great service.,5,2024-11-26 20:52:44,0
Pleasant ride and friendly.,5,2024-11-26 20:47:43,0
Unfamiliar transactions go off on my account from Uber,1,2024-11-26 20:42:19,0
It is a nice ride with uber,5,2024-11-26 20:39:43,0
Every easy and reliable,5,2024-11-26 20:34:03,0
very careful and a real professional driver.,5,2024-11-26 20:30:15,0
Need access to unit #,4,2024-11-26 20:26:47,0
"Every time they charge me, they always cancel the ride, and then they charge me more money after they cancel the ride. Oh yea when i try to talk to the bot about how they are canceling the ride after it, it doesn't help you get your money back when they charge you more.",1,2024-11-26 20:24:50,0
Constantly taking money out for trips I haven't done,1,2024-11-26 20:24:03,0
very good but expensiv,5,2024-11-26 20:20:09,0
"Thank you for providing & helping public uber counter in Air port places. Thanks to Uber counter staff for helping in booking & arrangements of Uber vehicle to reach in our destination point. I hope public uber counter facilities will be increase in important public places for public benefit. But,There is somedraw back , sometimes after booking confirmation by uber vehicle , they reject (cancel) booking, due to this rider(customer) often face Harass. I hope this problem will be solve in future.",4,2024-11-26 20:17:55,0
Good experience so far 😁,5,2024-11-26 20:15:41,0
Great service great staff x,5,2024-11-26 20:14:58,0
Uber car Pilot person Behavior is good & Softly talking about our journey.,5,2024-11-26 20:09:00,0
good for low cost of booking,5,2024-11-26 20:08:26,0
Frequent cancellations ....somedays 2 or 3 times in same trip..even at normal working hours...users penalized for any cancellation while drivers can do it after making you wait for 5 minutes.,3,2024-11-26 20:04:24,0
My urber ride was very professional and my little one loved his music .Thank you for getting us home safely .,5,2024-11-26 19:53:53,0
"I forgot a wallet full of money, cards;& ID . The driver came back and brought everything. Thank you",5,2024-11-26 19:47:10,0
Whenever u reqd nothing is available,1,2024-11-26 19:38:37,0
This is a good online platform.,5,2024-11-26 19:36:34,0
Good price abd service,5,2024-11-26 19:35:09,0
"Great, smooth and safe",5,2024-11-26 19:30:40,0
Worst App. Every Time its take too much time for booking. Drivers pehle kehte hai kaam nahi hai lekin jab booking Karo toh nakhre itne ki location hi nahi aayenge,1,2024-11-26 19:29:52,0
Complete trash. Always false timings,1,2024-11-26 19:24:23,0
Worst customer service and time to time not pickup the customer and long route auto driver cancel the pickup 🤬🤬🤬,1,2024-11-26 19:23:55,0
Drivers are demanding double the price. Worst experience,1,2024-11-26 19:22:20,0
"Most Uber drivers drive extremely slow, even when there isn't traffic, and I end up paying way more than the requested amount.",2,2024-11-26 19:20:40,0
"it has gone bad, i paid directly to the driver on phonepe as driver asked me to, and now the same charge is showing me on the uber app,",1,2024-11-26 19:13:16,0
Way better then the taxis,5,2024-11-26 19:08:34,0
Excellent service and ride,5,2024-11-26 19:05:40,0
The price they show you before requesting the trip is not the price you pay,1,2024-11-26 19:02:33,0
First time. Fast and simple,5,2024-11-26 19:02:21,0
Brilliant no fuss service,5,2024-11-26 18:56:13,0
Bring good packages for Uber Shuttle.,3,2024-11-26 18:56:00,0
The worst app ever too late to pick up and the location is not precise worst been late so many times because of this app,1,2024-11-26 18:52:21,0
"The app won't accept credit or debit cards as methods of payments. I use the account with a family member, the only available payment option is card for family accounts. Their support service was not helpful at all.",1,2024-11-26 18:50:52,0
Even single star is waste... Driver will not lift the call and they won't reply and for cancelation again they will charge on us.... I wait upto 10min and called driver and I cancelled and I got cancelation fee.. This is second time and I'm not going to use it at all,1,2024-11-26 18:50:26,0
I'm using Uber to work every morning but mostly i have to wait for 45minutes to get a ride then end up arriving late at work,3,2024-11-26 18:44:34,0
"Most drivers are very experienced and use Google Maps, but sometimes there are drivers who watch films .",4,2024-11-26 18:43:08,0
Waste app full laging in 8gb gram,1,2024-11-26 18:42:58,0
Better service and good drivers also clean cars,5,2024-11-26 18:42:30,0
I was charged $34.22 in addition to the $46.74 I agreed upon for 1 ride. The artificial intelligence gives you no option to dispute the other charge. I'll call a taxi next time and save myself the headache and phone storage.,1,2024-11-26 18:41:50,0
Easy to use. Provides good information.,5,2024-11-26 18:39:57,0
This was my first Uber ride ( after much tutoring from my kids !) lol ... And I found it VERY easy to use.. and appreciated the little info about my driver. 👍,5,2024-11-26 18:30:48,0
"Fast, professional service",5,2024-11-26 18:20:38,0
good experience and nice driver! :),5,2024-11-26 18:17:30,0
Always efficient and on time.,5,2024-11-26 18:16:17,0
Superb ride thank you uber,5,2024-11-26 18:10:53,0
It's okay so far... first time using the app.,3,2024-11-26 17:55:46,0
Awful experience with uber shuttle,1,2024-11-26 17:47:28,0
Gives more priority to drivers over long time customers. So choosing indrive,1,2024-11-26 17:39:12,0
"I am new to Uber. I was charged over 40.00 for a ride I didn't know how to cancel. I was very disappointed. Every other ride has gone fine, with good, friendly drivers. I appreciate knowing in advance the cost of the ride. Much better than a cab.",3,2024-11-26 17:32:23,0
Good service Uber app,5,2024-11-26 17:29:23,0
"Very nice ride, comfortable and clean. Nice and warm inside on a cold morning. Helpful with luggage.",5,2024-11-26 17:14:56,0
Good app works smoothly,5,2024-11-26 16:54:43,0
Always polite and courteous drivers,5,2024-11-26 16:46:26,0
Froud company hai. never use uber services . kahi par bhi customer care ka number show nahi kr raha hai jisase koi problem ho to ham bat kr le.,1,2024-11-26 16:45:34,0
Driver sometime not agree to pickup while talk about destination.,1,2024-11-26 16:32:48,0
So bad aap never use it I book a cab was price 1240 and at the payment time I was shocked the price increase and it was 1695. Never use it this app is just a looter,1,2024-11-26 16:31:50,0
I have to pay twice even after making advance payment for trip. It was showing as cash payment even after doing advance card payment.,1,2024-11-26 16:06:16,0
Very good. Driver also very good in behavior & driving.,5,2024-11-26 16:05:37,0
Lovely experience no waiting arrives quickly enjoyable conversation,5,2024-11-26 16:03:12,0
"I rode in my first electric vehicle and the guy explained how they work in a way that anybody can understand. I've never had a bad experience in an Uber and tonight was no exception, it was quite the opposite actually. I learned so much about cars. It was just awesome. Cool driver, super fun ride",5,2024-11-26 15:58:19,0
Pay your drivers more they are earning less,5,2024-11-26 15:56:34,0
Very efficient service,5,2024-11-26 15:47:41,0
Nice and safe drive well mannered and polite driver 👍 👌,5,2024-11-26 15:40:02,0
Enjoying the app so far,5,2024-11-26 15:32:41,0
Worst service don't want to promote any more it's taking more 1 hour to book a if it is book it get cancelled or waiting time 20 mins after 15 min driver called confirm location and cancelled the ride seriously worst service,1,2024-11-26 15:29:13,0
"It charges you for the trip. Then, if you leave a tip it charges you again for the trip plus tip. Then, they let payment in pending for two weeks to get your first trip charge and the tip back. So you pay double and get the extra amount back after two weeks. The customer support lies about a cancellation fee. The cancelation fee is supposed to be charged before the trip, not after!",2,2024-11-26 15:18:06,0
Thank you and good service,5,2024-11-26 15:11:56,0
Day by day uber giving worst service unable to book ride it is taking more than 20-30 mins to allot a driver and driver also doing fraud asking more money also taking wrong way no one is taking action against them,1,2024-11-26 15:10:45,0
"Very reliable, love the service",5,2024-11-26 15:04:20,0
On time and safe thanks uber driver mogamat,5,2024-11-26 15:02:21,0
"Easy, efficient, and fast. The ride was cheaper than a taxi and the driver was friendly and helpful.",5,2024-11-26 14:58:15,0
"When I booked a share on Uber, it showed 33 riyals, but when I got here it was 55. I booked a 2to3 from the same location, but this is the first time I have to pay so much riyals. There must be some cheating going on. I want to know the truth about this.",1,2024-11-26 14:33:33,0
Why should I pay first,2,2024-11-26 14:31:04,0
Nice 👍 and enjoy a lot,5,2024-11-26 14:23:05,0
"Great app we all are using it quite some time as it is a very fast & quick travelling service to our regular & fat off places, I am happy with their prompt service as budget is also concerned, Thanks Uber.",5,2024-11-26 13:56:38,0
Generally good app and Iv had no negative experiences,5,2024-11-26 13:56:13,0
"Using Uber a few years already from time to time. Nice UI and easy to use. Payment with PayPal is a great thing as well, although I noticed that lately I pay more. Although when booking the price said was: €11-15, in the end I paid €19,20, which is a quite big difference. I would have preferred to know the higher price rather than having this unexpected surprise.",4,2024-11-26 13:47:57,39
Dismissive Customer care and they take your money! Avoid paying with your card cause you will be charged even if the driver cancels the ride.The customer care is also really dismissive and doesn't offer a solution of what can be done incase the issue occurs again. If I could attach proof of conversation I would,1,2024-11-26 13:47:30,1
make app user friendly.one can understand easily,1,2024-11-26 13:44:58,0
"Exceptional, the driver's navigation system was a bit off and he was very patient and polite assuring I was home safe.",5,2024-11-26 13:34:10,0
Have good experience.,5,2024-11-26 13:29:56,0
"Booking this ride was easier than i thought and Emerlyn was so sweet, and i felt so comfortable riding with her.",5,2024-11-26 13:22:06,0
Very disappointed with Uber. If auto drivers do not want non cash option please omit it. can't waste our time with cancellations and negotiation,1,2024-11-26 13:16:36,2
Over time waiting and driver cancel ride 😡😡😡,1,2024-11-26 13:15:23,0
"Absolutely shocking how this app has just been solely designed to rip people off. Thats the main part, getting a taxi is secondary. Surge pricing because Uber dont have enough driver customers pays more, no economy cars but pay more and well get you a taxi no worries. Its a joke.",2,2024-11-26 13:10:28,0
"Excellent Service, great communication skills",5,2024-11-26 13:02:18,0
"Ride completed payment done, but still it shows finalized payment pending",1,2024-11-26 12:46:37,0
"Friendly, reliable, precise.",5,2024-11-26 12:43:21,0
Great easy to use gives you all the information you need for your ride when it arrives.,5,2024-11-26 12:39:53,0
"It keeps charging me even when I'm not using it, I lost 500 cause of this",1,2024-11-26 12:30:16,0
Incredible app👌💯 Always innovative to better our lives🏆,5,2024-11-26 12:29:48,0
This is the most reliable app. Value for money. I always get quality cars and drivers for my trips. The best part is I often get discounts,5,2024-11-26 12:28:54,0
"Great vibes, so friendly. Best ride.",5,2024-11-26 12:19:11,0
Worst experience ever I booked my ride I am waiting for it app for showing that driver will come in 1 minute and I am waiting for 25 minutes I am deleting this app I will never book any Uber cab about taxi ride,1,2024-11-26 12:16:31,0
Pathetic experience . I don't use uber . My account has an unrecognised charge with no date . Customer support is unreachable . They don't want to solve the issue . They just want to make money .,1,2024-11-26 12:16:21,0
"This happened to me 2 times. For the first time when it happened, i didn't pay much attention to it. But for the second time, i couldn't ignore it. Uber is charging me extra money. I booked a ride which showed 110rs. But when i reached my destination, the driver told me it's 125 rs. He told me to check my Uber app to clarify, and to my surprise, he was right. Uber charged me extra money after confirming the ride and couldn't give a reason for it. I request you to fix this issue asap.",1,2024-11-26 12:11:15,4
Horrible... you coming to get me or not.... Hate Liberals that can't answer easy questions..... Redicilous!,1,2024-11-26 12:10:33,0
"Booked once, but everything went well and smooth.",5,2024-11-26 11:46:06,0
"It's very driver centric. A driver can leave you on the street, not show up,pass right in front of you and not pick you up, not pick up his phone. And you will be charged with a 10 qar fee. Sorry Uber some other legal local applications are performing much better.",1,2024-11-26 11:32:12,3
Excellent! It even recognizes when it's traveling someone else when you choose another pick-up point than your actual address and it opens your Agenda to help you rapidly choose a contact.,5,2024-11-26 11:30:52,0
"Chip low price rides poor pipels cost price Uber, Plz impru standard price rich haifai cost",1,2024-11-26 11:29:13,0
Not satisfied in uber. Aap extra charge liya hai extra charge le raha ho isliye me ab uber app ban kar raha hu. i am satisfied in Ola app and ola best reasponse in service. I Will camplen in uber.uber are not best reasponse in customer.uber are cheating in customer rupees.,1,2024-11-26 11:09:34,0
I'm not able to share my trip status as it is showing that end trip and continue. I think there is some glitch in app. Kindly resolve it.,2,2024-11-26 11:07:55,1
Good but little costly and take too much time to arrive the car.,4,2024-11-26 11:02:19,0
Very pathetic......Uber drivers..No one accept the ride......so many times...,1,2024-11-26 10:48:41,0
"Very good service, But not any driver using cash. Also I have found rides costly as same my brother showing cheaper ride at the same time. I am going to remove this app.",2,2024-11-26 10:34:03,0
Uber R&D is unique and it is everytime helpful to the public like Uber eats because on that time we eat like 25 rupees biryani and now I am going to college on the zero rupee and they are giving fine service during R&D and normally paid service too... Hatsoff to the brillant minds of uber.,5,2024-11-26 10:24:50,0
"As a frequent uber rider, I believe there should be more discounts or incentives for frequent rides",1,2024-11-26 10:24:02,0
"Gets me around, hassle free. Most drivers are very professional and courteous. I recommend.",5,2024-11-26 10:21:31,0
Saving my life since forever lol,4,2024-11-26 10:17:37,0
Pathetic service uber. I tried to add my card in the account. But my 2 rs were deducted 5times but the card was not added. There is no proper number to give a call. I will escalate this to social media as well and I need my money back,1,2024-11-26 10:13:05,0
Good app Resonable prices,5,2024-11-26 10:09:09,0
I am so tired of Uber. Auto driver cancel after reaching on destination. They dont even inform. They take different routes and then when we guide them over call they cancel the rides. Even 4-5 rides gets canceled without any valid reason. On top of it uber prices are hiked by 10x these days for unnecessary reasons.,2,2024-11-26 10:08:16,1
Good on time service and affordable price...,5,2024-11-26 10:04:22,0
"Trying for 20 mins, knowing that it's cheaper in the mornings, only for no driver to accept, and then the prices to increase to 3 times the amount due to ""peak usage"".. I had Uber One, was considering getting it again, not anymore. Try and keep your prices consistent.. this is why you losing business and trust",1,2024-11-26 09:56:24,0
Most of the time reliable and affordable,4,2024-11-26 09:53:07,0
"I always book my ride by using this app since last 10 years, but unfortunately due to some booking problem I have deleated the app and downloaded once again today ....!",5,2024-11-26 09:51:56,0
"Capitalising at its peak.Offering normal fare to the riders far away and make us wait for long.And if we cancel it, then give us nearby drivers for 1.5 times more prices.I would suggest to install other platforms too so that you can decide at that time.",3,2024-11-26 09:49:15,0
I think that if there is something less than 1 star it would be my rating I can imagine that my driver is standing somewhere in the universe and then he tells me that he arrived then I tell him to come cuz I'm late he tells me he arrived and finally when I cancel him to get another car Uber demands me to pay extra 20 QAR fix ur drivers please,1,2024-11-26 09:46:29,0
The hurrier you in the more late this app makes you.,1,2024-11-26 09:36:12,0
"Worst experience, drivers never accept the request",1,2024-11-26 09:34:46,0
Just had yet another outstanding experience with my driver Paul who was kind enough to wait for me at the auto parts store even though I had not requested a stop when I booked the ride. He just provided top notch service all the way around not to mention that Paul was Uber-professional! Big thanks to Paul for giving me a reminder why I've loved this app since they opened and been a loyal customer ever since.,5,2024-11-26 09:20:45,0
Excellent behaviour and service,5,2024-11-26 08:54:26,0
"Very disappointed in Uber. I use them twice a day, 5 days a week to get to work and back home. I live 3 minutes from my work and for the past year the rates have been $5 or $6. All of a sudden they charge an average of 10 to 20$. And I've never missed a tip to the drivers. I'm stuck because I need the ride but I can't afford it anymore. When your prices go back down you'll get the 5 star rating I gave at the start",5,2024-11-26 08:45:24,15
Fair is completely overpriced and drivers are underpaid. I'd rather walk,2,2024-11-26 08:44:04,0
good service very nice,5,2024-11-26 08:36:06,0
Very easy to use. Mohammed was great.,4,2024-11-26 08:35:42,0
"Arbitrary and unexpected pricing, drivers can be confused or rude, longer than expected waits for pick up, frequent unreliable service.",1,2024-11-26 08:35:27,0
"My mother was ill. Mohd Ameen, the rider, was a really kind and humble man. He hurried us as quickly as he could to the hospital. We are really grateful to Uber for providing us with such excellent service.",5,2024-11-26 08:33:02,0
"Works really well, whether in my home country or abroad",5,2024-11-26 08:30:56,0
"Awful service, I've been waiting 45 minutes to take a ride. Drivers can cancel at the last moment leaving you waiting.",1,2024-11-26 08:17:41,0
Too much time taken for confirming the ride. Disappointed overall.,1,2024-11-26 08:04:35,0
Driver didn't call or show up. Site does not offer a customer service number,1,2024-11-26 07:56:56,0
"Malicious permissions with a fraudster developer who allowed the custom version of Android and this fake Managed Google App Store"" that I s violating Google Terms of Service and Pricacy.",1,2024-11-26 07:55:40,0
Reported this many years ago but why do you require 3 STEPS to CANCEL A TRIP REQUEST (not even a confirmed trip)? This is just ridiculous that it isn't fixed yet.,2,2024-11-26 07:46:12,0
Multiple times when my order is canceled. The only reply is that we are working on these situations. App is slowly getting worse and the customer just has yo feal with it although uber applies high charges for their service. Terrible.,1,2024-11-26 07:40:09,2
"Worst service Never give ride at we need, They should leave this app who r in need for good service at time",1,2024-11-26 07:19:14,0
"Amazing service. Prompt arrivals, clean cars and nice drivers. I have always found uber convenient.",5,2024-11-26 06:55:28,0
It is very helpful and affordable price.,5,2024-11-26 06:45:49,0
Best app ever I wish I had this idea 💡,5,2024-11-26 06:37:52,0
The best app for traveling short and long rides.,5,2024-11-26 06:21:18,0
Price hike before Thanksgiving. Ridiculous.,1,2024-11-26 06:13:06,0
Uber I am officially deleting you!!! I will rather struggle with Bolt then one more bloody day light robbery from you. I have had countless upcharges. This is the last straw. I cannot pay R50 and then later I am charged R75 rand . You cannot do that!. I accepted the ride at R50!!! IF YOU USE THIS LYING CHEATING APP!! ONLY USE CASH. CHEATING SCUM!!!,1,2024-11-26 05:34:12,0
"Best way to go, when you're out having fun and DRINKING. ESPECIALLY with the Holidays Parties 🙏🏾",5,2024-11-26 05:25:54,0
"I was charged for a trip I didn't get and I tried to get my money back but the customer service is really bad, didn't help and I don't recommend this app/service",1,2024-11-26 05:23:40,0
"I have ridden with Uber for years, and each driving experience has been outstanding.",5,2024-11-26 05:23:14,0
A great way to get around when you don't want to use your own car,5,2024-11-26 05:06:36,0
Driver was very friendly,5,2024-11-26 05:05:01,0
"I won't use your app anymore. After your drivers cancelled my request which they initially accepted, you still went ahead and asked me to pay. They cancelled my order without picking me up and you asked me to pay. You expect me to pay for your inconsistency. You or them are supposed to pay me for wasting my bloody time. I almost missed going to see my sick grandfather that night. I wish i could make everyone to stop using your app because you have no idea how much stress you put me through",1,2024-11-26 04:59:16,0
"Constantly spams you with ad notifications, but if you take notifications off you miss ride information.",1,2024-11-26 04:54:46,0
Quick and not expensive cars taxis,5,2024-11-26 04:53:11,0
Good experience and reliable too,5,2024-11-26 04:45:43,0
My experience today is terrible. I had a ride scheduled and the driver cancelled. This was over a half hour ago. Still trying to schedule a ride with no luck. I really need this ride and it's getting late. Please help!,1,2024-11-26 04:39:54,0
$10 to get mcdonalds 5 min down the road delivered you guys are trippin,1,2024-11-26 04:30:01,0
Good idea but unreliable. Drivers keep on cancelling after waiting a long time. I won't use uber anymore for important drives.,2,2024-11-26 04:17:37,0
"Dunno if it's supposed to be a new feature or if it's a bug, but instead of going by my current location as it usually does today 11/25 it said that I was down the street at the coffee shop instead of at home wasting both my and the drivers time and the address wasn't editable because it was 'out of range' despite only being a mile down. Definitely didn't do this before, and it even showed me the correct pin when I booked it, which is further confusing to me.",1,2024-11-26 04:14:49,0
Great alternative to airport parking!,5,2024-11-26 04:09:20,0
FELIX is So respectful and kind,5,2024-11-26 04:01:37,0
This application is very bad,1,2024-11-26 03:58:47,0
I' love my Uber and most drivers very reliable,5,2024-11-26 03:53:01,0
There customer service is not good because they have no phone number to call,4,2024-11-26 03:42:41,0
Very nice awesome bless drive of them all,5,2024-11-26 03:35:48,0
"Awesome, fast, reliable,",5,2024-11-26 03:35:12,0
Best of all time travel,4,2024-11-26 03:34:57,0
Nice driver and much cheaper compared to DIDI,5,2024-11-26 03:33:27,0
"Timely response, no cancelation of rides, still the industry leader.",5,2024-11-26 03:25:17,0
Easy access and fast to order,4,2024-11-26 03:06:33,0
"Ordered UberX and the app sent me to wait across the street outside in the cold and rain after midnight, instead of setting the pickup at my work. Ridiculous.",5,2024-11-26 02:49:31,0
"Cheap,quick and reliable",5,2024-11-26 02:28:53,0
Pretty much convenient for travel,5,2024-11-26 02:27:50,0
It doesn't show you the price of the ride.,4,2024-11-26 02:18:59,0
At the most crucial moment failed to register with bad request reason. Thank you,1,2024-11-26 02:09:15,0
From One side 1130 Same return trip 531 This is wrong... Uber fraud to us...,1,2024-11-26 01:55:42,0
"I booked an UberX cab earlier and it said the journey cost was £15.85 when it was booked, then the amount in the end subtotaled £16.39, £0.99p was added as a waiting time so it should have been £16.84 but I was charged £17.38 which I do not understand and the help options offer no solution, I read everything and do not see why the fare price changed. Also when first using the app I had to take a relative to hospital using a family account for payment, and they blocked my Uber account.",3,2024-11-26 01:54:29,3
Lovely friendly driver. Very comfortable ride. Totally enjoyed the ride,5,2024-11-26 01:54:23,0
"Uber is good sarvice, very fast, give a car, i am Living in Qatar, thanks tha uber company",5,2024-11-26 01:53:55,0
Easy ride to airport. Recommended.,5,2024-11-26 01:52:30,0
Best things since sliced bread. Love the app,5,2024-11-26 01:39:17,0
Very polite and cordial,5,2024-11-26 01:37:32,0
Very safe driver. Van was clean. Got to the airport on time and my wife got to take a nap!,5,2024-11-26 01:24:21,0
Person ws very co operative,5,2024-11-26 01:22:44,0
Thank you for the great app and lots of discounts.,5,2024-11-26 01:11:39,0
Excellent and kind service,5,2024-11-26 01:05:42,0
Prompt cheaper than a cab and less frustration than driving in traffic for a meeting you need to be focused for,5,2024-11-26 01:04:00,0
Suspended my account for no reason,1,2024-11-26 00:54:35,0
"Horrendous service, wait time of half an hour just to have 2 drivers cancel and then have to cancel and book a more expensive option and no refunds",1,2024-11-26 00:53:27,0
"App is broken garbage, it shouldn't be literally impossible to sign in. Downloading Lyft right now",1,2024-11-26 00:47:35,0
Enjoyed my ride with Aaron. We talked the whole ride. Very friendly. I wish all Uber rides could be so enjoyable.,5,2024-11-26 00:44:07,0
Edwin was friendly and pleasant to talk to.,5,2024-11-26 00:43:46,0
Always gets me from a to b in a convenient and timely way,5,2024-11-26 00:35:39,0
Not working as it used to on the same phone! Force closes & freezes on Android 10!,1,2024-11-26 00:20:42,0
So easy and smooth made me feel like a executive,5,2024-11-26 00:14:04,0
To night I am book nizamuddin to sector 52 gurugram but uber driver 300/rs extra cost of this drive. Not bilive this company very poor service uber company .moto bike driver vijendra. Every where post this youtube .goggle. Instagram. everywhere,1,2024-11-26 00:13:48,0
"Easy to use, and quick response to any issues very happy",5,2024-11-26 00:10:08,0
Very nice and very useful service for many civilians of our country.,5,2024-11-26 00:05:58,0
I check my account and found these guys have taken 50.00 more than should be taken!!!!! This is ridiculous I want my funds back in my account immediately!!!!!!!,1,2024-11-25 23:48:11,0
Uber remains the most reliable and professional service 👌,5,2024-11-25 23:38:35,0
Good but wait time is high,4,2024-11-25 23:34:19,0
Uber is better than Rapido because it charges less.,5,2024-11-25 23:05:10,0
This far very reliable,5,2024-11-25 23:04:42,0
Really don't use it if you are using it for uber shuttle they just want to buy monthly pass and after that you will find no such bus is coming even fake bus is tracking and if you compliant they just say we will take feedback I am really frustrated from 1 months so please don't use it,1,2024-11-25 22:59:29,0
She was great. Very polite. I would ride with her anytime.,5,2024-11-25 22:55:16,0
great driver no complaints,5,2024-11-25 22:50:44,0
"Total scam. Was given a discount code but it wouldn't work. Not sure about business model here, but try to avoid as service/delivery fee quickly add up and promo codes never work - it only becomes obvious when at the final order stage.",1,2024-11-25 22:47:18,2
"Worst aap to choose your destination, their divers don't follow instructions and the location",1,2024-11-25 22:38:50,0
"Driver made it up the mountain with 2"" of fresh snow right on schedule. He was pleasant and didn't talk my ear off. He played some very nice ambient music which was very soothing. Unlike many drivers, he wasn't afraid to drive as quickly as the conditions allowed. Previous drivers seemed afraid of the mountain roads and drove at glacial speeds. This gentleman drove very safely but also understood that people have things to do and the Uber ride is just a means to an end.",5,2024-11-25 22:29:19,5
To many notifications,2,2024-11-25 22:20:21,0
"The driver was very cool and car arrived b4 time, no time to waste.",5,2024-11-25 22:17:07,0
"Difficult to change my home and work addresses. I would change them repeatedly, save the change if that was an option on the screen, then go to the previous screen again and find out that my home or work addresses had reverted to their previous settings. Tried multiple times, tried exiting and restarting the app, didn't seem to make any difference. Mildly annoying. Other settings such as checking my reserved ride were a little challenging to find, but that may change as I use the app more. 4",3,2024-11-25 22:15:38,150
"Drivers simply don't want to work. No one takes the ride and what was supposed to be a fast solution to public transportation is slowly becoming another problem. Also, changing the fare for a more expensive one in the middle of a search for ""faster pickups"" is pure dishonesty. 2 stars for the good drivers that still want to work",2,2024-11-25 22:03:59,3
Comfortable still now 😊,5,2024-11-25 21:57:44,0
Awesome service and saves a lot of cash than your normal taxis,5,2024-11-25 21:55:00,0
"Dreadful, drivers just cancel after 10 minutes of accepting trips. Doubles prices just to book 30 minutes in advance and they still don't show up on time",1,2024-11-25 21:47:02,0
"I have had nothing but great experiences. I feel safe, they are quick!",5,2024-11-25 21:33:02,0
After arriving the destination the charge always gets increased 👎,1,2024-11-25 21:25:56,0
She was a very nice lady with Great conversation 🙂 thank you Shakiya,5,2024-11-25 21:20:34,0
The best app for the reason is to the cancel ❌ fees didn't add some times,5,2024-11-25 21:14:29,0
bad experience. they increases ther prize within minute,1,2024-11-25 21:13:32,0
"Uber is good for a ride. Don't plan on having luggage room for the person capacity of the vehicle. This isn't governed well. I don't believe this is the drivers problem. Uber doesn't have much option to contact the company. How much responsibility rests on the driver? If you have a trip to or from the airport, there will be luggage....",3,2024-11-25 20:47:52,0
Worst customer support,1,2024-11-25 20:43:53,0
Murrell exceptional and patient,5,2024-11-25 20:40:19,0
The safety measures are good. The share options of your trip to other person and the live update all good for safety but I am very disappointed for a trip I was charged twice for one trip and more extra fee if $3 for no reason. Their live chats never available. No success to get customer support. considering not to use Uber anymore.,3,2024-11-25 20:37:47,0
"At the start of the fair, the amount was showing ₹260 and after reaching the destination the driver was asking for ₹372.",1,2024-11-25 20:33:20,0
"Greed taken to the extreme. 0 stars. One 20-minute ride costs as much as a train ticket, to there and back, to the mountains or the seaside. The price is exaggerated.",1,2024-11-25 20:29:45,17
Becoming trash. App try to exploit profit from customer and drivers more and more making drivers less inclined to drive and trips less pleasant.,1,2024-11-25 20:29:42,0
Good service and clean comfortable car,5,2024-11-25 20:19:52,0
Very bad aap it takes very much time for car very very I am giving 1 star very bad experience is very bad with uber,1,2024-11-25 20:15:51,0
Affordable and reliable.,5,2024-11-25 20:15:30,0
"The estimate on time at this point is almost completely inversed. Initially, if there is an estimated wait time of 5 minutes or less, I'll end up waiting for nearly half an hour, but if the estimate is 20 minutes or so, I'll only end up waiting 3-5 minutes. Not the end of the world, but it is extremely difficult to plan for when I need to be somewhere.",4,2024-11-25 19:58:22,0
"Easy navigation, had no problems.",5,2024-11-25 19:51:27,0
I have book my trip when i book its show less amount and after booking the rate got increesed and also i can't cancel the trip it didn't show the reason i want to tap and also show if i cancel the trip they will charge extra 60 rs on my next trip,1,2024-11-25 19:48:48,0
It says there is an offer of 5% cash back for Amazon Prime members if paid through Amazon Pay Balance. But I have paid several times and not received cash back ever,3,2024-11-25 19:47:44,0
"1 out of 3 drivers wait until they are near to ask, ""Where are you going?"" this way, if they don't want to take you, you have to cancel and pay for the cancelation fee since they are near already by.",1,2024-11-25 19:39:21,0
Stephane is very friendly and respecful. This is my second time using Uber and happy. It is very convinient.,5,2024-11-25 19:32:15,0
Thank you for all the rides.,5,2024-11-25 19:32:09,0
"First driver never arrived, so the 5 minute arrival turned into 13 to 15 minute wait until the second driver arrived. The second driver was quite good. No complaints about him, just the fact that the first assigned driver never arrived. This is the second time this happened from the same location.",3,2024-11-25 19:24:46,0
"Best deal available for Customer, Some issue with Location... Other wise all Good",5,2024-11-25 19:19:56,0
East or West uber is the best👍,5,2024-11-25 19:17:07,0
I was booked uber cab 399 but after ride complete driver asking 760 payment Driver name -MD HAFIZUL HOQUE Froud app,1,2024-11-25 19:07:33,0
Awesome driver. Just had issues with the pick-up location much to far from my home.,4,2024-11-25 19:07:18,0
Best first time experience ever,5,2024-11-25 19:03:36,0
Guys I never suggest this cab to any one totally West of time ⌚ most farud app in india,1,2024-11-25 18:51:26,1
I'm very much interested with the Uber drivers are doing exallent job,5,2024-11-25 18:51:14,0
Customer service is pathetic,1,2024-11-25 18:45:32,0
Worst app ever I have seen never books a cab on time. I wish I could give negative ranking. Also I suggest people not to use this service completely waste of time for booking,1,2024-11-25 18:44:23,0
"App is a trash when it comes to Turkiye. Drivers can charge you at the end, and you don't know the reason. They are also putting toll fees on you. The help button to reach out to the help centre of Uber is not working. It stopped showing the prices for Poland, however previously i could see",2,2024-11-25 18:42:03,0
I lost my phone number. How am I supposed to update it to the new one if you ask me to input a code that you sent me to my old number?,1,2024-11-25 18:36:41,0
Your team has always been great. Thank you for the awesome driver,5,2024-11-25 18:26:57,0
I have been using Uber for 3 years and i had the best and safest rides.❤️✨,5,2024-11-25 18:17:11,0
"So far, every driver has been pleasant and made me feel safe.",5,2024-11-25 18:11:58,0
"Oh men thanks Uber, you made mi life better, love you budy",5,2024-11-25 17:44:50,0
"Happy with the service, my family arrived safely 🙏 ❤️",5,2024-11-25 17:40:26,0
I enjoy my experiences with Uber. The app is a little complicated. But I guess as I use it more often I think I can manage it. The fluctuating prices if the ride is annoying. The price should be more affordable and flexible especially if we have routine rides.,4,2024-11-25 17:39:17,0
Good Driver. Right on time. 👍🏾,5,2024-11-25 17:38:08,0
Wow Uber is now best known for scam also initially they charged 210 and after reaching destination it charged 280 !! It's not very much but it happens all the time,1,2024-11-25 17:38:08,0
excellent service with excellent behaviour,5,2024-11-25 17:34:45,0
Very good friendly service,5,2024-11-25 17:26:55,0
Difficult to contact the driver 🙁,4,2024-11-25 17:20:53,0
"Great service. In time, drive safely, friendly and car in good condition.",4,2024-11-25 17:15:05,0
Amazing experience uber rides,5,2024-11-25 17:13:13,0
"The pick up and ride were very successful, and the Driver Sandy was helpful, professional.",5,2024-11-25 17:08:18,0
Why there is no delete option included or not there if the trip is cancelled or not booked on the Uber application? Little more changes to be done in the UI of Uber application.,2,2024-11-25 16:55:03,0
Got a worst experience!!! I had to pay extra even though I didn't cancelled it and I was also charged with the cancellation fees I need that back !!!!,1,2024-11-25 16:48:22,0
"Love this feature. Works great when you are in need of a scheduled trip, like going to the airport early in the morning.",5,2024-11-25 16:46:47,0
Uber is overpriced and they will charge you based on how long the ride took (even if there's construction on the road),2,2024-11-25 16:41:39,0
Some really awesome drivers,5,2024-11-25 16:37:41,0
App bht bekr hota jarha h phle ye log timely accept krlete the request but ab to request hi 10 min lagati h phr driver or further 10 min show krta h or end mai cancel bhi krdeta h Pichle saal tk uber ki service bht accessible thi ab to connecting mai hi 10 min Lagg rhe h that to in vain Or prices ka to bas chod do is Saal se double krdiye h har jagah ke prices Kindly look into this matter uber otherwise you will eventually lose your customers,1,2024-11-25 16:34:39,1
Very worst cab service rider always cancelled the trip.,1,2024-11-25 16:33:03,0
"First I have used UBER will definitely us again, great service and very pleasant driver",5,2024-11-25 16:29:46,0
Always friendly drivers.,5,2024-11-25 16:21:17,0
Auto not available most of time please look in this case,1,2024-11-25 16:20:53,0
its not a safe app . you aleady took money twice from my bank account . without me taking a ride . second reason . alot of times i go out side and wait up to 15 minute for the rider to come . and its ok for you but if he waited less than 1 minute you take money from my account . why not the oppostie . why its okay for me to wait while holding a baby for up to 15 mnts and not okat for the rider to wait less than a minute . you have double standards .,1,2024-11-25 16:20:48,0
"Sometimes when ordering a ride the questions the app asks in terms of destinations do not pin correctly. Otherwise, when set up correctly, the at works quite well.",3,2024-11-25 16:13:37,0
Thanks for the immediate support I loves uber,5,2024-11-25 16:12:43,0
"Used for Uber eats, didnt apply the prices advertised on a Sainsburys shop and nearly payed double for my order",1,2024-11-25 16:11:58,0
Promt and acurate service,5,2024-11-25 16:11:18,0
Very cheap and affordable 👍 nice 👍,5,2024-11-25 16:09:40,0
Best App in reasonable prices Thnkx to Uber,5,2024-11-25 16:05:25,0
"Some times drivers are canceling the bookings in selected cities unnecessarily making us to feel bad about this application company kindly go through it & make slight change in this application as in ""ola app"" google maps shows when we are traveling each & every road/cross/location but in your app only location & destination it shows that's it plz make this update thanking you !!!",3,2024-11-25 16:05:12,73
Good experience on the app,5,2024-11-25 16:01:38,0
Terrible app for food. Had so many deliveries not turn up or arrive an hour after time.. Spend 100s a week getting taxis but can't refund 20 quid for a macdonalds that wasn't delivered. Disgusting way to treat loyal costumers,1,2024-11-25 15:50:20,0
When you have some very urgent need then it is of no use and we do not take advance booking.,1,2024-11-25 15:43:18,0
I had to get a bigger vehicle because of my walker. When what I needed was a car with a proper trunk. I shouldn't have had to pay more. Then wasn't able to reach anyone to explain what the issue was. So instead of 11.89 I had to pay 19 and change. There is a fee for that. Was not happy.,3,2024-11-25 15:33:17,0
Safe for travelling when needed,4,2024-11-25 15:32:36,0
Safe and timely satisfied service,5,2024-11-25 15:29:28,0
"I'm writing to report a concerning issue I've experienced with two recent Uber rides, including one today. Despite booking and paying for my rides through the app, the drivers demanded extra money. Today, I booked an Uber, and the driver called me to confirm the pickup. However, he also asked about the payment and, upon learning it wasn't what he expected, demanded extra money. When I refused, he refused to take me to my destination and asked me to cancel the ride.",1,2024-11-25 15:20:35,3
Very affordable other then apps. Thankyou Uber. Highly recommend guys..go for uber rides.,5,2024-11-25 15:18:42,0
king of last minute cancellations. Totally unreliable for any important events.,1,2024-11-25 15:09:48,0
Today I booked auto jakkasandra to Koramangala 7th block auto driver cancel ride without information to me than why uber asking cancel charges from me poor very very poor uber service,1,2024-11-25 15:04:17,0
Getting to where you want to is so easy with Uber.,5,2024-11-25 14:55:36,0
bad experience today....driver cancelled my trip as he was on the wrong location...had to take another vehicle to pick up my kid but got good support from uber...,4,2024-11-25 14:53:06,0
Helping people that help me of or on,5,2024-11-25 14:43:51,0
As a new customer very good experience. Thank you,5,2024-11-25 14:43:50,0
"Said 10 minutes to arrive until I confirmed, then increased it to 24 minutes. I cancelled and it gave me a sob story about the poor driver. Then it did it again.",2,2024-11-25 14:24:09,0
stop choosing drivers for me who take ages to come ffs,1,2024-11-25 14:01:29,0
"Very convenient, affordable way to get around 👍",5,2024-11-25 13:59:50,0
The most capable company on the planet,1,2024-11-25 13:45:56,0
Unable to change mobile phone number,3,2024-11-25 13:44:38,0
Very cheap and very good service it's very affordable ☺️,5,2024-11-25 13:25:15,0
I give him a 5 star ⭐,5,2024-11-25 13:21:03,0
"Good ,but AC not cooling .",5,2024-11-25 13:20:18,0
Very easy to ride with uber,5,2024-11-25 13:07:47,0
"I was told I had a cancelation fee and had to pay for the driver's time and effort before requesting another trip, but the app doesn't stipulate the time and date of this infraction. How am I supposed to know if it's legitimate without that corresponding information? I never cancel trips or have people wait on me.",2,2024-11-25 13:00:57,1
Uber driver is a thief he stole my belongings worth 700$,1,2024-11-25 12:58:17,0
Car is always late and never show up,1,2024-11-25 12:57:34,0
"Platform is good, but it takes too much time to book.",4,2024-11-25 12:39:50,0
"The trip was awesome 😎 and cool I loved the conversation skills and displine as well, I felt safe",5,2024-11-25 12:20:04,0
Very fast pick up and very afford,5,2024-11-25 12:12:18,0
"Good, pleasant journey.",5,2024-11-25 12:08:47,0
"Wherever I go, Uber is there!",5,2024-11-25 12:00:27,0
Quality cars. Clean cars. App matches the car.,5,2024-11-25 11:51:25,0
"Fabulous experience with uber, great deals safe rides😍",5,2024-11-25 11:51:25,0
Not a trusted app due to drivers ask extra money and they cancel,2,2024-11-25 11:44:28,0
"Love uber, it works in dominicsn republic too!",5,2024-11-25 11:44:14,0
You need to allow sharing to other apps like Facebook Messenger,3,2024-11-25 11:24:27,0
I don't need own car with Uber around.,5,2024-11-25 11:22:57,0
The driver was friendly and he talked about his experience with rude and silly passengers.,5,2024-11-25 11:17:43,0
"Man, this app is a mix of bad and good. For me",3,2024-11-25 11:05:27,0
Much better experience than Ola,5,2024-11-25 11:00:20,0
Still frustrated that drivers are allowed to accept a ride and then reject it meaning you can wait longer and the price goes up,1,2024-11-25 10:58:49,0
My driver was wonderful! He acomedated me. By taking a faster route so that I asked to please take since that I wouldn't get to my job late. 🙂 he was a total gentleman. Very polite. Thank you uber. 🙂,5,2024-11-25 10:47:59,0
Your drivers are the worst and they don't come to location and rude. I booked 5 rides and noone is coming. This is beyond unacceptable,1,2024-11-25 10:42:34,0
"Very helpful to new immigrants who don't have a means of transport. Very quick response and very well organised. safe drive, polite drivers, reliable...",5,2024-11-25 10:34:13,0
Shocking service. Waited inside the hospital at 3am after a family member had just passed away. Ride was accepted so I went out through the security doors to wait for the ride. Driver then cancelled the ride leaving me stuck outside in the rain with no taxi. If a driver accepts the ride they shouldn't be able to cancel it for another. Thank god there's still normal taxi companies to call and I was able to get home.,1,2024-11-25 10:32:07,0
"TWICE in a row my order was rejected - but not 5 min after order, but 5 min before planned delivery. Different restaurants. Not really nice for a hungry person waiting. If you don't want to be disappointed, avoid at all cost",1,2024-11-25 10:25:33,0
Service is getting worse by the month. This is a service I use daily. Quality of vechiles and drivers are getting worse and the pricing models fluctuate too wildly to be used reliably.,3,2024-11-25 10:15:52,1
"First time, I am feeling better with uber auto",4,2024-11-25 09:57:01,0
Thanks for making it so pain to CANCEL subscriptions,1,2024-11-25 09:54:51,0
I have been a regular customer of uber from last 8 years and for the first time I am being unhappy with the services.Its been more than 30 mins and no driver have been assigned to me.Although it's a office time.and I am facing it since 1 week.Kindly check and resolve.,1,2024-11-25 09:54:23,0
"Very professional, friendly and affordable. Of I wasnt a pensioner, I would have tipped much more.",5,2024-11-25 09:49:39,0
Service of uber is very god in comparison to others.,5,2024-11-25 09:39:32,0
Fair price having plesent ride..,5,2024-11-25 09:38:56,0
Great app. Could be a little better communicating with the driver for pickup,4,2024-11-25 09:38:53,0
Great to use in different countries especially to avoid handling cash. However the app regularly shows less than the actual fare by showing discounts that mysteriously disappear when I actually make the booking - and by the time you realise it's too late. This has happened to me several times now and really puts me off using the app as I can't rely on the quoted price being the price I will actually pay!!,2,2024-11-25 09:34:26,0
Bad experience The rider are doing cancel my ride again and again its too much I never will chose this app for Book a ride they took only higher amount ride only I am goona install this app right now.,2,2024-11-25 09:31:42,0
Vry excellent... Exact timing ... Much better than others ...,5,2024-11-25 09:26:41,0
"Uber is very reliable, and everything I need is in one app.",5,2024-11-25 09:13:02,0
"The last update ruined it everything ,it turned bull***t.",1,2024-11-25 09:12:14,0
Worst App driver pick the request and cancel the same after came to pick up. I have face this issue multiple times. We wait for almost more than 10 mins then driver cancel the ride.,1,2024-11-25 08:52:09,0
Perfect. Very friendly,5,2024-11-25 08:45:26,0
Experiencing delays for the past 5 days. I love your service ❤️❤️,4,2024-11-25 08:41:08,0
Great safe way to travel...,5,2024-11-25 08:35:54,0
Don't have a basic feature like switching destination and start point,1,2024-11-25 08:29:53,0
"I can't even log into my account anymore cuz a driver decided I'm a minor and blocked me, I have a full beard for the record",1,2024-11-25 08:14:37,0
This app is bad because once I book a trip driver cancelled my ride but they generate promo Rs 30 extra,1,2024-11-25 08:11:59,0
Excellent Service and customer support.,5,2024-11-25 08:09:16,0
Polite driver and friendly guy well maintained vehicle,5,2024-11-25 08:02:55,0
Uber Is Very Good But Some Drivers R Bad,5,2024-11-25 08:01:15,0
Very good Nise atitude,5,2024-11-25 08:00:52,0
"It kept saying promo could not be applied and never offered an explanation why, and no matter what I tried to do to fix it, I was never able to successfully place a delivery order.",1,2024-11-25 08:00:26,0
Drivers are very rude I booked the ride driver name govind was using another mobile bike cab app may be rapido was at another user pickup place I ask him he is not at pickup place he was very rude and say u can complaint about me and was not coming to pickup location it was complete harassment and got late at my office who is responsible for this I rate this to driver have rude and egoistic behaviour.,1,2024-11-25 07:59:40,0
This is the 2nd times I've had uber charge me twice. The first time it was 6$ for using ubrr package. Now im being charged 30$ 2 times for 1 ride and can't get ahold of anyone,1,2024-11-25 07:38:32,0
Very bad app full of bugs,1,2024-11-25 07:31:44,0
First experience... And it was excellent,5,2024-11-25 07:07:27,0
Nice service and such a great application for public.,5,2024-11-25 07:05:08,0
Why do I have to always log in everytime I open the app doesn't even have biometrics open settings...please fix this app,1,2024-11-25 06:59:47,0
"Uber has some issues that they are continually working on, but the product has steadily improved.",4,2024-11-25 06:50:23,0
Very good and fast service happy to use,5,2024-11-25 06:43:58,0
Good behaviour by driver,5,2024-11-25 06:39:43,0
My Uber experience was very Nice & relaxing & cheaper than any taxi cab,5,2024-11-25 06:28:21,0
Easy to access and use.,5,2024-11-25 06:19:47,0
It was nice trip driver is polite & all over good as reached on,5,2024-11-25 06:19:36,0
Robyn was the best pet Uber period.,5,2024-11-25 06:14:53,0
Drivers shouldn't be able to cancel trips they've already accepted without a penalty.,2,2024-11-25 06:11:46,0
"Doesn't work. No support. It used to work, and now it doesn't. Update, uninstall, reinstall, update payment method. Uber only communicates via message, and repeatedly ask for the same information already provided. I would have expected Uber to be able to afford to have support available to all.",1,2024-11-25 06:00:32,5
"Bad enough the drivers aren't vetted, but they also don't show up.",2,2024-11-25 05:43:14,0
An excellent way to get home and do shopping but I have to have to worry about the taxi cab!!!,5,2024-11-25 05:33:46,0
Worst application I've been waiting for the driver to pickup since 30mins and trying to book but whenever someone picks up they says we take night charges and on uber se don't take night pickup as they give us less amount Then why the hell you guys keep your application open at night when your driver's don't accepts the pickup and night idiots really disappointed and uninstall this app It's a suggestion not to download this application it will waste your time,1,2024-11-25 05:28:13,0
Some time high prices,4,2024-11-25 05:25:59,0
I've had it a few months and have used it quite often I have always had a nice driver who is responsible and kind and not got one thing to say wrong about it,5,2024-11-25 05:24:23,0
Great comfortable fast and easy,5,2024-11-25 05:21:43,0
My driver was AWESOME!!!,5,2024-11-25 05:18:54,0
I Was More Than 35m In One Location,3,2024-11-25 05:15:35,0
"Excellent use of a needed resource, just very hit and miss. Not reliable but the people are nice",3,2024-11-25 05:02:44,0
Great job. Fast and friendly!,5,2024-11-25 04:47:44,0
Love Uber! Our driver was Awesome!! Always a good experience! Highly recommend Uber!,5,2024-11-25 04:46:55,0
"Worst algorithm in some European cities. Why advertise a fare that no driver takes? At Geneva airport, I was waiting for a driver for an agreed fare of CHF 38. After 10 mins of waiting to match me with a driver, I get a request to accept the fare at CHF 98?? Are you mad?",1,2024-11-25 04:32:41,0
"My driver was friendly, knowledgeable about the area, and was a good driver. I enjoyed my ride!",5,2024-11-25 04:10:09,0
"I used this for at least 2 years, some of the features are disappointing. i want to text my driver ahead of time to let them know I might have a lot of stuff to bring in the car for my trip.",3,2024-11-25 04:04:57,0
"Useless, can't count how many times I've tried to use it and not have anyone commit to a pick up",1,2024-11-25 03:42:47,0
Sumon was kind and engaging when we asked about the area,5,2024-11-25 03:26:12,0
Lately it is telling me the driver is on the way when I'm already in the car. And it does this multiple times per trip. Very annoying. And at first it was concerning too! I just updated it and it's still doing that.,2,2024-11-25 03:24:25,0
I am not sure what has taken place the past months but I hope to see a class action lawsuit for the misleading times that come up for how far the driver is away. Not accurate and the you select what you are assuming is how ever far away the driver is and then you go to finding driver and infant there are no drivers that times distance away. This had been happening consistently for.the pat few months then it says will connect to a driver by another time after. What was 4 min was 25 to wait lie,1,2024-11-25 03:23:19,0
Hi I have been trying to contact Uber help line but can't find it I was basically robbed by one of its drivers could someone please help me.,1,2024-11-25 03:13:05,0
Uber specially gets cancelled by the drivers also they send messages or asks extra money also the location shared they ask the details or they keeps you waiting for hours so that they can get extra money very pathetic experience 😒 but some drivers are really good .,1,2024-11-25 02:41:52,0
Prices are usually reasonable. Wait times are kinda long. Overall a good app.,4,2024-11-25 02:37:29,0
Standards are maintained,5,2024-11-25 02:25:48,0
"Our driver was excellent, friendly and made us very welcome in Berlin. Highly recommend this gentleman!",5,2024-11-25 02:25:17,0
Friendly and polite first time with uber,5,2024-11-25 02:24:18,0
Uber is very reliable and trustworthy,5,2024-11-25 02:17:23,0
Safe and well organized even a little bit more expensive than other apos,5,2024-11-25 01:51:39,0
First Trip. Friendly driver. Lovely car. Would use again. Efficient.,5,2024-11-25 01:48:05,0
One of the Best Apps Out there for a Quick ride,5,2024-11-25 01:46:57,0
Uber continues to be a better choice than commercial Taxis. And I know what the fare will be before booking the ride.,5,2024-11-25 01:43:23,0
My driver was exceptional!,5,2024-11-25 01:23:34,0
Customer service is horrible. You gotta do everything thru chat that takes forever and they don't understand what you are talking about.,1,2024-11-25 01:21:27,0
Always great experience,5,2024-11-25 01:19:49,0
"Secure smooth ride with decent driver, only the pickup location was not accurate.",4,2024-11-25 01:13:11,0
"The app keeps taking more money than what is on the app. Not only that my driver was racist, rude amd discriminatory. I paid almost 100 dollars for trip and they only gave me 7 dollar as compensation. Useless service.",1,2024-11-25 01:11:51,0
It works. It's Uber. You can get a ride real fast and stuff.,5,2024-11-25 01:08:13,0
"Great experience... Driver was very HELPFUL!!! 😁 Even though you only have 5 stars, I would give Jeremy a 10!!!🎉👍🏾🎉",5,2024-11-25 00:59:31,0
Always prompt and very professional service,5,2024-11-25 00:49:22,0
Great request prices but the app is terribly slow,3,2024-11-25 00:44:58,0
No customer service.i completed trip before 2hour they showing trip not completed,1,2024-11-25 00:43:19,0
Always arrive in a matter of minute's vgreat drivers would not use anyone else only uber,5,2024-11-25 00:38:03,0
"My first time, it was peaceful ride 😌",5,2024-11-25 00:32:19,0
Very helpful and their service was fast🙂,5,2024-11-25 00:20:06,0
Wrost app in the earth Scammer,1,2024-11-25 00:07:39,0
Most of the times I get the ride but sometimes specially at morning it is difficult to get and in evening also,3,2024-11-24 23:52:39,0
Ride was supposed to cost $30.00 but charged me $58 and change.,2,2024-11-24 23:49:35,0
Nice driving and nice car cleaning,5,2024-11-24 23:48:10,0
Spammy advertising notifications,2,2024-11-24 23:44:06,0
User friendly and convenient!,5,2024-11-24 23:39:04,0
"Worst application ever, not able to add cards for payment also, no feature to add upi. Pathetic !!!!!",1,2024-11-24 23:32:55,1
Recently I took an Uber and I accepted one fee that I could afford just to find out later that they had over chargede by $7.50 and when trying to reach them to talk about it they insisted on saying that I had agreed to the fictious price when I know without a doubt that I had not agreed and they refused to reimburse the extra fees that they had added they are getting away with robbery !!!!!!,1,2024-11-24 23:25:31,0
"Worst app I ever saw,i downloaded this app today for 1st time and I ordered a cab of 6 members. At first the driver didn't took call and later the cab was cancelled which was not done by me, the driver did it. Then I try to order a new cab But uber is asking me 80 rs becoz I wasted the time and energy of the cab driver 🤣. Really satisfied by the driver and app 🤣🤣. Highly recommended app.",1,2024-11-24 23:24:18,1
Great and safe trip..had chats with the driver .I enjoyed the ride . thank you,5,2024-11-24 23:22:46,0
Useful in a pinch but I hate using it. I think they lie to their drivers about the percentage take. Also didn't know this but about 60% of all riders tip ZERO. Unions are needed bad to get some driver's rights in this bish if it's here to stay,1,2024-11-24 23:18:47,0
Olga is very nice and very friendly.,5,2024-11-24 23:09:13,0
Affordable Ride Need improvement in Pick Up Location accuracy,4,2024-11-24 23:08:43,0
Thank you very much 👍,5,2024-11-24 22:54:12,0
Nice app with nice riders,5,2024-11-24 22:40:09,0
"Best experience ever , very understanding and polite ,friendly I enjoyed the long ride",5,2024-11-24 22:33:54,0
Exceptional service 👏 👌,5,2024-11-24 22:31:31,0
It was a nice ride and a good driver,5,2024-11-24 22:26:37,0
Most poor service yours company and I don't like that type of service. Plz devloped your services.,1,2024-11-24 22:25:13,0
"This company uses unethical methods of having you pay more than you think you are paying. They use the ""a foot in the door"" method by listing cheap options, cancelling the option you've already paid for, then giving you more expensive options. Uber has a terrible customer service, and it is almost impossible to find information. For Uber Car Kind You Uber",1,2024-11-24 22:19:09,7
"Proffessional, sharp in time, caring for their clients, safe driving!",5,2024-11-24 22:06:36,0
Can't book uber shuttle no matter which payment gateway i use.,1,2024-11-24 22:04:12,0
Worst experience after 10pm in Hyde cityno auto is taking ride,5,2024-11-24 21:56:10,0
"Very bad experience with this app, booked a short ride for 50rs but unwanted and unnamed fair is added without information and also location problem is there. Worst application.",1,2024-11-24 21:44:44,0
